SMILES,Class,canonical_smiles,historical_Class
C#C[C@]1(O)CCC(CC1)N1CC(C1)NC(=O)CNc1nn(c2c1cc(cc2)C(F)(F)F)C,1,C#CC1(O)CCC(N2CC(NC(=O)CNc3nn(C)c4ccc(C(F)(F)F)cc34)C2)CC1,0
C#CCN(C(=O)[C@]1(C[C@H]1CN)c1cccs1)CC#C,1,C#CCN(CC#C)C(=O)[C@@]1(c2cccs2)C[C@H]1CN,0
[H]C#Cc5cc(c3n[nH]c4c2ccc(CN1CCN(C)CC1)cc2Cc34)cs5,0,C#Cc1cc(-c2n[nH]c3c2Cc2cc(CN4CCN(C)CC4)ccc2-3)cs1,1
C#Cc1ccc(cc1)COC(=O)N1CCC(CC1)CNc1ncccn1,0,C#Cc1ccc(COC(=O)N2CCC(CNc3ncccn3)CC2)cc1,1
C#Cc1cnc(cc1NC[C@@H]1CNCCO1)Nc1cnc(cn1)C#N,0,C#Cc1cnc(Nc2cnc(C#N)cn2)cc1NC[C@@H]1CNCCO1,1
C(#Cc5cc(c3n[nH]c4c2ccc(Cn1cncn1)cc2Cc34)cs5)COc6ccccc6,0,C(#Cc1cc(-c2n[nH]c3c2Cc2cc(Cn4cncn4)ccc2-3)cs1)COc1ccccc1,1
C1[C@@H](C)N(C)C(\C1(c1ccccc1)c1ccccc1)=C\C,1,C/C=C1/N(C)[C@H](C)CC1(c1ccccc1)c1ccccc1,0
C/C=C/1\N(C)C(CC1(c1ccccc1)c1ccccc1)C,1,C/C=C1\N(C)C(C)CC1(c1ccccc1)c1ccccc1,0
c1ccc(cn1)c1noc(n1)C1=CC2(c3c1cccc3)CCN(CC2)CC1CCCO1,0,C1=C(c2nc(-c3cccnc3)no2)c2ccccc2C12CCN(CC1CCCO1)CC2,1
CC(=O)O[C@H]1C[C@@]2(C)CN3C4C5(C1)[C@@H]2C3CC12C5[C@H](O)[C@H](C([C@]41O)OC(=O)C)C(=C)C2,1,C=C1CC23CC4[C@H]5C67C[C@@H](OC(C)=O)C[C@@]5(C)CN4C6[C@@]2(O)C(OC(C)=O)[C@H]1[C@@H](O)C73,0
CC(=O)O[C@H]1C[C@@]2(C)CN3C4C5(C1)[C@@H]2C3CC12C5[C@H](OC(=O)C)[C@H](C([C@]41O)OC(=O)C)C(=C)C2,1,C=C1CC23CC4[C@H]5C67C[C@@H](OC(C)=O)C[C@@]5(C)CN4C6[C@@]2(O)C(OC(C)=O)[C@H]1[C@@H](OC(C)=O)C73,0
C=C6COc5cc4CCN(CCCSc3nnc(c1cccc2nc(C)ccc12)n3C)CCc4cc5N6,0,C=C1COc2cc3c(cc2N1)CCN(CCCSc1nnc(-c2cccc4nc(C)ccc24)n1C)CC3,1
C=C6COc5cc4CCN(CCCSc3nnc(c1cccc2nc(C)ccc12)n3C)CCc4cc5N6C(C)=O,0,C=C1COc2cc3c(cc2N1C(C)=O)CCN(CCCSc1nnc(-c2cccc4nc(C)ccc24)n1C)CC3,1
C=C6COc5cc4CCN(CCCSc3nnc(c1cccc2nc(C)ccc12)n3C)CCc4cc5N6CS(=O)=O,0,C=C1COc2cc3c(cc2N1C[SH](=O)=O)CCN(CCCSc1nnc(-c2cccc4nc(C)ccc24)n1C)CC3,1
OCCOc1ccc2c(c1)c(ccn2)[C@@H]([C@H]1CC2CCN1CC2C=C)O,1,C=CC1CN2CCC1C[C@@H]2[C@@H](O)c1ccnc2ccc(OCCO)cc12,0
C=CCN(C(=O)[C@]1(C[C@H]1CN)c1cccs1)CC,1,C=CCN(CC)C(=O)[C@@]1(c2cccs2)C[C@H]1CN,0
C=CCN(C(=O)[C@]1(C[C@H]1CN)c1cccs1)CC=C,1,C=CCN(CC=C)C(=O)[C@@]1(c2cccs2)C[C@H]1CN,0
C=CCN(C(=O)[C@]1(C[C@H]1CN)c1cccs1)Cc1nccs1,1,C=CCN(Cc1nccs1)C(=O)[C@@]1(c2cccs2)C[C@H]1CN,0
C=CCN1CC2C(C1)(C2)c1ccc(cc1)NS(=O)(=O)c1ccc(cc1)C(C)C,0,C=CCN1CC2CC2(c2ccc(NS(=O)(=O)c3ccc(C(C)C)cc3)cc2)C1,1
C=CCOC1CCC(CC1)N1CC(C1)NC(=O)CNc1nn(c2c1cc(cc2)C(F)(F)F)C,0,C=CCOC1CCC(N2CC(NC(=O)CNc3nn(C)c4ccc(C(F)(F)F)cc34)C2)CC1,1
C=CCOCC1CCC(CC1)N1CC(C1)NC(=O)CNc1nn(c2c1cc(cc2)C(F)(F)F)C,0,C=CCOCC1CCC(N2CC(NC(=O)CNc3nn(C)c4ccc(C(F)(F)F)cc34)C2)CC1,1
C=CCOc1cc(F)c(cc1C1CC1CN)F,0,C=CCOc1cc(F)c(F)cc1C1CC1CN,1
CCOC(=O)C1CCC(CC1)N1CC(C1)NC(=O)CNc1nn(c2c1cc(cc2)C(F)(F)F)CC=C,0,C=CCn1nc(NCC(=O)NC2CN(C3CCC(C(=O)OCC)CC3)C2)c2cc(C(F)(F)F)ccc21,1
COc1ccc2c(n1)c(CC[C@]13CC[C@](CC1)(CO3)NCc1nc3NC(=O)COc3c(c1C=C)C)c(cn2)F,0,C=Cc1c(CN[C@]23CC[C@](CCc4c(F)cnc5ccc(OC)nc45)(CC2)OC3)nc2c(c1C)OCC(=O)N2,1
CC#CCn1c(N2CCCC(C2)N)c(c2c1c(=O)n(Cc1nc(C)c3c(n1)cccc3)c(=O)n2C)C#N,1,CC#CCn1c(N2CCCC(N)C2)c(C#N)c2c1c(=O)n(Cc1nc(C)c3ccccc3n1)c(=O)n2C,0
CC#CCn1c(N2CCCC(C2)N)c(c2c1c(=O)n(Cc1nccc3c1cccc3)c(=O)n2C)C#N,1,CC#CCn1c(N2CCCC(N)C2)c(C#N)c2c1c(=O)n(Cc1nccc3ccccc13)c(=O)n2C,0
CC#Cc1cncc(c1)c1cc(ccc1O)C1(N=C(C(=N1)C)N)C1CC1,1,CC#Cc1cncc(-c2cc(C3(C4CC4)N=C(C)C(N)=N3)ccc2O)c1,0
CC#Cc1cncc(c1)c1cccc(c1)C1(N=C(C(=N1)C)N)C1CC1,1,CC#Cc1cncc(-c2cccc(C3(C4CC4)N=C(C)C(N)=N3)c2)c1,0
CC#Cc1cncc(c1)c1cccc(c1)C1(N=C(c2c1cc(F)cc2F)N)c1cc(C)c(=O)n(c1)CC,0,CC#Cc1cncc(-c2cccc(C3(c4cc(C)c(=O)n(CC)c4)N=C(N)c4c(F)cc(F)cc43)c2)c1,1
CC#Cc1cncc(c1)c1cccc(c1)C1(N=C(c2c1cccc2F)N)c1cc(C)c(=O)n(c1)CC,0,CC#Cc1cncc(-c2cccc(C3(c4cc(C)c(=O)n(CC)c4)N=C(N)c4c(F)cccc43)c2)c1,1
CC#Cc1cncc(c1)c1cccc(c1)C1(N=C(C(=N1)C)N)c1cc(C)c(c(c1)C)OC,1,CC#Cc1cncc(-c2cccc(C3(c4cc(C)c(OC)c(C)c4)N=C(C)C(N)=N3)c2)c1,0
CC(=C(F)C(=O)N(CC(=O)O)c2ccc(c1ccccc1S(N)(=O)=O)cc2)c3ccc(C(=N)N)cc3,1,CC(=C(F)C(=O)N(CC(=O)O)c1ccc(-c2ccccc2S(N)(=O)=O)cc1)c1ccc(C(=N)N)cc1,0
OC(=O)CN(C(=O)C(=C(c1cccc(c1)C(=N)N)C)F)c1ccc(cc1)c1ccccc1S(=O)(=O)N,1,CC(=C(F)C(=O)N(CC(=O)O)c1ccc(-c2ccccc2S(N)(=O)=O)cc1)c1cccc(C(=N)N)c1,0
CC(=C(F)C(=O)Nc2ccc(c1ccccc1S(N)(=O)=O)cc2)c3ccc(C(=N)N)cc3,0,CC(=C(F)C(=O)Nc1ccc(-c2ccccc2S(N)(=O)=O)cc1)c1ccc(C(=N)N)cc1,1
CC(=O)C3=NN2c1cc(Cl)ccc1OC[C@H]2[C@@]3(CCCN4CCOCC4)c5ccccc5,0,CC(=O)C1=NN2c3cc(Cl)ccc3OC[C@H]2[C@@]1(CCCN1CCOCC1)c1ccccc1,1
O=C1NCCN(CC1)CCCC1(c2ccccc2)C(=NN2C1COc1c2cc(cc1)F)C(=O)C,1,CC(=O)C1=NN2c3cc(F)ccc3OCC2C1(CCCN1CCNC(=O)CC1)c1ccccc1,0
OCCCC1(c2ccccc2)C(=NN2C1COc1c2cc(cc1)F)C(=O)C,1,CC(=O)C1=NN2c3cc(F)ccc3OCC2C1(CCCO)c1ccccc1,0
CC(=O)C3=NN2c1cc(F)ccc1OC[C@H]2[C@@]3(CCCO)c4ccccc4,1,CC(=O)C1=NN2c3cc(F)ccc3OC[C@H]2[C@@]1(CCCO)c1ccccc1,0
FC1CCN(C1)C(=O)C(C(C(=O)N(C)C)C1CCC(CC1)N(C(=O)C)C)N,1,CC(=O)N(C)C1CCC(C(C(=O)N(C)C)C(N)C(=O)N2CCC(F)C2)CC1,0
FC1CCN(C1)C(=O)C(C(C1CCC(CC1)N(C(=O)C)C)C)N,1,CC(=O)N(C)C1CCC(C(C)C(N)C(=O)N2CCC(F)C2)CC1,0
[H][N+]([H])([H])[C@H](C(=O)N1CC[C@H](F)C1)[C@@H](C(=O)N(C)C)C2CCC(N(C)C(C)=O)CC2,1,CC(=O)N(C)C1CCC([C@H](C(=O)N(C)C)[C@H]([NH3+])C(=O)N2CC[C@H](F)C2)CC1,0
[H][N+]([H])([H])[C@H](C(=O)N1CC[C@H](F)C1)[C@@H](C)C2CCC(N(C)C(C)=O)CC2,1,CC(=O)N(C)C1CCC([C@H](C)[C@H]([NH3+])C(=O)N2CC[C@H](F)C2)CC1,0
CC(=O)N(CCc1ccc(cc1)NS(=O)(=O)C)CCOc1ccc(cc1)NS(=O)(=O)C,0,CC(=O)N(CCOc1ccc(NS(C)(=O)=O)cc1)CCc1ccc(NS(C)(=O)=O)cc1,1
CC(=O)N1CCC(CC1)C1NC(Cc2c1[nH]c1c2cccc1)c1[nH]cc(n1)c1ccccc1,0,CC(=O)N1CCC(C2NC(c3nc(-c4ccccc4)c[nH]3)Cc3c2[nH]c2ccccc32)CC1,1
CC(=O)N1CCC(CC1)n1ncc(c1)c1cnc(c(c1)c1nc2c(o1)cccc2)N,1,CC(=O)N1CCC(n2cc(-c3cnc(N)c(-c4nc5ccccc5o4)c3)cn2)CC1,0
NCc1c(C)nc2c(c1c1ccc(cc1Cl)Cl)CN(C2=O)CC(=O)N1CCN(CC1)C(=O)C,1,CC(=O)N1CCN(C(=O)CN2Cc3c(nc(C)c(CN)c3-c3ccc(Cl)cc3Cl)C2=O)CC1,0
CC(=O)N5CCN(Cc4ccc3CC([N@]2CCN(CCc1ccc(F)cc1)CC2=O)CCc3c4)CC5,1,CC(=O)N1CCN(Cc2ccc3c(c2)CCC(N2CCN(CCc4ccc(F)cc4)CC2=O)C3)CC1,0
Fc1ccc(cc1)c1ccc(cc1)C(=O)N([C@H]1CCc2c(C1)ccc(c2)CN1CCN(CC1)C(=O)C)C,1,CC(=O)N1CCN(Cc2ccc3c(c2)CC[C@H](N(C)C(=O)c2ccc(-c4ccc(F)cc4)cc2)C3)CC1,0
CC(=O)N1CCN(CC1)Cc1ccnc(c1)Nc1ncc(s1)c1ccccc1,0,CC(=O)N1CCN(Cc2ccnc(Nc3ncc(-c4ccccc4)s3)c2)CC1,1
CC(=O)N3CCN(Cc2ccnc(Nc1ncc(C#N)s1)c2)CC3,1,CC(=O)N1CCN(Cc2ccnc(Nc3ncc(C#N)s3)c2)CC1,0
N#Cc1cnc(s1)Nc1ncnc(c1)N1CCN(CC1)C(=O)C,0,CC(=O)N1CCN(c2cc(Nc3ncc(C#N)s3)ncn2)CC1,1
[H][C@@]3(COc1ccc(cc1)N2CCN(CC2)C(C)=O)CO[C@@](Cn4ccnc4)(O3)c5ccc(Cl)cc5Cl,0,CC(=O)N1CCN(c2ccc(OC[C@@H]3CO[C@](Cn4ccnc4)(c4ccc(Cl)cc4Cl)O3)cc2)CC1,1
CC(=O)N1CCc2c(C1)sc(n2)c1ccc(cc1)OC1CC(C1)N1CCCCC1,1,CC(=O)N1CCc2nc(-c3ccc(OC4CC(N5CCCCC5)C4)cc3)sc2C1,0
CC(=O)N1Cc2ccccc2CC1CN1CCC2(CC1)CCc1c2cccc1,0,CC(=O)N1Cc2ccccc2CC1CN1CCC2(CCc3ccccc32)CC1,1
Oc1cccc(c1)C1CC(=NN1C(=O)C)c1cc(F)ccc1F,1,CC(=O)N1N=C(c2cc(F)ccc2F)CC1c1cccc(O)c1,0
CC(=O)NC(c1cccc(c1)F)CCN1C2CCC1CC(C2)n1c(C)nc2c1CCN(C2)C(=O)C(C)(C)C,0,CC(=O)NC(CCN1C2CCC1CC(n1c(C)nc3c1CCN(C(=O)C(C)(C)C)C3)C2)c1cccc(F)c1,1
CC(=O)NC(c1cccc(c1)F)CCN1C2CCC1CC(C2)n1c(C)nc2c1CCN(C2)C(=O)C(C)C,1,CC(=O)NC(CCN1C2CCC1CC(n1c(C)nc3c1CCN(C(=O)C(C)C)C3)C2)c1cccc(F)c1,0
CC(=O)NC(c1cccc(c1)F)CCN1C2CCC1CC(C2)n1c(C)nc2c1CCN(C2)C(=O)C,0,CC(=O)NC(CCN1C2CCC1CC(n1c(C)nc3c1CCN(C(C)=O)C3)C2)c1cccc(F)c1,1
CC(=O)NC1CC(C)(C)Oc2c1cc(c1ccc(cc1)Cl)c(n2)c1ccc(cc1Cl)Cl,0,CC(=O)NC1CC(C)(C)Oc2nc(-c3ccc(Cl)cc3Cl)c(-c3ccc(Cl)cc3)cc21,1
FC1CCN(C1)C(=O)C(C(C1CCC(CC1)NC(=O)C)C)N,1,CC(=O)NC1CCC(C(C)C(N)C(=O)N2CCC(F)C2)CC1,0
CC(=O)NCC(c1ccc(cc1)Cl)NC(=O)C1(N)CCCN(C1)c1ncnc2c1cc[nH]2,1,CC(=O)NCC(NC(=O)C1(N)CCCN(c2ncnc3[nH]ccc23)C1)c1ccc(Cl)cc1,0
CC(=O)NCCc1cc(CN(C(=O)C2CNCCC2c2ccn(c(=O)c2)C)C2CC2)c(c(c1)Cl)Cl,1,CC(=O)NCCc1cc(Cl)c(Cl)c(CN(C(=O)C2CNCCC2c2ccn(C)c(=O)c2)C2CC2)c1,0
CC(=O)NCCc1ccccc1c1ccc(c(c1)C)[C@H]1CNCC[C@@]1(O)c1ccc(c(c1)F)F,0,CC(=O)NCCc1ccccc1-c1ccc([C@H]2CNCC[C@@]2(O)c2ccc(F)c(F)c2)c(C)c1,1
CC(=O)NCCc1ccccc1c1ccc(c(c1)Cl)[C@H]1CNCC[C@H]1c1ccn(c(=O)c1)C,0,CC(=O)NCCc1ccccc1-c1ccc([C@H]2CNCC[C@H]2c2ccn(C)c(=O)c2)c(Cl)c1,1
CC(=O)NCCc1ccccc1c1onc(c1Br)[C@H]1CNCCC1c1ccc(c(c1)F)F,1,CC(=O)NCCc1ccccc1-c1onc([C@H]2CNCCC2c2ccc(F)c(F)c2)c1Br,0
N#Cc1ccc(cn1)c1ccc2c(c1)OC[C@H]1N2C(=O)O[C@H]1CNC(=O)C,0,CC(=O)NC[C@@H]1OC(=O)N2c3ccc(-c4ccc(C#N)nc4)cc3OC[C@H]12,1
[H][C@]2(NC(C)=O)CC[C@]([H])([C@H](C)[C@H](N)C(=O)N1CC[C@H](F)C1)CC2,1,CC(=O)N[C@H]1CC[C@H]([C@H](C)[C@H](N)C(=O)N2CC[C@H](F)C2)CC1,0
c1cccc(c12)c(ns2)N(CC3)CCN3CCc(c4)ccc(c45)[C@H](CC5)NC(=O)C,0,CC(=O)N[C@H]1CCc2cc(CCN3CCN(c4nsc5ccccc45)CC3)ccc21,1
c1cccc(c12)snc2N(CC3)CCN3CCc(c4)ccc(c45)CC[C@@H]5NC(=O)C,0,CC(=O)N[C@H]1CCc2ccc(CCN3CCN(c4nsc5ccccc45)CC3)cc21,1
CC(=O)Nc1ccc(cc1)C(=O)Nc1cc(ccc1N)c1cccs1,1,CC(=O)Nc1ccc(C(=O)Nc2cc(-c3cccs3)ccc2N)cc1,0
CC(=O)Nc1ccc(cc1)CN1CCC(CC1)NC(=O)C1=CC(=O)c2c(C1)cc(cc2)F,1,CC(=O)Nc1ccc(CN2CCC(NC(=O)C3=CC(=O)c4ccc(F)cc4C3)CC2)cc1,0
CC(=O)Nc1ccc(cc1)O,1,CC(=O)Nc1ccc(O)cc1,0
CC(=O)Nc1ccc2c(c1)CCC2N1CCC(CC1)NC(=O)c1cc(=O)c2c(o1)cc(cc2)F,1,CC(=O)Nc1ccc2c(c1)CCC2N1CCC(NC(=O)c2cc(=O)c3ccc(F)cc3o2)CC1,0
CC(=O)Nc1ccc2c(c1)c1cccc3c1c([n+]2C)c1ccccc1n3C,1,CC(=O)Nc1ccc2c(c1)c1cccc3c1c([n+]2C)-c1ccccc1N3C,0
CC(=O)Nc1ccc2c(c1)[n+](C)c1c3c2cccc3n(c2c1cccc2)C,0,CC(=O)Nc1ccc2c3cccc4c3c([n+](C)c2c1)-c1ccccc1N4C,1
CC(=O)Nc1ccc2c(c1)[nH]c(n2)Cc1ccc(cc1)Oc1ccccc1,0,CC(=O)Nc1ccc2nc(Cc3ccc(Oc4ccccc4)cc3)[nH]c2c1,1
O=C(CN(c1ccccc1OCCOc1ccccc1N(CC(=O)OCOC(=O)C)CC(=O)OCOC(=O)C)CC(=O)OCOC(=O)C)OCOC(=O)C,0,CC(=O)OCOC(=O)CN(CC(=O)OCOC(C)=O)c1ccccc1OCCOc1ccccc1N(CC(=O)OCOC(C)=O)CC(=O)OCOC(C)=O,1
CC(=O)ONc4ccc(CN3CCC(NC(=O)c2cc(=O)c1ccc(F)cc1o2)CC3)cc4,1,CC(=O)ONc1ccc(CN2CCC(NC(=O)c3cc(=O)c4ccc(F)cc4o3)CC2)cc1,0
CC(=O)O[C@H]1C=C[C@@H]2[C@@]34[C@H]1Oc1c4c(C[C@H]2N(CC3)C)ccc1OC(=O)C,1,CC(=O)Oc1ccc2c3c1O[C@H]1[C@@H](OC(C)=O)C=C[C@H]4[C@@H](C2)N(C)CC[C@@]341,0
c1(c(cccc1)OC(C)=O)C(O)=O,1,CC(=O)Oc1ccccc1C(=O)O,0
CC(=O)SC1CC2=CC(=O)CCC2(C)C3CCC4(C)C(CCC54CCC(=O)O5)C13,1,CC(=O)SC1CC2=CC(=O)CCC2(C)C2CCC3(C)C(CCC34CCC(=O)O4)C12,0
CC(=O)S[C@@H]1CC2=CC(=O)CC[C@@]2([C@@H]2[C@@H]1[C@@H]1CC[C@]3([C@]1(CC2)C)CCC(=O)O3)C,1,CC(=O)S[C@@H]1CC2=CC(=O)CC[C@]2(C)[C@H]2CC[C@@]3(C)[C@@H](CC[C@@]34CCC(=O)O4)[C@H]12,0
Fc1ccc2c(c1)CC(=CC2=O)C(=O)NC1CCN(CC1)Cc1ccc(cc1)C(=O)C,1,CC(=O)c1ccc(CN2CCC(NC(=O)C3=CC(=O)c4ccc(F)cc4C3)CC2)cc1,0
CC(=O)c1cccc(c1)c1ccc(cc1)[C@H]1COC[C@@H]1NS(=O)(=O)C(C)C,1,CC(=O)c1cccc(-c2ccc([C@H]3COC[C@@H]3NS(=O)(=O)C(C)C)cc2)c1,0
CC(c1cc(cc(c1)C(F)(F)F)C(F)(F)F)C(=O)N[C@@]1(CCC(CC1)N1CCC(CC1)O)c1ccccc1,0,CC(C(=O)NC1(c2ccccc2)CCC(N2CCC(O)CC2)CC1)c1cc(C(F)(F)F)cc(C(F)(F)F)c1,1
O=C(C(c1cc(cc(c1)C(F)(F)F)C(F)(F)F)C)N[C@@]1(CCC(CC1)N1CCCCC1)c1ccccc1,0,CC(C(=O)NC1(c2ccccc2)CCC(N2CCCCC2)CC1)c1cc(C(F)(F)F)cc(C(F)(F)F)c1,1
ONC(=O)C(c1ccc(cc1)OS(=O)(=O)C(F)(F)F)C,1,CC(C(=O)NO)c1ccc(OS(=O)(=O)C(F)(F)F)cc1,0
CC(c1ccc(cc1)OS(=O)(=O)C(F)(F)F)C(=O)NS(=O)(=O)C,1,CC(C(=O)NS(C)(=O)=O)c1ccc(OS(=O)(=O)C(F)(F)F)cc1,0
CC(C(=O)N[C@]4(c1ccccc1)CC[C@@H](N2CCC3(CC2)CCC(C)(C)O3)CC4)c5cc(C(F)(F)F)cc(C(F)(F)F)c5,0,CC(C(=O)N[C@]1(c2ccccc2)CC[C@@H](N2CCC3(CC2)CCC(C)(C)O3)CC1)c1cc(C(F)(F)F)cc(C(F)(F)F)c1,1
CC(C(=O)N[C@@]4(c1ccccc1)CC[C@H](N3CCC2(CCCO2)CC3)CC4)c5cc(C(F)(F)F)cc(C(F)(F)F)c5,0,CC(C(=O)N[C@]1(c2ccccc2)CC[C@@H](N2CCC3(CCCO3)CC2)CC1)c1cc(C(F)(F)F)cc(C(F)(F)F)c1,1
CC(C(=O)N[C@]4(c1ccccc1)CC[C@@H](N3CCC2(CCOC2(C)C)CC3)CC4)c5cc(C(F)(F)F)cc(C(F)(F)F)c5,0,CC(C(=O)N[C@]1(c2ccccc2)CC[C@@H](N2CCC3(CCOC3(C)C)CC2)CC1)c1cc(C(F)(F)F)cc(C(F)(F)F)c1,1
CC(c1ccc(cc1)OS(=O)(=O)C(F)(F)F)C(=O)O,1,CC(C(=O)O)c1ccc(OS(=O)(=O)C(F)(F)F)cc1,0
N#CC1(CC1)NC(=O)[C@@H]1CCCC[C@H]1C(=O)N1CCN(CC1)c1ncc(s1)C(C#N)(C)C,1,CC(C)(C#N)c1cnc(N2CCN(C(=O)[C@@H]3CCCC[C@H]3C(=O)NC3(C#N)CC3)CC2)s1,0
O=C(O)C(C)(C)c1ccc(cc1)[C@@H](O)CCCN(CC2)CCC2C(O)(c3ccccc3)c4ccccc4,1,CC(C)(C(=O)O)c1ccc([C@@H](O)CCCN2CCC(C(O)(c3ccccc3)c3ccccc3)CC2)cc1,0
c1ccccc1C(O)(c2ccccc2)C3CCN(CC3)CCC[C@@H](O)c(cc4)ccc4C(C)(C)C(=O)O,1,CC(C)(C(=O)O)c1ccc([C@H](O)CCCN2CCC(C(O)(c3ccccc3)c3ccccc3)CC2)cc1,0
ONC(=O)C=Cc1ccc2c(c1)CN(C2)C(=O)C(C)(C)C,1,CC(C)(C)C(=O)N1Cc2ccc(C=CC(=O)NO)cc2C1,0
Nc1ccc(nc1)C(=O)N1CCC2(CC1)CCN(CC2)Cc1cccc2c1OC(O2)(C)C(C)(C)C,1,CC(C)(C)C1(C)Oc2cccc(CN3CCC4(CC3)CCN(C(=O)c3ccc(N)cn3)CC4)c2O1,0
FC1CN(CCC1CNC(=O)c1cc(Cl)cc(c1)Cl)CCC(C)(C)C,0,CC(C)(C)CCN1CCC(CNC(=O)c2cc(Cl)cc(Cl)c2)C(F)C1,1
O=C(c1cccc(c1Cl)Cl)N(C1CNCC1)CC(C)(C)C,1,CC(C)(C)CN(C(=O)c1cccc(Cl)c1Cl)C1CCNC1,0
Clc1cccc(c1N1C(=O)NCc2c1nc(NCC(C)(C)C)nc2c1ccccc1Cl)Cl,0,CC(C)(C)CNc1nc(-c2ccccc2Cl)c2c(n1)N(c1c(Cl)cccc1Cl)C(=O)NC2,1
N#Cc1nc(NCC(C)(C)C)c(c(n1)N1CCOCC1)N,1,CC(C)(C)CNc1nc(C#N)nc(N2CCOCC2)c1N,0
Fc1ccc(nc1)c1ccc(cc1)CC(c1ncc([nH]1)CC(C)(C)C)(O)C,0,CC(C)(C)Cc1cnc(C(C)(O)Cc2ccc(-c3ccc(F)cn3)cc2)[nH]1,1
Fc1ccc(nc1)c1ccc(cc1)C(Cc1ncc([nH]1)CC(C)(C)C)(O)C,0,CC(C)(C)Cc1cnc(CC(C)(O)c2ccc(-c3ccc(F)cn3)cc2)[nH]1,1
O=C(N[C@@H]1CN(C1)[C@@H]1CC[C@H](CC1)c1ccc2c(c1)OCO2)CNc1nn(c2c1cc(cc2)C(F)(F)F)C(=O)NC(C)(C)C,0,CC(C)(C)NC(=O)n1nc(NCC(=O)NC2CN([C@H]3CC[C@H](c4ccc5c(c4)OCO5)CC3)C2)c2cc(C(F)(F)F)ccc21,1
N#Cc1ccc(cc1)OC[C@H](CN1CC2CC(C1)CN(C2)C(=O)OC(C)(C)C)O,0,CC(C)(C)OC(=O)N1CC2CC(CN(C[C@H](O)COc3ccc(C#N)cc3)C2)C1,1
ONC(=O)C=Cc1ccc2c(c1)CN(C2)C(=O)OC(C)(C)C,1,CC(C)(C)OC(=O)N1Cc2ccc(C=CC(=O)NO)cc2C1,0
O[C@@H](CN1CC2OC(C1)CN(C2)CCNC(=O)OC(C)(C)C)COc1ccc(cc1)C#N,0,CC(C)(C)OC(=O)NCCN1CC2CN(C[C@H](O)COc3ccc(C#N)cc3)CC(C1)O2,1
NC(Cc1cc(F)c(cc1F)F)CC(=O)N1CCNC(=O)C1COC(C)(C)C,1,CC(C)(C)OCC1C(=O)NCCN1C(=O)CC(N)Cc1cc(F)c(F)cc1F,0
Nc1nc(N)c2c(n1)cccc2OC(C)(C)C,1,CC(C)(C)Oc1cccc2nc(N)nc(N)c12,0
ONC(=O)C=Cc1ccc(cc1)CNCCc1c2ccccc2[nH]c1C(C)(C)C,0,CC(C)(C)c1[nH]c2ccccc2c1CCNCc1ccc(C=CC(=O)NO)cc1,1
CC(c1c[nH]c(n1)C1NC(C2CCOCC2)c2c(C1)c1ccccc1[nH]2)(C)C,0,CC(C)(C)c1c[nH]c(C2Cc3c([nH]c4ccccc34)C(C3CCOCC3)N2)n1,1
Oc1cc2ccn(c2cc1Oc1ncnc2c1CNC2)C(=O)Nc1noc(c1)C(C)(C)C,1,CC(C)(C)c1cc(NC(=O)n2ccc3cc(O)c(Oc4ncnc5c4CNC5)cc32)no1,0
O=C(n1ccc2c1cc(cc2)Oc1ncnc2c1CNC2)Nc1noc(c1)C(C)(C)C,1,CC(C)(C)c1cc(NC(=O)n2ccc3ccc(Oc4ncnc5c4CNC5)cc32)no1,0
O=C(N1CCC(CC1)CNc1ncccn1)OCc1ccc(cc1)C(C)(C)C,0,CC(C)(C)c1ccc(COC(=O)N2CCC(CNc3ncccn3)CC2)cc1,1
CC(c1ccc(cc1)CSc1nc(N)cc(=O)[nH]1)(C)C,1,CC(C)(C)c1ccc(CSc2nc(N)cc(=O)[nH]2)cc1,0
CC(C)(C)c1ccc(cc1)[C@@H](O)CCCN(CC2)CCC2C(O)(c3ccccc3)c4ccccc4,0,CC(C)(C)c1ccc([C@@H](O)CCCN2CCC(C(O)(c3ccccc3)c3ccccc3)CC2)cc1,1
Fc1ccc(c(c1)C(C[C@](C(F)(F)F)(Cc1cc2c([nH]1)cncc2)O)(C)C)O,0,CC(C)(C[C@@](O)(Cc1cc2ccncc2[nH]1)C(F)(F)F)c1cc(F)ccc1O,1
N#Cc1ccccc1OCC(CNC(Cc1ccc2c(c1)cccc2)(C)C)O,0,CC(C)(Cc1ccc2ccccc2c1)NCC(O)COc1ccccc1C#N,1
CC(C)(Cc1ccccc1)NC2=NCCNC(=C2)c3ccccc3F,0,CC(C)(Cc1ccccc1)NC1=NCCNC(c2ccccc2F)=C1,1
CC(F)(C)COc(cc1)cc2c1Oc(c3[C@]24N=C(N)OC4)ccc(c3)-c5cncnc5,0,CC(C)(F)COc1ccc2c(c1)[C@]1(COC(N)=N1)c1cc(-c3cncnc3)ccc1O2,1
N#Cc1cnc(cn1)Nc1ncc(c(c1)NC[C@@H]1CNCCO1)C#CC(O)(C)C,1,CC(C)(O)C#Cc1cnc(Nc2cnc(C#N)cn2)cc1NC[C@@H]1CNCCO1,0
CC(C(c1ccccc1)N1CCOCC1)(O)C,1,CC(C)(O)C(c1ccccc1)N1CCOCC1,0
Clc1ncnc(c1)C1CCN(CC1)C1CCC(C1)(C(=O)NCc1cc(cc(c1)C(F)(F)F)C(F)(F)F)C(O)(C)C,0,CC(C)(O)C1(C(=O)NCc2cc(C(F)(F)F)cc(C(F)(F)F)c2)CCC(N2CCC(c3cc(Cl)ncn3)CC2)C1,1
OC(=O)c1cccc(c1)C1CCN(CC1)C1CCC(C1)(C(=O)NCc1cc(cc(c1)C(F)(F)F)C(F)(F)F)C(O)(C)C,1,CC(C)(O)C1(C(=O)NCc2cc(C(F)(F)F)cc(C(F)(F)F)c2)CCC(N2CCC(c3cccc(C(=O)O)c3)CC2)C1,0
O=C(c1ccc(cn1)C1(CCCO1)c1ccc(cc1)OCc1ccccn1)NCC(O)(C)C,1,CC(C)(O)CNC(=O)c1ccc(C2(c3ccc(OCc4ccccn4)cc3)CCCO2)cn1,0
Oc1ccc(cc1c1nc(N[C@@H]2CNC[C@H]2C(O)(C)C)c2c(n1)cccc2)c1n[nH]cc1,1,CC(C)(O)[C@@H]1CNC[C@H]1Nc1nc(-c2cc(-c3cc[nH]n3)ccc2O)nc2ccccc12,0
O=C(C1CC1c1ccc(cc1)C(F)(F)F)N1CCN(CC1)S(=O)(=O)c1cc(cc(c1)C(F)(F)F)C(O)(C)C,0,CC(C)(O)c1cc(C(F)(F)F)cc(S(=O)(=O)N2CCN(C(=O)C3CC3c3ccc(C(F)(F)F)cc3)CC2)c1,1
O=C1Nc2ncccc2C2(O1)CCN(CC2)C(=O)N[C@@H]1CC[C@H](Cn2c1ncc2C(O)(C)C)c1cccc(c1F)F,1,CC(C)(O)c1cnc2n1C[C@H](c1cccc(F)c1F)CC[C@H]2NC(=O)N1CCC2(CC1)OC(=O)Nc1ncccc12,0
CC(C)(O)c1ncc(s1)C(Cc2cc[n](=O)cc2)c3ccc(OC(F)F)c(OC4CCC4)c3,1,CC(C)(O)c1ncc(C(Cc2cc[n+]([O-])cc2)c2ccc(OC(F)F)c(OC3CCC3)c2)s1,0
O=C1Nc2ncccc2C2(O1)CCN(CC2)C(=O)N[C@@H]1CC[C@H](Cn2c1ncc2C(OCC(F)(F)F)(C)C)c1cccc(c1F)F,0,CC(C)(OCC(F)(F)F)c1cnc2n1C[C@H](c1cccc(F)c1F)CC[C@H]2NC(=O)N1CCC2(CC1)OC(=O)Nc1ncccc12,1
NC(=O)c1cccc(c1)OC1CC2CCC(C1)N2C(c1ccccc1)(C)C,0,CC(C)(c1ccccc1)N1C2CCC1CC(Oc1cccc(C(N)=O)c1)C2,1
N#Cc1c2n(C)c(=O)n(c(=O)c2n(c1N1CCCC(C1)N)CC=C(C)C)Cc1cnc2c(n1)cccc2,0,CC(C)=CCn1c(N2CCCC(N)C2)c(C#N)c2c1c(=O)n(Cc1cnc3ccccc3n1)c(=O)n2C,1
N#Cc1c2n(C)c(=O)n(c(=O)c2n(c1N1CCCC(C1)N)CC=C(C)C)Cc1nc(C)c2c(n1)cccc2,0,CC(C)=CCn1c(N2CCCC(N)C2)c(C#N)c2c1c(=O)n(Cc1nc(C)c3ccccc3n1)c(=O)n2C,1
N#Cc1c(N2CCCC(C2)N)n(c2c1n(C)c(=O)n(c2=O)Cc1nccc2c1cccc2)CC=C(C)C,0,CC(C)=CCn1c(N2CCCC(N)C2)c(C#N)c2c1c(=O)n(Cc1nccc3ccccc13)c(=O)n2C,1
N#Cc1c(N2CCCC(C2)N)n(c2c1n(C)c(=O)n(c2=O)Cc1ncccc1C#N)CC=C(C)C,1,CC(C)=CCn1c(N2CCCC(N)C2)c(C#N)c2c1c(=O)n(Cc1ncccc1C#N)c(=O)n2C,0
N#Cc1c(N2CCCC(C2)N)n(c2c1ncn(c2=O)Cc1ccnc2c1cccc2)CC=C(C)C,0,CC(C)=CCn1c(N2CCCC(N)C2)c(C#N)c2ncn(Cc3ccnc4ccccc34)c(=O)c21,1
O=C(N(C1CNCC1)Cc1ccccc1c1ccccc1)C(C)C,0,CC(C)C(=O)N(Cc1ccccc1-c1ccccc1)C1CCNC1,1
c1cccc(c12)c(ns2)N(CC3)CCN3CCc(c4)ccc(c45)[C@H](CC5)NC(=O)C(C)C,0,CC(C)C(=O)N[C@H]1CCc2cc(CCN3CCN(c4nsc5ccccc45)CC3)ccc21,1
c1cccc(c12)snc2N(CC3)CCN3CCc(c4)ccc(c45)CC[C@@H]5NC(=O)C(C)C,0,CC(C)C(=O)N[C@H]1CCc2ccc(CCN3CCN(c4nsc5ccccc45)CC3)cc21,1
CC(C(C(c1cccnc1)(c1cccnc1)O)N1CCOCC1)C,1,CC(C)C(N1CCOCC1)C(O)(c1cccnc1)c1cccnc1,0
CC(C(C(F)(F)F)Nc1nc2cc[nH]c(=O)c2c2c1ccc(c2)F)C,0,CC(C)C(Nc1nc2cc[nH]c(=O)c2c2cc(F)ccc12)C(F)(F)F,1
CC(C(C(F)(F)F)Nc1nc2cc[nH]c(=O)c2c2c1ccnc2)C,0,CC(C)C(Nc1nc2cc[nH]c(=O)c2c2cnccc12)C(F)(F)F,1
[H][N@+]([H])([H])C(CC(=O)N1CSC[C@H]1C(=O)NCc2ccc(OC(C(=O)O)C(C)C)cc2)Cc3cc(F)ccc3F,1,CC(C)C(Oc1ccc(CNC(=O)[C@@H]2CSCN2C(=O)CC([NH3+])Cc2cc(F)ccc2F)cc1)C(=O)O,0
CC(C1(CCC(C1)NC1CCOCC1)C(=O)N1CCN(CC1)c1nccc(c1)C(F)(F)F)C,0,CC(C)C1(C(=O)N2CCN(c3cc(C(F)(F)F)ccn3)CC2)CCC(NC2CCOCC2)C1,1
OC1COCCC1NC1CCC(C1)(C(C)C)C(=O)N1CCN(CC1)c1nccc(c1)C(F)(F)F,0,CC(C)C1(C(=O)N2CCN(c3cc(C(F)(F)F)ccn3)CC2)CCC(NC2CCOCC2O)C1,1
OC(=O)c1cccc(c1)C1CCN(CC1)C1CCC(C1)(C(C)C)C(=O)NCc1cc(cc(c1)C(F)(F)F)C(F)(F)F,0,CC(C)C1(C(=O)NCc2cc(C(F)(F)F)cc(C(F)(F)F)c2)CCC(N2CCC(c3cccc(C(=O)O)c3)CC2)C1,1
CC(C1=NC(N=C1N)(C)c1cccc(c1)c1cccnc1)C,1,CC(C)C1=NC(C)(c2cccc(-c3cccnc3)c2)N=C1N,0
CC(C1=NC(N=C1N)(c1ccccc1)c1cccc(c1)c1cncnc1)C,1,CC(C)C1=NC(c2ccccc2)(c2cccc(-c3cncnc3)c2)N=C1N,0
CC(C1CCC(CC1)N1CC(C1)NC(=O)CNc1n[nH]c2c1cc(cc2)C(F)(F)F)C,0,CC(C)C1CCC(N2CC(NC(=O)CNc3n[nH]c4ccc(C(F)(F)F)cc34)C2)CC1,1
NCC(=O)N1CCn2c(C1C(C)C)nc(c2Nc1ccc(c(c1)Cl)F)c1ccc(cc1)F,1,CC(C)C1c2nc(-c3ccc(F)cc3)c(Nc3ccc(F)c(Cl)c3)n2CCN1C(=O)CN,0
CC(CCC1(CCCN1)C(=O)c1ccc(c(c1)Cl)N)C,1,CC(C)CCC1(C(=O)c2ccc(N)c(Cl)c2)CCCN1,0
CC(CCC1(CCCN1)C(=O)c1ccc2c(c1)cn[nH]2)C,1,CC(C)CCC1(C(=O)c2ccc3[nH]ncc3c2)CCCN1,0
CC(CN(C(=O)c1cc(Cl)ccc1Cl)C1CNCC1)C,1,CC(C)CN(C(=O)c1cc(Cl)ccc1Cl)C1CCNC1,0
CC(CN(C(=O)c1ccc(c(c1)Cl)Cl)C1CNCC1)C,1,CC(C)CN(C(=O)c1ccc(Cl)c(Cl)c1)C1CCNC1,0
CC(CN(C(=O)c1cccc(c1Cl)C(F)(F)F)C1CNCC1)C,0,CC(C)CN(C(=O)c1cccc(C(F)(F)F)c1Cl)C1CCNC1,1
CC(CN(C(=O)c1cccc(c1Cl)Cl)C1CNCC1)C,1,CC(C)CN(C(=O)c1cccc(Cl)c1Cl)C1CCNC1,0
CC(CN(C(=O)c1ccccc1C(C)C)C1CCNC1)C,1,CC(C)CN(C(=O)c1ccccc1C(C)C)C1CCNC1,0
CC(CN(C(=O)c1ccccc1Oc1ccccc1)C1CNCC1)C,0,CC(C)CN(C(=O)c1ccccc1Oc1ccccc1)C1CCNC1,1
OC(CN(CC(C)C)CCc1ccc(c(c1)Cl)Cl)COc1ccc(cc1)NS(=O)(=O)C,0,CC(C)CN(CCc1ccc(Cl)c(Cl)c1)CC(O)COc1ccc(NS(C)(=O)=O)cc1,1
N#Cc1ccc(cc1)OCC(CN1CC2CC(C1)CN(C2)C(=O)OCC(C)C)O,0,CC(C)COC(=O)N1CC2CC(CN(CC(O)COc3ccc(C#N)cc3)C2)C1,1
N(c1ccccc1)(C[C@@H](N1CCCC1)COCC(C)C)Cc1ccccc1,0,CC(C)COC[C@@H](CN(Cc1ccccc1)c1ccccc1)N1CCCC1,1
CC(C)CON=CCOc4ccc(CN3CCC(NC(=O)c2cc(=O)c1ccc(F)cc1o2)CC3)cc4F,0,CC(C)CON=CCOc1ccc(CN2CCC(NC(=O)c3cc(=O)c4ccc(F)cc4o3)CC2)cc1F,1
CC(COc1cccc(c1N1CCCC(C1)N)/C=C\1/SC(=O)NC1=O)C,1,CC(C)COc1cccc(/C=C2/SC(=O)NC2=O)c1N1CCCC(N)C1,0
CC(Cc1ccc(cc1)C(C(=O)NS(=O)(=O)C)C)C,1,CC(C)Cc1ccc(C(C)C(=O)NS(C)(=O)=O)cc1,0
CC(Cc1ccc(cc1)[C@@H](C(=O)O)C)C,1,CC(C)Cc1ccc([C@H](C)C(=O)O)cc1,0
c12n(c(n(C)c(c1[nH]cn2)=O)=O)CC(C)C,0,CC(C)Cn1c(=O)n(C)c(=O)c2[nH]cnc21,1
CC(N(C(=O)c1ccccc1C(F)(F)F)C1CNCC1)C,1,CC(C)N(C(=O)c1ccccc1C(F)(F)F)C1CCNC1,0
c1([C@@](c2ccccn2)(CCN(C(C)C)C(C)C)C(N)=O)ccccc1,1,CC(C)N(CC[C@@](C(N)=O)(c1ccccc1)c1ccccn1)C(C)C,0
ONC(=O)C=Cc1ccc(cc1)CN(C(C)C)CCc1c(nn2c1cccc2)c1ccccc1,0,CC(C)N(CCc1c(-c2ccccc2)nn2ccccc12)Cc1ccc(C=CC(=O)NO)cc1,1
ONC(=O)C=Cc1ccc(cc1)CN(C(C)C)CCc1c[nH]c2c1cccc2,0,CC(C)N(CCc1c[nH]c2ccccc12)Cc1ccc(C=CC(=O)NO)cc1,1
CC(N1CCC(CC1)Nc1nc(c2ccccc2Cl)c2c(n1)N(C(=O)NC2)c1c(Cl)cccc1Cl)C,0,CC(C)N1CCC(Nc2nc(-c3ccccc3Cl)c3c(n2)N(c2c(Cl)cccc2Cl)C(=O)NC3)CC1,1
Fc1ccc(cc1)Cn(c(c23)cccc2)c(n3)[C@H]4CN(C(C)C)CCC4,0,CC(C)N1CCC[C@@H](c2nc3ccccc3n2Cc2ccc(F)cc2)C1,1
CC(C)N4CCN(NCc3cnc(c2ccc(C(=O)Nc1ccccc1N)cc2)c(C#N)c3)CC4,1,CC(C)N1CCN(NCc2cnc(-c3ccc(C(=O)Nc4ccccc4N)cc3)c(C#N)c2)CC1,0
CC(C)N4CCN(NCc3cnc(c2ccc(C(=O)Nc1ccccc1N)cc2)c(Cl)c3)CC4,0,CC(C)N1CCN(NCc2cnc(-c3ccc(C(=O)Nc4ccccc4N)cc3)c(Cl)c2)CC1,1
CC(C)N4CCN(NCc3cnc(c2ccc(C(=O)Nc1ccccc1N)cc2)c(F)c3)CC4,1,CC(C)N1CCN(NCc2cnc(-c3ccc(C(=O)Nc4ccccc4N)cc3)c(F)c2)CC1,0
Clc1ccc(c(c1)Cl)c1nc(nc2c1CNC(=O)N2c1c(Cl)cccc1Cl)N1CCN(CC1)C(C)C,0,CC(C)N1CCN(c2nc(-c3ccc(Cl)cc3Cl)c3c(n2)N(c2c(Cl)cccc2Cl)C(=O)NC3)CC1,1
CC(NC(=O)NS(=O)(=O)c1ccc(cc1)OCCN1CCCC1)C,1,CC(C)NC(=O)NS(=O)(=O)c1ccc(OCCN2CCCC2)cc1,0
CC(NC(=O)NS(=O)(=O)c1ccc(cc1)OCCN1CCCCC1)C,1,CC(C)NC(=O)NS(=O)(=O)c1ccc(OCCN2CCCCC2)cc1,0
CC(C)NC(=O)c3cn(c1cccc(Br)c1)c2ncccc2c3=O,1,CC(C)NC(=O)c1cn(-c2cccc(Br)c2)c2ncccc2c1=O,0
CC(C)NC(=O)c3cn(c1ccccc1)c2ncccc2c3=O,1,CC(C)NC(=O)c1cn(-c2ccccc2)c2ncccc2c1=O,0
CC(NCC(c1ccc(cc1)NS(=O)(=O)C)O)C,1,CC(C)NCC(O)c1ccc(NS(C)(=O)=O)cc1,0
CC(NCC(c1ccc(c(c1)O)O)O)C,1,CC(C)NCC(O)c1ccc(O)c(O)c1,0
CS(=O)(=O)Nc1ccc(cc1)[C@@H](CNC(C)C)O,1,CC(C)NC[C@@H](O)c1ccc(NS(C)(=O)=O)cc1,0
CC(Nc1nc(c2ccccc2Cl)c2c(n1)N(C(=O)NC2)c1c(Cl)cccc1Cl)C,0,CC(C)Nc1nc(-c2ccccc2Cl)c2c(n1)N(c1c(Cl)cccc1Cl)C(=O)NC2,1
CN1CCN(CC1)c1cc2c(cc1OC(C)C)ncc(c2Nc1ccc(c(c1)Cl)Cl)C(=O)N,0,CC(C)Oc1cc2ncc(C(N)=O)c(Nc3ccc(Cl)c(Cl)c3)c2cc1N1CCN(C)CC1,1
CN1CCN(CC1)c1cc2c(cc1OC(C)C)ncc(c2Nc1ccc(cc1F)F)C(=O)N,1,CC(C)Oc1cc2ncc(C(N)=O)c(Nc3ccc(F)cc3F)c2cc1N1CCN(C)CC1,0
CN1CCN(CC1)c1cc2c(cc1OC(C)C)ncc(c2Nc1cccc(c1Cl)Cl)C(=O)N,0,CC(C)Oc1cc2ncc(C(N)=O)c(Nc3cccc(Cl)c3Cl)c2cc1N1CCN(C)CC1,1
NC1CCCN(C1)c1c(cccc1OC(C)C)/C=C\1/SC(=O)NC1=O,1,CC(C)Oc1cccc(/C=C2/SC(=O)NC2=O)c1N1CCCC(N)C1,0
CC(Oc1ccccc1N1CCC2C1CN(C2)CCCSc1nnc(n1C)c1nccnc1)C,0,CC(C)Oc1ccccc1N1CCC2CN(CCCSc3nnc(-c4cnccn4)n3C)CC21,1
CC(Oc1ccccc1[C@]1(O)C(=Nc2c1cc(Cl)cc2)N)C,1,CC(C)Oc1ccccc1[C@]1(O)C(N)=Nc2ccc(Cl)cc21,0
CN1CC(C(C1)NS(=O)(=O)C(C)C)c1ccc(cc1)c1cccc(c1)NS(=O)(=O)C,1,CC(C)S(=O)(=O)NC1CN(C)CC1c1ccc(-c2cccc(NS(C)(=O)=O)c2)cc1,0
Fc1ccc(cn1)c1ccc(cc1)C1COCC1NS(=O)(=O)C(C)C,1,CC(C)S(=O)(=O)NC1COCC1c1ccc(-c2ccc(F)nc2)cc1,0
Fc1cncc(c1)c1ccc(cc1)C1COCC1NS(=O)(=O)C(C)C,1,CC(C)S(=O)(=O)NC1COCC1c1ccc(-c2cncc(F)c2)cc1,0
N#Cc1ccc(cc1)c1ccc(cc1)[C@H]1COC[C@@H]1NS(=O)(=O)C(C)C,1,CC(C)S(=O)(=O)N[C@H]1COC[C@@H]1c1ccc(-c2ccc(C#N)cc2)cc1,0
CC(C)S(=O)(=O)Nc4ccc3nc(CN2CCC(Cc1ccccc1)CC2)[nH]c3c4,0,CC(C)S(=O)(=O)Nc1ccc2nc(CN3CCC(Cc4ccccc4)CC3)[nH]c2c1,1
CC(S(=O)(=O)Nc1ccc2c(c1)[nH]c(n2)Cc1ccc(cc1)Oc1ccccc1)C,0,CC(C)S(=O)(=O)Nc1ccc2nc(Cc3ccc(Oc4ccccc4)cc3)[nH]c2c1,1
O=C(CN1C(O[C@](C1=O)(C)C(C)C)c1cccc(c1F)F)Nc1ccc2c(c1)C[C@@]1(C2)C(=O)NC(=O)N1C,1,CC(C)[C@@]1(C)OC(c2cccc(F)c2F)N(CC(=O)Nc2ccc3c(c2)C[C@@]2(C3)C(=O)NC(=O)N2C)C1=O,0
[H][N@+]([H])([H])C(CC(=O)N1CCC[C@H]1C(=O)NCc2ccc(O[C@H](C(=O)O)C(C)C)cc2)Cc3c(F)c(F)c(F)c(F)c3F,1,CC(C)[C@H](Oc1ccc(CNC(=O)[C@@H]2CCCN2C(=O)CC([NH3+])Cc2c(F)c(F)c(F)c(F)c2F)cc1)C(=O)O,0
N[C@H](Cc1c(F)c(F)c(c(c1F)F)F)CC(=O)N1CCC[C@H]1C(=O)NCc1ccc(cc1)O[C@H](C(=O)O)C(C)C,1,CC(C)[C@H](Oc1ccc(CNC(=O)[C@@H]2CCCN2C(=O)C[C@H](N)Cc2c(F)c(F)c(F)c(F)c2F)cc1)C(=O)O,0
CC(C)[C@]4(C(=O)NCc1cc(C(F)(F)F)cc(C(F)(F)F)c1)CC[C@@H](N3CCC(c2cc(Cl)ncn2)CC3)C4,0,CC(C)[C@]1(C(=O)NCc2cc(C(F)(F)F)cc(C(F)(F)F)c2)CC[C@@H](N2CCC(c3cc(Cl)ncn3)CC2)C1,1
N#Cc1cc(C(C)C)c2c(c1)nc(o2)c1ccc(cc1)C(=O)NCC1(C)OC(=O)N(C1)c1ccc(cn1)c1ccccc1OC(F)(F)F,1,CC(C)c1cc(C#N)cc2nc(-c3ccc(C(=O)NCC4(C)CN(c5ccc(-c6ccccc6OC(F)(F)F)cn5)C(=O)O4)cc3)oc12,0
N#Cc1cc(C(C)C)c2c(c1)nc(o2)c1ccc(cc1)C(=O)NCC1CCC(CC1)c1cc(cc(c1)C(F)(F)F)C(F)(F)F,1,CC(C)c1cc(C#N)cc2nc(-c3ccc(C(=O)NCC4CCC(c5cc(C(F)(F)F)cc(C(F)(F)F)c5)CC4)cc3)oc12,0
N#Cc1cc(C(C)C)c2c(c1)nc(o2)c1ccc(cc1)C(=O)NCC1CCC(CC1)c1ccc(cc1)C(C)(C)C,1,CC(C)c1cc(C#N)cc2nc(-c3ccc(C(=O)NCC4CCC(c5ccc(C(C)(C)C)cc5)CC4)cc3)oc12,0
N#Cc1cc(C(C)C)c2c(c1)nc(o2)c1ccc(cc1)C(=O)NCC1CCC(CC1)c1ccc(cc1)C(F)(F)F,1,CC(C)c1cc(C#N)cc2nc(-c3ccc(C(=O)NCC4CCC(c5ccc(C(F)(F)F)cc5)CC4)cc3)oc12,0
N#Cc1cc(C(C)C)c2c(c1)nc(o2)c1ccc(cc1)C(=O)NCC1CCC(CC1)c1ccc(cc1)Cl,1,CC(C)c1cc(C#N)cc2nc(-c3ccc(C(=O)NCC4CCC(c5ccc(Cl)cc5)CC4)cc3)oc12,0
N#Cc1cc(C(C)C)c2c(c1)nc(o2)c1ccc(cc1)C(=O)NCC1CCC(CC1)c1cccc(c1)C(F)(F)F,0,CC(C)c1cc(C#N)cc2nc(-c3ccc(C(=O)NCC4CCC(c5cccc(C(F)(F)F)c5)CC4)cc3)oc12,1
CC(c1noc(c1)CNCCN1CCC(=CC1)c1ccc(c(c1)Cl)Cl)C,0,CC(C)c1cc(CNCCN2CC=C(c3ccc(Cl)c(Cl)c3)CC2)on1,1
CC(c1noc(c1)CNCCN1CCC(=CC1)c1ccccc1)C,0,CC(C)c1cc(CNCCN2CC=C(c3ccccc3)CC2)on1,1
CC(c1noc(c1)CNCCN1CCC(CC1)c1ccc(c(c1)Cl)Cl)C,0,CC(C)c1cc(CNCCN2CCC(c3ccc(Cl)c(Cl)c3)CC2)on1,1
CC(c1noc(c1)CNCCN1CCC(CC1)c1ccccc1)C,0,CC(C)c1cc(CNCCN2CCC(c3ccccc3)CC2)on1,1
CC(c1ccc(cc1)COC(=O)N1CCC(CC1)CNc1ncccn1)C,0,CC(C)c1ccc(COC(=O)N2CCC(CNc3ncccn3)CC2)cc1,1
CN1CC2C(C1)(C2)c1ccc(cc1)NS(=O)(=O)c1ccc(cc1)C(C)C,0,CC(C)c1ccc(S(=O)(=O)Nc2ccc(C34CC3CN(C)C4)cc2)cc1,1
CC(c1ccccc1C(=O)N(C1CCNC1)C1CCC1)C,1,CC(C)c1ccccc1C(=O)N(C1CCC1)C1CCNC1,0
CC(c1ccccc1C(=O)N(C1CCNC1)C1CCCC1)C,1,CC(C)c1ccccc1C(=O)N(C1CCCC1)C1CCNC1,0
O=C(c1ccccc1C(C)C)N(C1CNCC1)CC1CC1,1,CC(C)c1ccccc1C(=O)N(CC1CC1)C1CCNC1,0
O=C(c1ccccc1C(C)C)N(C1CNCC1)CC1CCC1,1,CC(C)c1ccccc1C(=O)N(CC1CCC1)C1CCNC1,0
O=C(c1ccccc1C(C)C)N(C1CNCC1)CC1CCCC1,0,CC(C)c1ccccc1C(=O)N(CC1CCCC1)C1CCNC1,1
N#Cc1cnccc1COc1cnc(nc1)N1CCN(CC1C)c1noc(n1)C(C)C,0,CC(C)c1nc(N2CCN(c3ncc(OCc4ccncc4C#N)cn3)C(C)C2)no1,1
O=C(NC1CN(C1)C1CCC(CC1)(O)c1cnc(s1)C(C)C)CNc1ncnc2c1cc(cc2)C(F)(F)F,1,CC(C)c1ncc(C2(O)CCC(N3CC(NC(=O)CNc4ncnc5ccc(C(F)(F)F)cc45)C3)CC2)s1,0
FC1CCN(C1)C(=O)C(C(C1CCC(CC1)N(C(=O)C1CC1)C)C)N,1,CC(C1CCC(N(C)C(=O)C2CC2)CC1)C(N)C(=O)N1CCC(F)C1,0
FC1CCN(C1)C(=O)C(C(C1CCC(CC1)N(C(=O)c1cccc(c1)F)C)C)N,1,CC(C1CCC(N(C)C(=O)c2cccc(F)c2)CC1)C(N)C(=O)N1CCC(F)C1,0
O=CN(C(CS(=O)(=O)N1CCC(CC1)OCc1ccc(cc1Cl)Cl)(CC(c1ncc(cn1)F)C)C)O,0,CC(CC(C)(CS(=O)(=O)N1CCC(OCc2ccc(Cl)cc2Cl)CC1)N(O)C=O)c1ncc(F)cn1,1
O=CN(C(CS(=O)(=O)N1CCN(CC1)c1ccc(cc1)F)(CC(c1ncc(cn1)F)C)C)O,1,CC(CC(C)(CS(=O)(=O)N1CCN(c2ccc(F)cc2)CC1)N(O)C=O)c1ncc(F)cn1,0
O=CN(C(CS(=O)(=O)N1CCC(CC1)OCc1ccc(cc1Cl)Cl)CC(c1ncc(cn1)F)C)O,0,CC(CC(CS(=O)(=O)N1CCC(OCc2ccc(Cl)cc2Cl)CC1)N(O)C=O)c1ncc(F)cn1,1
O=CN(C(CS(=O)(=O)N1CCN(CC1)c1ccc(cc1)F)CC(c1ncc(cn1)F)C)O,1,CC(CC(CS(=O)(=O)N1CCN(c2ccc(F)cc2)CC1)N(O)C=O)c1ncc(F)cn1,0
CC(N1CCC(CC1)c1nnc(o1)CN(C)C)CC(c1ccccc1)NC(=O)C1CCC1,0,CC(CC(NC(=O)C1CCC1)c1ccccc1)N1CCC(c2nnc(CN(C)C)o2)CC1,1
O=C(C(c1ccc(cc1)OS(=O)(=O)C(F)(F)F)(F)C)NS(=O)(=O)C,1,CC(F)(C(=O)NS(C)(=O)=O)c1ccc(OS(=O)(=O)C(F)(F)F)cc1,0
CC(C1CCN(C1)c1c(F)cc2c3c1OCC(n3cc(c2=O)C(=O)O)C)N,1,CC(N)C1CCN(c2c(F)cc3c(=O)c(C(=O)O)cn4c3c2OCC4C)C1,0
CC(C(c1cccnc1)(c1cccnc1)O)N1CCOCC1,1,CC(N1CCOCC1)C(O)(c1cccnc1)c1cccnc1,0
Clc1ccc(cc1)C(NC(=O)C1(N)CCCN(C1)c1ncnc2c1cc[nH]2)C,0,CC(NC(=O)C1(N)CCCN(c2ncnc3[nH]ccc23)C1)c1ccc(Cl)cc1,1
Fc1ccc(cc1)C(NC(=O)C1(N)CCCN(C1)c1ncnc2c1cc[nH]2)C,1,CC(NC(=O)C1(N)CCCN(c2ncnc3[nH]ccc23)C1)c1ccc(F)cc1,0
O=C(C1(N)CCCN(C1)c1ncnc2c1cc[nH]2)NC(c1ccc(cc1)S(=O)(=O)C)C,1,CC(NC(=O)C1(N)CCCN(c2ncnc3[nH]ccc23)C1)c1ccc(S(C)(=O)=O)cc1,0
O=C(C1(N)CCCN(C1)c1ncnc2c1cc[nH]2)NC(c1ccccc1)C,1,CC(NC(=O)C1(N)CCCN(c2ncnc3[nH]ccc23)C1)c1ccccc1,0
CC(C(=O)C1=CC(=CC=C1)Cl)NC(C)(C)C,1,CC(NC(C)(C)C)C(=O)c1cccc(Cl)c1,0
N#CCCNC(C1CCN(C1)c1c(F)cc2c3c1OCC(n3cc(c2=O)C(=O)O)C)C,1,CC(NCCC#N)C1CCN(c2c(F)cc3c(=O)c(C(=O)O)cn4c3c2OCC4C)C1,0
N#Cc1ccc(cc1Cl)N([C@H]1CCN(C1)C(=O)C(O)C)Cc1cc(Cl)ccc1Cl,0,CC(O)C(=O)N1CC[C@H](N(Cc2cc(Cl)ccc2Cl)c2ccc(C#N)c(Cl)c2)C1,1
O=C(C(O)C)NC1CC(C)(C)Oc2c1cc(c1ccc(cc1)Cl)c(n2)c1ccc(cc1Cl)Cl,0,CC(O)C(=O)NC1CC(C)(C)Oc2nc(-c3ccc(Cl)cc3Cl)c(-c3ccc(Cl)cc3)cc21,1
CC(Oc3cccc4ncnc(Nc2ccc(OCc1ccccn1)c(Cl)c2)c34)C(=O)N(C)CCO,1,CC(Oc1cccc2ncnc(Nc3ccc(OCc4ccccn4)c(Cl)c3)c12)C(=O)N(C)CCO,0
CC(Oc3cccc4ncnc(Nc2ccc(OCc1ccccn1)c(Cl)c2)c34)C(=O)N5CCOCC5,0,CC(Oc1cccc2ncnc(Nc3ccc(OCc4ccccn4)c(Cl)c3)c12)C(=O)N1CCOCC1,1
CN(CCc1sc2c(c1C(n1cccn1)C)cccc2)C,0,CC(c1c(CCN(C)C)sc2ccccc12)n1cccn1,1
FC1CCN(C1)C(=O)C(C(c1ccc(cc1)c1ccc(=O)[nH]c1)C)N,0,CC(c1ccc(-c2ccc(=O)[nH]c2)cc1)C(N)C(=O)N1CCC(F)C1,1
FC1CCN(C1)C(=O)C(C(c1ccc(cc1)c1ccc(=O)n(c1)C)C)N,1,CC(c1ccc(-c2ccc(=O)n(C)c2)cc1)C(N)C(=O)N1CCC(F)C1,0
FC1CCN(C1)C(=O)C(C(c1ccc(cc1)c1ccc(=O)n(c1F)C)C)N,1,CC(c1ccc(-c2ccc(=O)n(C)c2F)cc1)C(N)C(=O)N1CCC(F)C1,0
OCc1cc(=O)n(cc1c1ccc(cc1)C(C(C(=O)N1CCC(C1)F)N)C)C,1,CC(c1ccc(-c2cn(C)c(=O)cc2CO)cc1)C(N)C(=O)N1CCC(F)C1,0
[H][C@H]1CC[C@@H](C#N)C1C(=O)C3CN(C(C)c2ccc(C#N)cc2)C[C@@H]3N,0,CC(c1ccc(C#N)cc1)N1CC(C(=O)C2CCC[C@H]2C#N)[C@@H](N)C1,1
Clc1ccc(cn1)C(N1C2CCC1CC(C2)Oc1cccc(c1)C(=O)N)C,0,CC(c1ccc(Cl)nc1)N1C2CCC1CC(Oc1cccc(C(N)=O)c1)C2,1
CC(N1C2CCC1CC(C2)Oc1cccc(c1)C(=O)N)c1ccccc1,0,CC(c1ccccc1)N1C2CCC1CC(Oc1cccc(C(N)=O)c1)C2,1
CN(CCc1sc2c(c1C(c1cccnc1Cl)C)cccc2)C,0,CC(c1cccnc1Cl)c1c(CCN(C)C)sc2ccccc12,1
CN(CCc1sc2c(c1C(c1cccnc1F)C)cccc2)C,0,CC(c1cccnc1F)c1c(CCN(C)C)sc2ccccc12,1
Clc1nccc(c1)C(N1C2CCC1CC(C2)Oc1cccc(c1)C(=O)N)C,0,CC(c1ccnc(Cl)c1)N1C2CCC1CC(Oc1cccc(C(N)=O)c1)C2,1
CC(N1C2CCC1CC(C2)Oc1cccc(c1)C(=O)N)c1ccncc1,0,CC(c1ccncc1)N1C2CCC1CC(Oc1cccc(C(N)=O)c1)C2,1
CN(CCc1sc2c(c1C(c1cscn1)C)cccc2)C,0,CC(c1cscn1)c1c(CCN(C)C)sc2ccccc12,1
Clc1ccc(c(c1)Cl)c1noc(n1)C(C(C(=O)N1CCCC1)N)C,1,CC(c1nc(-c2ccc(Cl)cc2Cl)no1)C(N)C(=O)N1CCCC1,0
O=C(C(C(c1onc(n1)c1ccc(cc1Cl)S(=O)(=O)C)C)N)N1CCCC1,1,CC(c1nc(-c2ccc(S(C)(=O)=O)cc2Cl)no1)C(N)C(=O)N1CCCC1,0
[H][N+]([H])([H])C(C(=O)N1CCCC1)C(C)c3nc(c2ccc(S(C)(=O)=O)cc2Cl)no3,1,CC(c1nc(-c2ccc(S(C)(=O)=O)cc2Cl)no1)C([NH3+])C(=O)N1CCCC1,0
[H][N+]([H])([H])C(C(F)=C1CCCC1)C(C)c3nc(c2ccc(S(C)(=O)=O)cc2Cl)no3,1,CC(c1nc(-c2ccc(S(C)(=O)=O)cc2Cl)no1)C([NH3+])C(F)=C1CCCC1,0
CN(CCc1sc2c(c1C(c1ncccc1F)C)cccc2)C,0,CC(c1ncccc1F)c1c(CCN(C)C)sc2ccccc12,1
C(=C(/c1ccccc1)CC)(\c1ccc(OCCN(C)C)cc1)c1ccccc1,0,CC/C(=C(/c1ccccc1)c1ccc(OCCN(C)C)cc1)c1ccccc1,1
CNCCOc1ccc(cc1)/C(=C(\c1ccccc1)/CC)/c1ccc(cc1)O,0,CC/C(=C(\c1ccc(O)cc1)c1ccc(OCCNC)cc1)c1ccccc1,1
CC\C(c1ccccc1)=C(/c2ccccc2)c3ccc(OCC[N+](C)C)cc3,0,CC/C(=C(\c1ccccc1)c1ccc(OCC[N+](C)C)cc1)c1ccccc1,1
CC/N=C(\N1CCCc2c1ccc(c2)C1=NN(C(=O)SC1)C)/c1ccc(cc1)NS(=O)(=O)C,0,CC/N=C(/c1ccc(NS(C)(=O)=O)cc1)N1CCCc2cc(C3=NN(C)C(=O)SC3)ccc21,1
CC/N=C(\N1CCCc2c1ccc(c2)C1=NN(C(=O)SC1)C)/c1ccc(c(c1)OC)OC,0,CC/N=C(/c1ccc(OC)c(OC)c1)N1CCCc2cc(C3=NN(C)C(=O)SC3)ccc21,1
CC/N=C(\N1CCCc2c1ccc(c2)C1=NNC(=O)SC1(C)C)/c1ccc(c(c1)OC)OC,0,CC/N=C(/c1ccc(OC)c(OC)c1)N1CCCc2cc(C3=NNC(=O)SC3(C)C)ccc21,1
S1C(NN=C([C@@H]1C)c1cc2c(N(CCC2)\C(c2cc(c(cc2)OC)OC)=N\CC)cc1)=O,0,CC/N=C(\c1ccc(OC)c(OC)c1)N1CCCc2cc(C3=NNC(=O)S[C@H]3C)ccc21,1
O=C(C(C(F)(F)F)O)NC1CC(C)(C)Oc2c1cc(c1ccc(cc1)Cl)c(n2)c1ccc(cc1Cl)Cl,0,CC1(C)CC(NC(=O)C(O)C(F)(F)F)c2cc(-c3ccc(Cl)cc3)c(-c3ccc(Cl)cc3Cl)nc2O1,1
O=C(CC(C(F)(F)F)(C(F)(F)F)O)NC1CC(C)(C)Oc2c1cc(c1ccc(cc1)Cl)c(n2)c1ccc(cc1Cl)Cl,1,CC1(C)CC(NC(=O)CC(O)(C(F)(F)F)C(F)(F)F)c2cc(-c3ccc(Cl)cc3)c(-c3ccc(Cl)cc3Cl)nc2O1,0
Clc1ccc(cc1)c1cc2C(NC(=O)c3ccccc3N)CC(Oc2nc1c1ccc(cc1Cl)Cl)(C)C,1,CC1(C)CC(NC(=O)c2ccccc2N)c2cc(-c3ccc(Cl)cc3)c(-c3ccc(Cl)cc3Cl)nc2O1,0
Clc1ccc(cc1)c1cc2C(NC(=O)c3ccccc3O)CC(Oc2nc1c1ccc(cc1Cl)Cl)(C)C,1,CC1(C)CC(NC(=O)c2ccccc2O)c2cc(-c3ccc(Cl)cc3)c(-c3ccc(Cl)cc3Cl)nc2O1,0
Clc1ccc(cc1)c1cc2C(NC(=O)c3c[nH]nc3)CC(Oc2nc1c1ccc(cc1Cl)Cl)(C)C,0,CC1(C)CC(NC(=O)c2cn[nH]c2)c2cc(-c3ccc(Cl)cc3)c(-c3ccc(Cl)cc3Cl)nc2O1,1
O=C1NCc2c(N1c1c(Cl)cccc1Cl)nc(nc2c1ccccc1Cl)NC1CC(C)(C)NC(C1)(C)C,0,CC1(C)CC(Nc2nc(-c3ccccc3Cl)c3c(n2)N(c2c(Cl)cccc2Cl)C(=O)NC3)CC(C)(C)N1,1
N#CC1(CC1)NC(=O)[C@@H]1CCCC[C@H]1C(=O)N1CCN(CC1)c1sc2c(n1)C(C)(C)COC2,1,CC1(C)COCc2sc(N3CCN(C(=O)[C@@H]4CCCC[C@H]4C(=O)NC4(C#N)CC4)CC3)nc21,0
Nc1cccnc1C(=O)N1CCC2(CC1)CCN(CC2)Cc1cccc2c1OC(O2)(C)C,0,CC1(C)Oc2cccc(CN3CCC4(CC3)CCN(C(=O)c3ncccc3N)CC4)c2O1,1
NCC(=O)N1CCn2c(C1(C)C)nc(c2Nc1ccc(cc1)F)c1ccc(cc1)F,1,CC1(C)c2nc(-c3ccc(F)cc3)c(Nc3ccc(F)cc3)n2CCN1C(=O)CN,0
O=C(c1nnc(o1)c1ccccc1)N1CC(C1)Oc1ccc(cc1)CN1CCC(C1)(C)O,1,CC1(O)CCN(Cc2ccc(OC3CN(C(=O)c4nnc(-c5ccccc5)o4)C3)cc2)C1,0
O=C1N(CCC1(C)c1cc(cc(c1)C(F)(F)F)C(F)(F)F)C1(CCC(CC1)N1CCC2(CC1)COCC2)c1ccccc1,0,CC1(c2cc(C(F)(F)F)cc(C(F)(F)F)c2)CCN(C2(c3ccccc3)CCC(N3CCC4(CCOC4)CC3)CC2)C1=O,1
O=C1CN(CCN1c1ccccc1Cl)C1CCC(CC1)(c1ccccc1)N1CCC(C1=O)(C)c1cc(cc(c1)C(F)(F)F)C(F)(F)F,0,CC1(c2cc(C(F)(F)F)cc(C(F)(F)F)c2)CCN(C2(c3ccccc3)CCC(N3CCN(c4ccccc4Cl)C(=O)C3)CC2)C1=O,1
CC1(NC(C2CCOCC2)c2c(C1)c1ccccc1[nH]2)c1[nH]cc(n1)c1ccccc1,0,CC1(c2nc(-c3ccccc3)c[nH]2)Cc2c([nH]c3ccccc23)C(C2CCOCC2)N1,1
CC12CCC3C(C=CC4=CC(=O)CCC34C)C2CCC1(O)CCC(=O)O,1,CC12CCC(=O)C=C1C=CC1C2CCC2(C)C1CCC2(O)CCC(=O)O,0
Clc1cccc(c1)N1CCN(C1=O)CCN1CC2CCC(C1)(C2(C)C)C,0,CC12CCC(CN(CCN3CCN(c4cccc(Cl)c4)C3=O)C1)C2(C)C,1
CC(CCCC(CCCC(C)C)C)CCC/C(=C\CC1=C(C)C(=O)c2c(C1=O)cccc2)/C,0,CC1=C(C/C=C(/C)CCCC(C)CCCC(C)CCCC(C)C)C(=O)c2ccccc2C1=O,1
NC1=NC(N=C1C)(C)c1cccc(c1)c1cccnc1,1,CC1=NC(C)(c2cccc(-c3cccnc3)c2)N=C1N,0
Fc1ccc(cc1)C1(N=C(C(=N1)C)N)c1cccc(c1)c1cccnc1,1,CC1=NC(c2ccc(F)cc2)(c2cccc(-c3cccnc3)c2)N=C1N,0
Clc1cncc(c1)c1cccc(c1)C1(N=C(C(=N1)C)N)C1CC1,1,CC1=NC(c2cccc(-c3cncc(Cl)c3)c2)(C2CC2)N=C1N,0
CC1CC2C(C1O)(C)CCC1C2CCC2C1(C)C=CC(=O)N2C,1,CC1CC2C3CCC4N(C)C(=O)C=CC4(C)C3CCC2(C)C1O,0
CC1CCC(N1CCCNc1nnc(o1)c1ccc(cc1)NC(=O)c1ccccc1F)C,0,CC1CCC(C)N1CCCNc1nnc(-c2ccc(NC(=O)c3ccccc3F)cc2)o1,1
CC1CCCN(C1C)C(=O)c1csc(n1)Nc1ccc(cc1F)Cl,1,CC1CCCN(C(=O)c2csc(Nc3ccc(Cl)cc3F)n2)C1C,0
CC1CCCN1C(=O)c1ccc(cc1)c1ccc2c(c1)CCN(C2=O)CCN1CCCC1,1,CC1CCCN1C(=O)c1ccc(-c2ccc3c(c2)CCN(CCN2CCCC2)C3=O)cc1,0
CC1CCCN1CCCOc1ccc(cc1)c1ccc(=O)[nH]n1,1,CC1CCCN1CCCOc1ccc(-c2ccc(=O)[nH]n2)cc1,0
CC1CCCN1CCCOc1ccc(cc1)c1ccc(=O)n(n1)C,1,CC1CCCN1CCCOc1ccc(-c2ccc(=O)n(C)n2)cc1,0
CC1CCCN1CCCOc1ccc(cc1)c1cn[nH]c(=O)c1,0,CC1CCCN1CCCOc1ccc(-c2cn[nH]c(=O)c2)cc1,1
N#Cc1ccc(cc1)C(=O)N1CCN(C(=O)C1)c1ccc(cc1)OCCCN1CCCC1C,1,CC1CCCN1CCCOc1ccc(N2CCN(C(=O)c3ccc(C#N)cc3)CC2=O)cc1,0
Fc1ccc(cc1)C(=O)N1CCN(C(=O)C1)c1ccc(cc1)OCCCN1CCCC1C,1,CC1CCCN1CCCOc1ccc(N2CCN(C(=O)c3ccc(F)cc3)CC2=O)cc1,0
Fc1ccc(c(c1)F)C(=O)N1CCN(C(=O)C1)c1ccc(cc1)OCCCN1CCCC1C,0,CC1CCCN1CCCOc1ccc(N2CCN(C(=O)c3ccc(F)cc3F)CC2=O)cc1,1
N#Cc1ccc(cc1)c1ccc2c(c1)CCN(C2=O)CCN1CCCC1C,0,CC1CCCN1CCN1CCc2cc(-c3ccc(C#N)cc3)ccc2C1=O,1
CC1CCCN1CCN1CCc2c(C1=O)ccc(c2)c1ccc(cc1)C(=O)N1CCCC1,0,CC1CCCN1CCN1CCc2cc(-c3ccc(C(=O)N4CCCC4)cc3)ccc2C1=O,1
Fc1ccc(cc1)c1ccc2c(c1)CCN(C2=O)CCN1CCCC1C,0,CC1CCCN1CCN1CCc2cc(-c3ccc(F)cc3)ccc2C1=O,1
CC1CCCN1CCc1ccc(cc1)c1ccc(cc1)S(=O)(=O)N1C(C)COCC1C,0,CC1CCCN1CCc1ccc(-c2ccc(S(=O)(=O)N3C(C)COCC3C)cc2)cc1,1
OC1CCN(C1)S(=O)(=O)c1ccc(cc1)c1ccc(cc1)CCN1CCCC1C,0,CC1CCCN1CCc1ccc(-c2ccc(S(=O)(=O)N3CCC(O)C3)cc2)cc1,1
CC1CCCN1CCc1ccc(cc1)c1ccc(cc1)S(=O)(=O)N1CCCCC1,0,CC1CCCN1CCc1ccc(-c2ccc(S(=O)(=O)N3CCCCC3)cc2)cc1,1
CC1CCCN1CCc1ccc(cc1)c1ccc(cc1)S(=O)(=O)N1CCOCC1,0,CC1CCCN1CCc1ccc(-c2ccc(S(=O)(=O)N3CCOCC3)cc2)cc1,1
CC1CCCN1CCc1ccc(cc1)c1ccc(cc1)S(=O)(=O)N1CCS(=O)(=O)CC1,0,CC1CCCN1CCc1ccc(-c2ccc(S(=O)(=O)N3CCS(=O)(=O)CC3)cc2)cc1,1
CC1CCCN1CCc1ccc(cc1)c1ccc(cc1)S(=O)(=O)NC1CCC1,0,CC1CCCN1CCc1ccc(-c2ccc(S(=O)(=O)NC3CCC3)cc2)cc1,1
CC1CCCN1CCc1ccc(cc1)c1ccc(cc1)S(=O)(=O)NC1CCOCC1,1,CC1CCCN1CCc1ccc(-c2ccc(S(=O)(=O)NC3CCOCC3)cc2)cc1,0
CC1CCCN1CCc1ccc(cc1)c1ccc(cc1)S(=O)(=O)NCC1CC1,0,CC1CCCN1CCc1ccc(-c2ccc(S(=O)(=O)NCC3CC3)cc2)cc1,1
CC1CCCN1CCc1ccc(cc1)c1ccc(cc1)S(=O)(=O)NCc1ccccc1,0,CC1CCCN1CCc1ccc(-c2ccc(S(=O)(=O)NCc3ccccc3)cc2)cc1,1
CC1CCCN1CCc1ccc(cc1)c1ccc(cc1)S(=O)(=O)NCc1ccncc1,0,CC1CCCN1CCc1ccc(-c2ccc(S(=O)(=O)NCc3ccncc3)cc2)cc1,1
CC1CCCN1CCc1ccc(cc1)c1ccc(cc1)S(=O)(=O)N,0,CC1CCCN1CCc1ccc(-c2ccc(S(N)(=O)=O)cc2)cc1,1
CC1CCCN1CCc1ccc2c(c1)ccc(n2)c1c[nH]nc1,1,CC1CCCN1CCc1ccc2nc(-c3cn[nH]c3)ccc2c1,0
CC1CCCN1CCc1ccc2c(c1)ccc(n2)c1cnc(s1)c1cc(Cl)nc(c1)Cl,0,CC1CCCN1CCc1ccc2nc(-c3cnc(-c4cc(Cl)nc(Cl)c4)s3)ccc2c1,1
CC1CCCN1CCc1ccc2c(c1)ccc(n2)c1cncnc1,1,CC1CCCN1CCc1ccc2nc(-c3cncnc3)ccc2c1,0
CC1CCCN1CCc1ccc2c(c1)ccc(n2)C1CC1,1,CC1CCCN1CCc1ccc2nc(C3CC3)ccc2c1,0
CC1CCCN1CCc1ccc2c(c1)cccn2,1,CC1CCCN1CCc1ccc2ncccc2c1,0
CC(c1cc(cc(c1)C(F)(F)F)C(F)(F)F)C(=O)N[C@@]1(CCC(CC1)N1CCC(CC1)C)c1ccccc1,0,CC1CCN(C2CCC(NC(=O)C(C)c3cc(C(F)(F)F)cc(C(F)(F)F)c3)(c3ccccc3)CC2)CC1,1
Clc1ccc(cc1)C1(O)C(C)CN(CC1C)C(=O)C1CN(CC1c1ccc(cc1F)F)C(C)(C)C,1,CC1CN(C(=O)C2CN(C(C)(C)C)CC2c2ccc(F)cc2F)CC(C)C1(O)c1ccc(Cl)cc1,0
Fc1ccc(c(c1)F)C1CN(CC1C(=O)N1CC(C)C(C(C1)C)(O)c1ccccc1)C(C)(C)C,1,CC1CN(C(=O)C2CN(C(C)(C)C)CC2c2ccc(F)cc2F)CC(C)C1(O)c1ccccc1,0
Fc1ccc(c(c1)F)C1CNCC1C(=O)N1CC(C)C(C(C1)C)(O)c1ccccc1,0,CC1CN(C(=O)C2CNCC2c2ccc(F)cc2F)CC(C)C1(O)c1ccccc1,1
CC1CN(CCN1C(=O)C(=O)c1c[nH]c2c1ccnc2)C(=O)c1ccccc1,1,CC1CN(C(=O)c2ccccc2)CCN1C(=O)C(=O)c1c[nH]c2cnccc12,0
CC1CN(CCN1C(=O)C(=O)c1c[nH]c2c1cccn2)C(=O)c1ccccc1,1,CC1CN(C(=O)c2ccccc2)CCN1C(=O)C(=O)c1c[nH]c2ncccc12,0
N#CCN1CCN(C(C1)C)c1cc2[nH]c(nc2cc1Cl)SC(C)(C)C,1,CC1CN(CC#N)CCN1c1cc2[nH]c(SC(C)(C)C)nc2cc1Cl,0
FC(CN1CCN(C(C1)C)c1cc2[nH]c(nc2cc1Cl)SC(C)(C)C)F,1,CC1CN(CC(F)F)CCN1c1cc2[nH]c(SC(C)(C)C)nc2cc1Cl,0
CC1CN(CCN1S(=O)(=O)c1ccc(cc1)C(C(F)(F)F)(O)C)CC1(CCC1)C(=O)N,1,CC1CN(CC2(C(N)=O)CCC2)CCN1S(=O)(=O)c1ccc(C(C)(O)C(F)(F)F)cc1,0
NC(=O)c1ccc(cc1)C1(CC1)CN1CCN(C(C1)C)S(=O)(=O)c1ccc(cc1)C(C(F)(F)F)(O)C,0,CC1CN(CC2(c3ccc(C(N)=O)cc3)CC2)CCN1S(=O)(=O)c1ccc(C(C)(O)C(F)(F)F)cc1,1
CC1CN(CCN1S(=O)(=O)c1ccc(cc1)C(C(F)(F)F)(O)C)CC1(CC1)c1ccncc1,0,CC1CN(CC2(c3ccncc3)CC2)CCN1S(=O)(=O)c1ccc(C(C)(O)C(F)(F)F)cc1,1
N#CCCN1CCN(C(C1)C)c1cc2[nH]c(nc2cc1Cl)SC(C)(C)C,1,CC1CN(CCC#N)CCN1c1cc2[nH]c(SC(C)(C)C)nc2cc1Cl,0
OCCN1CCN(C(C1)C)c1cc2[nH]c(nc2cc1Cl)SC(C)(C)C,0,CC1CN(CCO)CCN1c1cc2[nH]c(SC(C)(C)C)nc2cc1Cl,1
CC1NCCN(C1)Cc1ccc(cc1)CC(=O)N1CCC(CC1)Nc1cccc(c1)F,1,CC1CN(Cc2ccc(CC(=O)N3CCC(Nc4cccc(F)c4)CC3)cc2)CCN1,0
CC1NCCN(C1)Cc1cccc(c1)c1cc(CNC(=O)c2cccc(c2)CC2CCNCC2)ccc1F,0,CC1CN(Cc2cccc(-c3cc(CNC(=O)c4cccc(CC5CCNCC5)c4)ccc3F)c2)CCN1,1
O=C(N1CCN(CC1C)c1ccc(cn1)C(=O)Nc1ccccc1N)OCc1ccccc1,1,CC1CN(c2ccc(C(=O)Nc3ccccc3N)cn2)CCN1C(=O)OCc1ccccc1,0
CC1OC(C)CN(C1)c1nc(c2ccc(cc2Cl)Cl)c2c(n1)N(C(=O)NC2)c1c(Cl)cccc1Cl,0,CC1CN(c2nc(-c3ccc(Cl)cc3Cl)c3c(n2)N(c2c(Cl)cccc2Cl)C(=O)NC3)CC(C)O1,1
CC1CNCCN1c1ccc(=O)n(n1)CCOc1ccccc1C(F)(F)F,0,CC1CNCCN1c1ccc(=O)n(CCOc2ccccc2C(F)(F)F)n1,1
CC1COCCN1c1cc(nc(n1)c1ccc2c(c1)cc[nH]2)CS(=O)(=O)C,1,CC1COCCN1c1cc(CS(C)(=O)=O)nc(-c2ccc3[nH]ccc3c2)n1,0
N#CCC(C1CCN(C1)c1c(F)cc2c3c1OCC(n3cc(c2=O)C(=O)O)C)N,1,CC1COc2c(N3CCC(C(N)CC#N)C3)c(F)cc3c(=O)c(C(=O)O)cn1c23,0
CC1COc2c(O1)cnc(c2)CNC12CCC(CC1)(OC2)CC1(O)Cn2c3c1c(F)cnc3ccc2=O,1,CC1COc2cc(CNC34CCC(CC5(O)Cn6c(=O)ccc7ncc(F)c5c76)(CC3)OC4)ncc2O1,0
CC1COc2c(O1)cc(nc2)CNC12CCC(CC1)(OC2)CC1(O)Cn2c3c1c(F)cnc3ccc2=O,1,CC1COc2cnc(CNC34CCC(CC5(O)Cn6c(=O)ccc7ncc(F)c5c76)(CC3)OC4)cc2O1,0
CC1Cc2c3cc(F)c(cc3[nH]c2C2(N1)C(=O)Nc1c2cc(Cl)cc1)Cl,1,CC1Cc2c([nH]c3cc(Cl)c(F)cc23)C2(N1)C(=O)Nc1ccc(Cl)cc12,0
CC1Cc2c3ccc(cc3[nH]c2C2(N1)C(=O)Nc1c2cc(Cl)cc1)Cl,1,CC1Cc2c([nH]c3cc(Cl)ccc23)C2(N1)C(=O)Nc1ccc(Cl)cc12,0
Clc1ccc2c(c1)C1(NC(C)Cc3c1[nH]c1c3cc(c(c1)F)F)C(=O)N2,1,CC1Cc2c([nH]c3cc(F)c(F)cc23)C2(N1)C(=O)Nc1ccc(Cl)cc12,0
CC1Cc2c3cc(F)ccc3[nH]c2C2(N1)C(=O)Nc1c2cc(Cl)cc1,1,CC1Cc2c([nH]c3ccc(F)cc23)C2(N1)C(=O)Nc1ccc(Cl)cc12,0
Clc1ccc2c(c1)C1(NC(C)Cc3c1[nH]c1c3cccc1)C(=O)N2,1,CC1Cc2c([nH]c3ccccc23)C2(N1)C(=O)Nc1ccc(Cl)cc12,0
N#Cc1ccnc(c1)C1=NC(C(N1)C)(c1ccc(cc1)F)c1ccc(cc1)F,0,CC1NC(c2cc(C#N)ccn2)=NC1(c1ccc(F)cc1)c1ccc(F)cc1,1
Fc1ccc(cc1)C1(N=C(NC1C)c1cnccn1)c1ccc(cc1)F,1,CC1NC(c2cnccn2)=NC1(c1ccc(F)cc1)c1ccc(F)cc1,0
CC1SC(=N[C@@]2([C@H]1CC(OC2)c1cnn(c1)C)c1ccc(cc1F)F)N,0,CC1SC(N)=N[C@@]2(c3ccc(F)cc3F)COC(c3cnn(C)c3)C[C@@H]12,1
Fc1cc2c(cc1N1CCNCC1)n1C(C)Sc1c(c2=O)C(=O)O,1,CC1Sc2c(C(=O)O)c(=O)c3cc(F)c(N4CCNCC4)cc3n21,0
CC1Sc2ccccc2OC1c1ccc(cc1)OCCCN1CCCC1,0,CC1Sc2ccccc2OC1c1ccc(OCCCN2CCCC2)cc1,1
CCC(=O)C(c1ccccc1)(c1ccccc1)CC(N(C)C)C,0,CCC(=O)C(CC(C)N(C)C)(c1ccccc1)c1ccccc1,1
C(c1ccccc1)(c1ccccc1)(C[C@@H](N(C)C)C)C(CC)=O,0,CCC(=O)C(C[C@H](C)N(C)C)(c1ccccc1)c1ccccc1,1
CCC(=O)N1CCc2c(C1)nc(n2C1CC2CCC(C1)N2CCC(c1cccc(c1)F)NC(=O)C)C,0,CCC(=O)N1CCc2c(nc(C)n2C2CC3CCC(C2)N3CCC(NC(C)=O)c2cccc(F)c2)C1,1
CCC(=O)NCCc1ccccc1c1ccc(c(c1)Cl)[C@H]1CNCC[C@H]1c1ccn(c(=O)c1)C,0,CCC(=O)NCCc1ccccc1-c1ccc([C@H]2CNCC[C@H]2c2ccn(C)c(=O)c2)c(Cl)c1,1
c1cccc(c12)c(ns2)N(CC3)CCN3CCc(c4)ccc(c45)[C@H](CC5)NC(=O)CC,0,CCC(=O)N[C@H]1CCc2cc(CCN3CCN(c4nsc5ccccc45)CC3)ccc21,1
c1cccc(c12)snc2N(CC3)CCN3CCc(c4)ccc(c45)CC[C@@H]5NC(=O)CC,0,CCC(=O)N[C@H]1CCc2ccc(CCN3CCN(c4nsc5ccccc45)CC3)cc21,1
c1([C@@](Cc2ccccc2)([C@@H](CNC)C)OC(CC)=O)ccccc1,0,CCC(=O)O[C@@](Cc1ccccc1)(c1ccccc1)[C@H](C)CNC,1
O(C(CC)=O)[C@@](c1ccccc1)(Cc1ccccc1)[C@@H](CN(C)C)C,0,CCC(=O)O[C@](Cc1ccccc1)(c1ccccc1)[C@H](C)CN(C)C,1
CCC(=O)[C@]1(C)Oc2ccc(nc2NC1=O)CN[C@]12CC[C@](CC1)(OC2)CCc1c(F)cnc2c1nc(OC)cc2,0,CCC(=O)[C@]1(C)Oc2ccc(CN[C@]34CC[C@](CCc5c(F)cnc6ccc(OC)nc56)(CC3)OC4)nc2NC1=O,1
CCC(Cc1cnc([nH]1)CCc1ccc(cc1)c1ccccn1)(C)C,0,CCC(C)(C)Cc1cnc(CCc2ccc(-c3ccccn3)cc2)[nH]1,1
CCC(c1ccc(cc1)S(=O)(=O)Nc1ccc(cc1)C12CNCC2C1)(C)C,0,CCC(C)(C)c1ccc(S(=O)(=O)Nc2ccc(C34CNCC3C4)cc2)cc1,1
CCC(n1c(N)nc2c1ccc(c2)Cl)CC(=O)NCC1CCCCC1,0,CCC(CC(=O)NCC1CCCCC1)n1c(N)nc2cc(Cl)ccc21,1
CCC(c1cnc2n1C[C@@H](CC[C@H]2NC(=O)N1CCC2(CC1)OC(=O)Nc1c2cccn1)c1cccc(c1F)F)(OC)CC,0,CCC(CC)(OC)c1cnc2n1C[C@H](c1cccc(F)c1F)CC[C@H]2NC(=O)N1CCC2(CC1)OC(=O)Nc1ncccc12,1
CCC(N(C(=O)c1cccc(c1Cl)Cl)C1CNCC1)CC,0,CCC(CC)N(C(=O)c1cccc(Cl)c1Cl)C1CCNC1,1
CCC(NS(=O)(=O)c1ccc(cc1)c1ccc(cc1)CCN1CCCC1C)CO,0,CCC(CO)NS(=O)(=O)c1ccc(-c2ccc(CCN3CCCC3C)cc2)cc1,1
CCC(c1ccc(cc1)Cl)NC(=O)C1(N)CCCN(C1)c1ncnc2c1cc[nH]2,0,CCC(NC(=O)C1(N)CCCN(c2ncnc3[nH]ccc23)C1)c1ccc(Cl)cc1,1
CCC(C(F)(F)F)(c1nnn(c1)Cc1ccc2c(c1)sc(c2c1ccc(cc1)F)C(=O)O)O,1,CCC(O)(c1cn(Cc2ccc3c(-c4ccc(F)cc4)c(C(=O)O)sc3c2)nn1)C(F)(F)F,0
CCC(C(F)(F)F)(c1nnn(c1)Cc1ccc2c(c1)sc(c2c1ccc(cc1)F)C(=O)N)O,1,CCC(O)(c1cn(Cc2ccc3c(-c4ccc(F)cc4)c(C(N)=O)sc3c2)nn1)C(F)(F)F,0
CCC(C(F)(F)F)(c1nnn(c1)Cc1ccc2c(c1)sc(c2c1cccc(c1)F)C(=O)N)O,1,CCC(O)(c1cn(Cc2ccc3c(-c4cccc(F)c4)c(C(N)=O)sc3c2)nn1)C(F)(F)F,0
CCC(C(F)(F)F)(c1nnn(c1)Cc1ccc2c(c1)sc(c2c1ccccc1)C(=O)O)O,1,CCC(O)(c1cn(Cc2ccc3c(-c4ccccc4)c(C(=O)O)sc3c2)nn1)C(F)(F)F,0
CCC(C(F)(F)F)(c1nnn(c1)Cc1ccc2c(c1)sc(c2c1ccccc1)C(=O)N)O,1,CCC(O)(c1cn(Cc2ccc3c(-c4ccccc4)c(C(N)=O)sc3c2)nn1)C(F)(F)F,0
CCC(C(c1ccccc1)(c1ccccc1)CC(N(C)C)C)O,1,CCC(O)C(CC(C)N(C)C)(c1ccccc1)c1ccccc1,0
CCC(O)COc1ccccc1C(=O)CCc2ccccc2,0,CCC(O)COc1ccccc1C(=O)CCc1ccccc1,1
CCC.C[C@H](OC1CCC2NC1(CC2S(=O)(=O)c3ccccc3)c4ccccc4)c5cc(cc(c5)C(F)(F)F)C(F)(F)F,0,CCC.C[C@H](OC1CCC2NC1(c1ccccc1)CC2S(=O)(=O)c1ccccc1)c1cc(C(F)(F)F)cc(C(F)(F)F)c1,1
CCC.Cc1nc2cc3CCN(CCSc4nnc(-c5cccc6nc(C)ccc56)n4C)CCc3cc2o1,1,CCC.Cc1ccc2c(-c3nnc(SCCN4CCc5cc6nc(C)oc6cc5CC4)n3C)cccc2n1,0
CCC1COCCC1NC1CCC(C1)(C(C)C)C(=O)N1CCN(CC1)c1nccc(c1)C(F)(F)F,0,CCC1COCCC1NC1CCC(C(=O)N2CCN(c3cc(C(F)(F)F)ccn3)CC2)(C(C)C)C1,1
CCC1NC(=NC1(c1ccc(cc1)F)c1ccc(cc1)F)c1nccc(c1)C#N,0,CCC1NC(c2cc(C#N)ccn2)=NC1(c1ccc(F)cc1)c1ccc(F)cc1,1
CNC(=O)COC1C(C)CC(C)(O)C(OC2OC(C)CC(C2O)N(C(C)C)C)C(C)C(OC2OC(C)CC(C2)(C)OC)C(C(=O)OC(C(C(C1C)O)(C)O)CC)C,1,CCC1OC(=O)C(C)C(OC2CC(C)(OC)CC(C)O2)C(C)C(OC2OC(C)CC(N(C)C(C)C)C2O)C(C)(O)CC(C)C(OCC(=O)NC)C(C)C(O)C1(C)O,0
CCC1Sc2ccccc2OC1c1ccc(cc1)OCCCN1CCCC1,0,CCC1Sc2ccccc2OC1c1ccc(OCCCN2CCCC2)cc1,1
CCCC(=O)N1CCc2c(C1)nc(n2C1CC2CCC(C1)N2CCC(c1cccc(c1)F)NC(=O)C)C,0,CCCC(=O)N1CCc2c(nc(C)n2C2CC3CCC(C2)N3CCC(NC(C)=O)c2cccc(F)c2)C1,1
c1cccc(c12)c(ns2)N(CC3)CCN3CCc(c4)ccc(c45)[C@H](CC5)NC(=O)CCC,0,CCCC(=O)N[C@H]1CCc2cc(CCN3CCN(c4nsc5ccccc45)CC3)ccc21,1
c1cccc(c12)snc2N(CC3)CCN3CCc(c4)ccc(c45)CC[C@@H]5NC(=O)CCC,0,CCCC(=O)N[C@H]1CCc2ccc(CCN3CCN(c4nsc5ccccc45)CC3)cc21,1
CCCC1(CC)Oc2c(O1)c(ccc2)CN1CCC2(CC1)CCN(CC2)C(=O)c1ccc(cn1)N,0,CCCC1(CC)Oc2cccc(CN3CCC4(CC3)CCN(C(=O)c3ccc(N)cn3)CC4)c2O1,1
CCCC1NC(=NC1(c1ccc(cc1)F)c1ccc(cc1)F)c1nccc(c1)C#N,0,CCCC1NC(c2cc(C#N)ccn2)=NC1(c1ccc(F)cc1)c1ccc(F)cc1,1
CCCCC(C(c1cccnc1)(c1cccnc1)O)N1CCOCC1,1,CCCCC(N1CCOCC1)C(O)(c1cccnc1)c1cccnc1,0
CCCCC(c1ccc(cc1)Cl)NC(=O)C1(N)CCCN(C1)c1ncnc2c1cc[nH]2,0,CCCCC(NC(=O)C1(N)CCCN(c2ncnc3[nH]ccc23)C1)c1ccc(Cl)cc1,1
CCCCC/C=C\C/C=C\CCCCCCCC(=O)N,0,CCCCC/C=C\C/C=C\CCCCCCCC(N)=O,1
CCCCC1(CCCN1)C(=O)c1ccc2c(c1)cn[nH]2,1,CCCCC1(C(=O)c2ccc3[nH]ncc3c2)CCCN1,0
CCCCC1(CCCC)NC(Cc2c1[nH]c1c2cccc1)c1[nH]cc(n1)c1ccccc1,0,CCCCC1(CCCC)NC(c2nc(-c3ccccc3)c[nH]2)Cc2c1[nH]c1ccccc21,1
CCCCC1CN(CC2CCOCC2)C(=O)OC21CCN(CC2)C1(C)CCN(CC1)C(=O)c1c(C)ncnc1C,1,CCCCC1CN(CC2CCOCC2)C(=O)OC12CCN(C1(C)CCN(C(=O)c3c(C)ncnc3C)CC1)CC2,0
CCCCCC(C(=O)c1cc2c(n1c1cccc(c1)C(F)(F)F)ccc(c2)Cl)Cc1ccc(cc1)C(=O)NCCC(=O)O,0,CCCCCC(Cc1ccc(C(=O)NCCC(=O)O)cc1)C(=O)c1cc2cc(Cl)ccc2n1-c1cccc(C(F)(F)F)c1,1
CCCCCCC#Cc1cccc([n+]1C)C#CCCCCCC,0,CCCCCCC#Cc1cccc(C#CCCCCCC)[n+]1C,1
CCCCCCC(C(c1cccnc1)(c1cccnc1)O)N1CCOCC1,1,CCCCCCC(N1CCOCC1)C(O)(c1cccnc1)c1cccnc1,0
C(CCCCCCCC)(=O)NCc1cc(c(cc1)C[C@@H](CO)O)OC,0,CCCCCCCCC(=O)NCc1ccc(C[C@H](O)CO)c(OC)c1,1
CCCCCCCCCC#CCc([n+]1C)cccc1CC#CCCCCCCCCC,0,CCCCCCCCCC#CCc1cccc(CC#CCCCCCCCCC)[n+]1C,1
CCCCCCCCCCCCC/C=C/[C@H]([C@@H](NC(=O)C)CO)O,1,CCCCCCCCCCCCC/C=C/[C@@H](O)[C@H](CO)NC(C)=O,0
CCCCCCCCCCCCc([n+]1C)cccc1CCCCCCCCCCCC,0,CCCCCCCCCCCCc1cccc(CCCCCCCCCCCC)[n+]1C,1
CCCCCCCCCC[N+](CCCCCCCCCC)(C)C,0,CCCCCCCCCC[N+](C)(C)CCCCCCCCCC,1
CCCCCCCCCCc([n+]1C)cccc1CCCCCCCCCC,0,CCCCCCCCCCc1cccc(CCCCCCCCCC)[n+]1C,1
CCCCCCCCCc([n+]1C)cccc1CCCCCCCCC,0,CCCCCCCCCc1cccc(CCCCCCCCC)[n+]1C,1
CCCCCCCCc1cccc([n+]1C)CCCCCCCC,0,CCCCCCCCc1cccc(CCCCCCCC)[n+]1C,1
CCCCCCCN(C/C=C\CCc1ccc(cc1)Cl)CC,0,CCCCCCCN(CC)C/C=C\CCc1ccc(Cl)cc1,1
CCCCCCCN(CCCC(c1ccc(cc1)Cl)O)CC,0,CCCCCCCN(CC)CCCC(O)c1ccc(Cl)cc1,1
CCCCCCCN(CCCCc1ccc(cc1)N)CC,0,CCCCCCCN(CC)CCCCc1ccc(N)cc1,1
CCCCCCCN(CCCCc1ccc(cc1)NC=O)CC,0,CCCCCCCN(CC)CCCCc1ccc(NC=O)cc1,1
c1(ccc(cc1)NS(=O)(=O)C)[C@@H](CCC[N@@](CCCCCCC)CC)O,0,CCCCCCCN(CC)CCC[C@@H](O)c1ccc(NS(C)(=O)=O)cc1,1
CCCCCCCN1CCC(CC1)C(=O)c1ccc(cc1)Cl,0,CCCCCCCN1CCC(C(=O)c2ccc(Cl)cc2)CC1,1
CCCCCCC[N+](C/C=C\Cc1ccc(cc1)Cl)(CC)CC,0,CCCCCCC[N+](CC)(CC)C/C=C\Cc1ccc(Cl)cc1,1
CCCCCCCc([n+]1C)cccc1CCCCCCC,0,CCCCCCCc1cccc(CCCCCCC)[n+]1C,1
CCCCCCc([n+]1C)cccc1CCCCCC,0,CCCCCCc1cccc(CCCCCC)[n+]1C,1
CCCCCOC(=O)N1CCN(CC1)C(=O)C(NC(=O)c1cc(cc(n1)c1ccccc1)N1CCC(CC1)C(=O)N1CCCC1)CCC(=O)O,1,CCCCCOC(=O)N1CCN(C(=O)C(CCC(=O)O)NC(=O)c2cc(N3CCC(C(=O)N4CCCC4)CC3)cc(-c3ccccc3)n2)CC1,0
CCCCN(C/C=C\CCc1ccc(cc1)Cl)CC,0,CCCCN(CC)C/C=C\CCc1ccc(Cl)cc1,1
CCCCN(C/C=C\Cc1ccc(cc1)Cl)CC,0,CCCCN(CC)C/C=C\Cc1ccc(Cl)cc1,1
CCCCN(CC(c1cc(Cl)cc2c1c1ccc(cc1/C/2=C/c1ccc(cc1)Cl)Cl)O)CCCC,0,CCCCN(CCCC)CC(O)c1cc(Cl)cc2c1-c1ccc(Cl)cc1/C2=C/c1ccc(Cl)cc1,1
C([C@@H](c1c2c(c3c(c1)c(Cl)cc(c3)Cl)cc(C(F)(F)F)cc2)O)CN(CCCC)CCCC,0,CCCCN(CCCC)CC[C@H](O)c1cc2c(Cl)cc(Cl)cc2c2cc(C(F)(F)F)ccc12,1
CCCCN(CC(COc1ccc(cc1)NS(=O)(=O)C)O)CCc1ccc(c(c1)Cl)Cl,0,CCCCN(CCc1ccc(Cl)c(Cl)c1)CC(O)COc1ccc(NS(C)(=O)=O)cc1,1
CCCCN(C1CCN(C1=O)Cc1ccccc1)Cc1cncn1Cc1ccc(cc1)C#N,0,CCCCN(Cc1cncn1Cc1ccc(C#N)cc1)C1CCN(Cc2ccccc2)C1=O,1
CCCCN1CCCCC1C(=O)NC2=C(C=CC=C2C)C,1,CCCCN1CCCCC1C(=O)Nc1c(C)cccc1C,0
CCCCN1CCC[C@H]1Cn1nc(Cc2ccc(cc2)Cl)c2c(c1=O)cccc2,0,CCCCN1CCC[C@H]1Cn1nc(Cc2ccc(Cl)cc2)c2ccccc2c1=O,1
CCCCN1CCC[C@H]1Cn1nc(Cc2ccc(cc2)Cl)c2c(c1=O)nccc2,0,CCCCN1CCC[C@H]1Cn1nc(Cc2ccc(Cl)cc2)c2cccnc2c1=O,1
CCCCN1CCC[C@H]1Cn1nc(Cc2ccc(cc2)Cl)c2c(c1=O)ccnc2,0,CCCCN1CCC[C@H]1Cn1nc(Cc2ccc(Cl)cc2)c2cnccc2c1=O,1
CCCCN1CCC[C@H]1Cn1nc(Cc2ccc(cc2)Cl)c2c(c1=O)cccn2,0,CCCCN1CCC[C@H]1Cn1nc(Cc2ccc(Cl)cc2)c2ncccc2c1=O,1
CCCCNCC(c1cc(Cl)cc2c1c1ccc(cc1/C/2=C/c1ccc(cc1)Cl)Cl)O,0,CCCCNCC(O)c1cc(Cl)cc2c1-c1ccc(Cl)cc1/C2=C/c1ccc(Cl)cc1,1
CCCCNCCC(O)c1cc2c(Cl)cc(Cl)cc2c3cc(ccc13)C(F)(F)F,0,CCCCNCCC(O)c1cc2c(Cl)cc(Cl)cc2c2cc(C(F)(F)F)ccc12,1
CCCCNc1ncc2c(n1)n(CC1CCC(CC1)N)nc2c1ccc(cc1)F,0,CCCCNc1ncc2c(-c3ccc(F)cc3)nn(CC3CCC(N)CC3)c2n1,1
CCCCNc1ncc2c(n1)n(CC1CCC(CC1)N)nc2c1ccc(cc1)S(=O)(=O)NC,0,CCCCNc1ncc2c(-c3ccc(S(=O)(=O)NC)cc3)nn(CC3CCC(N)CC3)c2n1,1
CCCCOC(=O)N1CCN(CC1)C(=O)C(NC(=O)c1cc(cc(n1)c1ccccc1)N1CCC(CC1)C(=O)N1CCCC1)CCC(=O)O,1,CCCCOC(=O)N1CCN(C(=O)C(CCC(=O)O)NC(=O)c2cc(N3CCC(C(=O)N4CCCC4)CC3)cc(-c3ccccc3)n2)CC1,0
CCCCOc1ccc(cc1)C(=O)NC1COc2c(C1)c(ccc2)N1CCN(CC1)C,0,CCCCOc1ccc(C(=O)NC2COc3cccc(N4CCN(C)CC4)c3C2)cc1,1
CCCCS(=O)(=O)N1Cc2c(C1)cc(cc2)C=CC(=O)NO,1,CCCCS(=O)(=O)N1Cc2ccc(C=CC(=O)NO)cc2C1,0
CCCCc1ccc(cc1)S(=O)(=O)Nc1ccc(cc1)C12CNCC2C1,0,CCCCc1ccc(S(=O)(=O)Nc2ccc(C34CNCC3C4)cc2)cc1,1
CCCCc1oc2c(c1C(=O)c1cc(I)c(c(c1)I)OCC(=O)O)cccc2,1,CCCCc1oc2ccccc2c1C(=O)c1cc(I)c(OCC(=O)O)c(I)c1,0
CCCCc1oc2c(c1C(=O)c1cc(I)c(c(c1)I)OCC(=O)OCC)cccc2,1,CCCCc1oc2ccccc2c1C(=O)c1cc(I)c(OCC(=O)OCC)c(I)c1,0
CCCCc1oc2c(c1C(=O)c1cc(I)c(c(c1)I)OCCC)cccc2,1,CCCCc1oc2ccccc2c1C(=O)c1cc(I)c(OCCC)c(I)c1,0
CCCCc1oc2c(c1C(=O)c1cc(I)c(c(c1)I)OCCN(C(C)C)C(C)C)cccc2,0,CCCCc1oc2ccccc2c1C(=O)c1cc(I)c(OCCN(C(C)C)C(C)C)c(I)c1,1
CCCCc1oc2c(c1C(=O)c1cc(I)c(c(c1)I)OCCN)cccc2,0,CCCCc1oc2ccccc2c1C(=O)c1cc(I)c(OCCN)c(I)c1,1
CCCCc1oc2c(c1C(=O)c1cc(I)c(c(c1)I)OCCNC(=O)CC)cccc2,0,CCCCc1oc2ccccc2c1C(=O)c1cc(I)c(OCCNC(=O)CC)c(I)c1,1
CCCCc1oc2c(c1C(=O)c1cc(I)c(c(c1)I)OCCNCC)cccc2,0,CCCCc1oc2ccccc2c1C(=O)c1cc(I)c(OCCNCC)c(I)c1,1
CCCCc1oc2c(c1C(=O)c1cc(I)c(c(c1)I)OCCO)cccc2,1,CCCCc1oc2ccccc2c1C(=O)c1cc(I)c(OCCO)c(I)c1,0
CCCCc1oc2ccccc2c1C(=O)c3ccc(OCCN(CC)CC)cc3,0,CCCCc1oc2ccccc2c1C(=O)c1ccc(OCCN(CC)CC)cc1,1
CCCCn1nc(c2c1ccc(c2)C(F)(F)F)NCC(=O)NC1CN(C1)C1CCC(CC1)C(=O)OCC,0,CCCCn1nc(NCC(=O)NC2CN(C3CCC(C(=O)OCC)CC3)C2)c2cc(C(F)(F)F)ccc21,1
CCCN(C(=O)c1cccc(c1Cl)Cl)C1CNCC1,1,CCCN(C(=O)c1cccc(Cl)c1Cl)C1CCNC1,0
CCCN(C(=O)c1ccccc1C(C)C)C1CNCC1,1,CCCN(C(=O)c1ccccc1C(C)C)C1CCNC1,0
CCCN(C(=O)c1ccccc1SC)C1CNCC1,1,CCCN(C(=O)c1ccccc1SC)C1CCNC1,0
CCCN(Cc1ccc(cc1)C=CC(=O)NO)CCc1c[nH]c2c1cccc2,0,CCCN(CCc1c[nH]c2ccccc12)Cc1ccc(C=CC(=O)NO)cc1,1
CCCN(CC(COc1ccc(cc1)NS(=O)(=O)C)O)CCc1ccc(c(c1)Cl)Cl,0,CCCN(CCc1ccc(Cl)c(Cl)c1)CC(O)COc1ccc(NS(C)(=O)=O)cc1,1
CCCNC(C(=O)Nc1c(C)csc1C(=O)OC)C,1,CCCNC(C)C(=O)Nc1c(C)csc1C(=O)OC,0
CCCNS(=O)(=O)c1cc(c(cc1F)Cl)C(=O)N1CCC(CC1)(CCN1[C@@H]2CC[C@@H]1C[C@@H](C2)n1c(C)nc2c1cccc2)c1cccc(c1)F,0,CCCNS(=O)(=O)c1cc(C(=O)N2CCC(CCN3[C@@H]4CC[C@@H]3CC(n3c(C)nc5ccccc53)C4)(c3cccc(F)c3)CC2)c(Cl)cc1F,1
CCCNS(=O)(=O)c1ccc(cc1)c1ccc(cc1)CCN1CCCC1C,0,CCCNS(=O)(=O)c1ccc(-c2ccc(CCN3CCCC3C)cc2)cc1,1
CCCOC(c1ccccc1)(c1ccccc1)C(=O)OC1CCN(CC1)C,0,CCCOC(C(=O)OC1CCN(C)CC1)(c1ccccc1)c1ccccc1,1
CCCOCCn1c2cc(ncc2nc(c1=O)N1CCN(CC1)C[C@@H](O)C)c1ccc(nc1)OC,0,CCCOCCn1c(=O)c(N2CCN(C[C@H](C)O)CC2)nc2cnc(-c3ccc(OC)nc3)cc21,1
CCCOCCn1c2cc(ncc2nc(c1=O)N1CCN(CC1)[C@@H]([C@@H](O)C)C)c1ccc(nc1)OC,0,CCCOCCn1c(=O)c(N2CCN([C@H](C)[C@H](C)O)CC2)nc2cnc(-c3ccc(OC)nc3)cc21,1
CCCOc1ccc(c(c1)C(F)(F)F)c1noc(c1)Cn1ncc2c(c1)nc(n2)c1cccc(c1F)F,1,CCCOc1ccc(-c2cc(Cn3cc4nc(-c5cccc(F)c5F)nc-4cn3)on2)c(C(F)(F)F)c1,0
CCCS(=O)(=O)Nc1ccc2c(c1)[nH]c(n2)Cc1ccc(cc1)Oc1ccccc1,0,CCCS(=O)(=O)Nc1ccc2nc(Cc3ccc(Oc4ccccc4)cc3)[nH]c2c1,1
CCCc1nc(C#N)nc(c1)c1cc(cc(c1)C(F)(F)F)C(=O)N(C)C,1,CCCc1cc(-c2cc(C(=O)N(C)C)cc(C(F)(F)F)c2)nc(C#N)n1,0
CCN(C(=O)c1cccc(c1Cl)Cl)C1CNCC1,1,CCN(C(=O)c1cccc(Cl)c1Cl)C1CCNC1,0
CCN(C(=O)c1ccccc1Oc1ccccc1)C1CNCC1,0,CCN(C(=O)c1ccccc1Oc1ccccc1)C1CCNC1,1
CCN(C(=O)CN1Cc2c(C1=O)nc(c(c2c1ccc(cc1Cl)Cl)CN)C)CC,1,CCN(CC)C(=O)CN1Cc2c(nc(C)c(CN)c2-c2ccc(Cl)cc2Cl)C1=O,0
CCN(C(=O)c1ccc(cc1)C(=C1CCN(CC1)Cc1ncsc1)c1ccccn1)CC,1,CCN(CC)C(=O)c1ccc(C(=C2CCN(Cc3cscn3)CC2)c2ccccn2)cc1,0
CCN(C(C(c1cccnc1)(c1cccnc1)O)c1ccccc1)CC,1,CCN(CC)C(c1ccccc1)C(O)(c1cccnc1)c1cccnc1,0
c12c(nccc1N[C@@H](CCCN(CC)CC)C)cc(Cl)cc2,0,CCN(CC)CCC[C@@H](C)Nc1ccnc2cc(Cl)ccc12,1
COCCCc1cc(CN(C(=O)[C@H]2CNCC[C@]32OCc2c3cc(F)c(c2)F)C2CC2)c(c(c1)CCCN(CC)CC)Cl,1,CCN(CC)CCCc1cc(CCCOC)cc(CN(C(=O)[C@H]2CNCC[C@@]23OCc2cc(F)c(F)cc23)C2CC2)c1Cl,0
CCN(CCN1CCCc2c1ccc(c2)NC(=N)c1cccs1)CC,0,CCN(CC)CCN1CCCc2cc(NC(=N)c3cccs3)ccc21,1
CCN(CCNC(=O)c1cc(Br)c(cc1OC)N)CC,1,CCN(CC)CCNC(=O)c1cc(Br)c(N)cc1OC,0
CCN(CCNC(=O)c1cc(Cl)c(cc1OC)N)CC,0,CCN(CC)CCNC(=O)c1cc(Cl)c(N)cc1OC,1
CCN(CCNC(=O)c1ccc(cc1)NS(=O)(=O)C)CC,1,CCN(CC)CCNC(=O)c1ccc(NS(C)(=O)=O)cc1,0
CCN(CC)CCOC(=O)C1=CC=C(C=C1)N,1,CCN(CC)CCOC(=O)c1ccc(N)cc1,0
CCN(CC)CCOc1ccc(cc1)C(=C(Cl)c2ccccc2)c3ccccc3,0,CCN(CC)CCOc1ccc(C(=C(Cl)c2ccccc2)c2ccccc2)cc1,1
CCN(CC)Cc4ccc3CC([N@]2CCN(CCc1ccc(Cl)cc1)CC2=O)CCc3c4,0,CCN(CC)Cc1ccc2c(c1)CCC(N1CCN(CCc3ccc(Cl)cc3)CC1=O)C2,1
CCN(CC)Cc4ccc3CC([N@]2CCN(CCc1ccc(F)cc1)CC2=O)CCc3c4,0,CCN(CC)Cc1ccc2c(c1)CCC(N1CCN(CCc3ccc(F)cc3)CC1=O)C2,1
CCN(CC)Cc1ccc2CC(CCc2c1)N3CCN(CCc4cccc(c4)C(F)(F)F)CC3=O,0,CCN(CC)Cc1ccc2c(c1)CCC(N1CCN(CCc3cccc(C(F)(F)F)c3)CC1=O)C2,1
CCN(CC)c3ccc(NC(=O)C2(CN(C)C(=O)OCC(C)C)CCc1cccc(OC)c1C2)cc3,0,CCN(CC)c1ccc(NC(=O)C2(CN(C)C(=O)OCC(C)C)CCc3cccc(OC)c3C2)cc1,1
CCN(CC)c1ccc(NC(=O)C2(CCc3cccc(OC)c3C2)N(C)C(=O)OC(C)C)cc1,0,CCN(CC)c1ccc(NC(=O)C2(N(C)C(=O)OC(C)C)CCc3cccc(OC)c3C2)cc1,1
CCN(CC)c1ccc(NC(=O)C2(CCc3cccc(Br)c3C2)NC(=O)OC(C)C)cc1,0,CCN(CC)c1ccc(NC(=O)C2(NC(=O)OC(C)C)CCc3cccc(Br)c3C2)cc1,1
CCN(CC)c1ccc(NC(=O)C2(CCc3ccccc3C2)NC(=O)OC(C)C)cc1,1,CCN(CC)c1ccc(NC(=O)C2(NC(=O)OC(C)C)CCc3ccccc3C2)cc1,0
OCCN(CCCOc1cc2ncnc(c2cc1OC)Nc1[nH]nc(c1)CC(=O)Nc1cccc(c1F)F)CC,1,CCN(CCO)CCCOc1cc2ncnc(Nc3cc(CC(=O)Nc4cccc(F)c4F)n[nH]3)c2cc1OC,0
OCCN(CCCOc1ccc2c(c1)ncnc2Nc1[nH]nc(c1)CC(=O)Nc1cccc(c1)F)CC,1,CCN(CCO)CCCOc1ccc2c(Nc3cc(CC(=O)Nc4cccc(F)c4)n[nH]3)ncnc2c1,0
CCN(Cc1ccc(cc1)C=CC(=O)NO)CCc1c[nH]c2c1cccc2,0,CCN(CCc1c[nH]c2ccccc12)Cc1ccc(C=CC(=O)NO)cc1,1
CCN(CC(COc1ccc(cc1)NS(=O)(=O)C)O)CCc1ccc(c(c1)Cl)Cl,0,CCN(CCc1ccc(Cl)c(Cl)c1)CC(O)COc1ccc(NS(C)(=O)=O)cc1,1
CCN/C(=N\S(=O)(=O)c1cccc(c1)Cl)/N1N=CC(C1)(C)C,1,CCN/C(=N\S(=O)(=O)c1cccc(Cl)c1)N1CC(C)(C)C=N1,0
CCN/C(=N\S(=O)(=O)c1cccc(c1)Cl)/N1N=CC(C1)CC,1,CCN/C(=N\S(=O)(=O)c1cccc(Cl)c1)N1CC(CC)C=N1,0
CCN1CC2C(C1)C2CN(C(=O)c1ncn(c1)C)Cc1cccc(c1)OC(F)(F)F,0,CCN1CC2C(C1)C2CN(Cc1cccc(OC(F)(F)F)c1)C(=O)c1cn(C)cn1,1
CCN1CC2C(C1)CC(C2)N(C(=O)c1ncn(c1)C)Cc1ccc(c(c1)C(F)(F)F)F,0,CCN1CC2CC(N(Cc3ccc(F)c(C(F)(F)F)c3)C(=O)c3cn(C)cn3)CC2C1,1
CCN1CC2C(C1)CC(C2)N(C(=O)c1ncn(c1)C)Cc1cccc(c1)OC(F)(F)F,0,CCN1CC2CC(N(Cc3cccc(OC(F)(F)F)c3)C(=O)c3cn(C)cn3)CC2C1,1
CCN1CC2C(C1)(C2)c1ccc(cc1)NS(=O)(=O)c1ccc(cc1)C(C)C,0,CCN1CC2CC2(c2ccc(NS(=O)(=O)c3ccc(C(C)C)cc3)cc2)C1,1
CCN1CC2[C@](C1)(CCCC2)c1ccc(c(c1)Cl)Cl,0,CCN1CC2CCCC[C@@]2(c2ccc(Cl)c(Cl)c2)C1,1
CCN1CC2[C@@](C1)(CCCC2)c1ccc(c(c1)Cl)Cl,0,CCN1CC2CCCC[C@]2(c2ccc(Cl)c(Cl)c2)C1,1
CCN4CCN(NCc3cnc(c2ccc(C(=O)Nc1ccccc1N)cc2)c(C#N)c3)CC4,1,CCN1CCN(NCc2cnc(-c3ccc(C(=O)Nc4ccccc4N)cc3)c(C#N)c2)CC1,0
CCN4CCN(NCc3cnc(c2ccc(C(=O)Nc1ccccc1N)cc2)c(C)c3)CC4,1,CCN1CCN(NCc2cnc(-c3ccc(C(=O)Nc4ccccc4N)cc3)c(C)c2)CC1,0
CCN4CCN(NCc3cnc(c2ccc(C(=O)Nc1ccccc1N)cc2)c(Cl)c3)CC4,0,CCN1CCN(NCc2cnc(-c3ccc(C(=O)Nc4ccccc4N)cc3)c(Cl)c2)CC1,1
CCN4CCN(NCc3cnc(c2ccc(C(=O)Nc1ccccc1N)cc2)c(F)c3)CC4,1,CCN1CCN(NCc2cnc(-c3ccc(C(=O)Nc4ccccc4N)cc3)c(F)c2)CC1,0
CCN1CCN(CC1)c1cc2[nH]c(nc2cc1C)C(=O)C1(C)CCC(CC1)NC(=O)OC,0,CCN1CCN(c2cc3[nH]c(C(=O)C4(C)CCC(NC(=O)OC)CC4)nc3cc2C)CC1,1
CCN1CCN(CC1)c1cc2[nH]c(nc2cc1Cl)C(=O)C1(C)CCC(CC1)NC(=O)OC,0,CCN1CCN(c2cc3[nH]c(C(=O)C4(C)CCC(NC(=O)OC)CC4)nc3cc2Cl)CC1,1
CCN1CCN(CC1)c1cc2[nH]c(nc2cc1Cl)C(=O)C1(CC)CCC(CC1)(C)O,1,CCN1CCN(c2cc3[nH]c(C(=O)C4(CC)CCC(C)(O)CC4)nc3cc2Cl)CC1,0
CCN1CCN(C(C1)C)c1cc2[nH]c(nc2cc1Cl)SC(C)(C)C,0,CCN1CCN(c2cc3[nH]c(SC(C)(C)C)nc3cc2Cl)C(C)C1,1
CCN1CCN(CC1)c1cc2[nH]c(nc2cc1Cl)S[C@]1(C)CCC(CC1)C(=O)NC,1,CCN1CCN(c2cc3[nH]c(SC4(C)CCC(C(=O)NC)CC4)nc3cc2Cl)CC1,0
CCN1CCN(CC1)c1cc2[nH]c(nc2cc1Cl)S[C@]1(C)CCC(CC1)S(=O)(=O)C,1,CCN1CCN(c2cc3[nH]c(SC4(C)CCC(S(C)(=O)=O)CC4)nc3cc2Cl)CC1,0
CCN1CCN(CC1)c1cc2[nH]c(nc2cc1Cl)S[C@]1(C)CCC(CC1)c1onc(n1)C,0,CCN1CCN(c2cc3[nH]c(SC4(C)CCC(c5nc(C)no5)CC4)nc3cc2Cl)CC1,1
CCN1CCN(CC1)c1cc2[nH]c(nc2cc1Cl)S[C@]1(C)CCC(CC1)c1nnc(o1)C,1,CCN1CCN(c2cc3[nH]c(SC4(C)CCC(c5nnc(C)o5)CC4)nc3cc2Cl)CC1,0
CCN1CCN(CC1)c1cc2[nH]c(nc2cc1Cl)S[C@]1(C)CCC(CC1)c1ocnn1,0,CCN1CCN(c2cc3[nH]c(SC4(C)CCC(c5nnco5)CC4)nc3cc2Cl)CC1,1
CCN1CCN(CC1)c1cc2[nH]c(nc2cc1Cl)S[C@]1(C)CCC(CC1)c1nnn(n1)C,0,CCN1CCN(c2cc3[nH]c(SC4(C)CCC(c5nnn(C)n5)CC4)nc3cc2Cl)CC1,1
CCN1CCN(CC1)c1cc2[nH]c(nc2cc1Cl)S[C@]1(C)CCC(CC1)c1nnnn1C,0,CCN1CCN(c2cc3[nH]c(SC4(C)CCC(c5nnnn5C)CC4)nc3cc2Cl)CC1,1
CCN1CCN(CC1)c1cc2[nH]c(nc2cc1Cl)S[C@@]1(C)CC[C@@H](C1)NC(=O)OC,0,CCN1CCN(c2cc3[nH]c(S[C@@]4(C)CC[C@H](NC(=O)OC)C4)nc3cc2Cl)CC1,1
CCNC(=O)c1ccc(cc1)c1ccc2c(c1)CCN(C2=O)CCN1CCCC1C,0,CCNC(=O)c1ccc(-c2ccc3c(c2)CCN(CCN2CCCC2C)C3=O)cc1,1
CCNC(C)CCCNc2nccc(NCc1ccc(Cl)cc1Cl)n2,0,CCNC(C)CCCNc1nccc(NCc2ccc(Cl)cc2Cl)n1,1
CCNC1CCC(CC1)c1c[nH]c2c1cc(cc2)NC(=N)c1cccs1,1,CCNC1CCC(c2c[nH]c3ccc(NC(=N)c4cccs4)cc23)CC1,0
CCNC1CCCC(C1)c1c[nH]c2c1cc(cc2)NC(=N)c1cccs1,1,CCNC1CCCC(c2c[nH]c3ccc(NC(=N)c4cccs4)cc23)C1,0
CCNS(=O)(=O)c1cc(c(cc1F)Cl)C(=O)N1CCC(CC1)(CCN1[C@@H]2CC[C@@H]1C[C@@H](C2)n1c(C)nc2c1cccc2)c1cccc(c1)F,1,CCNS(=O)(=O)c1cc(C(=O)N2CCC(CCN3[C@@H]4CC[C@@H]3CC(n3c(C)nc5ccccc53)C4)(c3cccc(F)c3)CC2)c(Cl)cc1F,0
CCNS(=O)(=O)c1ccc(cc1)c1ccc(cc1)CCN1CCCC1C,0,CCNS(=O)(=O)c1ccc(-c2ccc(CCN3CCCC3C)cc2)cc1,1
c1(cc(ccc1)C(F)(F)F)C[C@H](NCC)C,1,CCN[C@H](C)Cc1cccc(C(F)(F)F)c1,0
CCO/N=C(\c1ccc(c(c1)F)F)/c1ccc(cn1)CN1CC[C@]2(CC1)OCc1c2cn(C)c(=O)c1,1,CCO/N=C(\c1ccc(F)c(F)c1)c1ccc(CN2CCC3(CC2)OCc2cc(=O)n(C)cc23)cn1,0
CCO/N=C(\c1ccc(c(c1)F)F)/c1ccc(cn1)CN1CC[C@]2(CC1)OCc1c2cnc(c1)F,0,CCO/N=C(\c1ccc(F)c(F)c1)c1ccc(CN2CCC3(CC2)OCc2cc(F)ncc23)cn1,1
CCO/N=C(\c1ccc(c(c1)F)F)/c1ccc(cn1)CN1CC[C@]2(CC1)OCc1c2cc(=O)n(c1)C,0,CCO/N=C(\c1ccc(F)c(F)c1)c1ccc(CN2CCC3(CC2)OCc2cn(C)c(=O)cc23)cn1,1
O=[N+]([O-])c1cccc(c1)C1C(=C(NC(C)=C1C(=O)OCC)C)C(=O)OC,1,CCOC(=O)C1=C(C)NC(C)=C(C(=O)OC)C1c1cccc([N+](=O)[O-])c1,0
C=1([C@@H](C(=C(C)NC1C)C(OC)=O)c1cc(ccc1)[N+](=O)[O-])C(OCC)=O,0,CCOC(=O)C1=C(C)NC(C)=C(C(=O)OC)[C@H]1c1cccc([N+](=O)[O-])c1,1
CCOC(=O)C2[C@@H](OC(=O)c1ccccc1)C[C@H]3CCC2N3C,0,CCOC(=O)C1C2CC[C@H](C[C@@H]1OC(=O)c1ccccc1)N2C,1
CCOC(=O)C1CCC(CC1)N1CC(C1)NC(=O)CNc1n[nH]c2c1cc(cc2)C(F)(F)F,0,CCOC(=O)C1CCC(N2CC(NC(=O)CNc3n[nH]c4ccc(C(F)(F)F)cc34)C2)CC1,1
CCOC(=O)C1CCC(CC1)N1CC(C1)NC(=O)CNc1nn(c2c1cc(cc2)C(F)(F)F)C(=O)N,1,CCOC(=O)C1CCC(N2CC(NC(=O)CNc3nn(C(N)=O)c4ccc(C(F)(F)F)cc34)C2)CC1,0
CCOC(=O)C1CCC(CC1)N1CC(C1)NC(=O)CNc1nn(c2c1cc(cc2)C(F)(F)F)C,0,CCOC(=O)C1CCC(N2CC(NC(=O)CNc3nn(C)c4ccc(C(F)(F)F)cc34)C2)CC1,1
CCOC(=O)C1CCC(CC1)N1CC(C1)NC(=O)CNc1nn(c2c1cc(cc2)C(F)(F)F)C1CCCC1,0,CCOC(=O)C1CCC(N2CC(NC(=O)CNc3nn(C4CCCC4)c4ccc(C(F)(F)F)cc34)C2)CC1,1
CCOC(=O)C1CCC(CC1)N1CC(C1)NC(=O)CNc1nn(c2c1cc(cc2)C(F)(F)F)CC(F)(F)F,0,CCOC(=O)C1CCC(N2CC(NC(=O)CNc3nn(CC(F)(F)F)c4ccc(C(F)(F)F)cc34)C2)CC1,1
CCn1nc(c2c1ccc(c2)C(F)(F)F)NCC(=O)NC1CN(C1)C1CCC(CC1)C(=O)OCC,0,CCOC(=O)C1CCC(N2CC(NC(=O)CNc3nn(CC)c4ccc(C(F)(F)F)cc34)C2)CC1,1
CCOC(=O)C1CCC(CC1)N1CC(C1)NC(=O)CNc1nn(c2c1cc(cc2)C(F)(F)F)S(=O)(=O)C,1,CCOC(=O)C1CCC(N2CC(NC(=O)CNc3nn(S(C)(=O)=O)c4ccc(C(F)(F)F)cc34)C2)CC1,0
CCOC(=O)C1CCC(CC1)N1CC(C1)NC(=O)CNc1noc2c1cc(cc2)C(F)(F)F,0,CCOC(=O)C1CCC(N2CC(NC(=O)CNc3noc4ccc(C(F)(F)F)cc34)C2)CC1,1
CCOC(=O)C1CN(CC(=O)N1Cc1ccc(cc1)C(=N)N(C)C)S(=O)(=O)c1cc2c([nH]1)ccc(c2)Cl,0,CCOC(=O)C1CN(S(=O)(=O)c2cc3cc(Cl)ccc3[nH]2)CC(=O)N1Cc1ccc(C(=N)N(C)C)cc1,1
CCOC(=O)CCc1ccc(c(c1)C#N)OCC(CNC(Cc1ccc2c(c1)cccc2)(C)C)O,0,CCOC(=O)CCc1ccc(OCC(O)CNC(C)(C)Cc2ccc3ccccc3c2)c(C#N)c1,1
CCOC(=O)C[C@H]3CN(S(=O)(=O)c2cc1cc(Cl)ccc1[nH]2)CC(=O)N3Cc4ccc(C(=N)N(C)C)cc4,0,CCOC(=O)C[C@H]1CN(S(=O)(=O)c2cc3cc(Cl)ccc3[nH]2)CC(=O)N1Cc1ccc(C(=N)N(C)C)cc1,1
CCOC(=O)NCCc1ccccc1c1ccc(c(c1)Cl)[C@H]1CNCC[C@H]1c1ccn(c(=O)c1)C,0,CCOC(=O)NCCc1ccccc1-c1ccc([C@H]2CNCC[C@H]2c2ccn(C)c(=O)c2)c(Cl)c1,1
CCOC(=O)[C@H](N[C@H](C(=O)N1CCC[C@H]1C(=O)O)C)CCc1ccccc1,1,CCOC(=O)[C@@H](CCc1ccccc1)N[C@@H](C)C(=O)N1CCC[C@H]1C(=O)O,0
Cc1cc(Cl)c(c(Cl)c1)OCCOc2ccc(cc2)[C@H]3CCNC[C@@H]3C(=O)N(C4CC4)Cc(c5)cc(CCCOC)cc5OC[C@@H]6C[C@@H]6C(=O)OCC,0,CCOC(=O)[C@H]1C[C@H]1COc1cc(CCCOC)cc(CN(C(=O)[C@H]2CNCC[C@@H]2c2ccc(OCCOc3c(Cl)cc(C)cc3Cl)cc2)C2CC2)c1,1
C1[C@@H]2[C@H]([C@H](C[C@@H](C1)[N@@]2C)OC(c1ccccc1)=O)C(OCC)=O,0,CCOC(=O)[C@H]1[C@@H](OC(=O)c2ccccc2)C[C@H]2CC[C@H]1N2C,1
CCOC(c1cnc2n1C[C@@H](CC[C@H]2NC(=O)N1CCC2(CC1)OC(=O)Nc1c2cccn1)c1cccc(c1F)F)(C)C,0,CCOC(C)(C)c1cnc2n1C[C@H](c1cccc(F)c1F)CC[C@H]2NC(=O)N1CCC2(CC1)OC(=O)Nc1ncccc12,1
CCOC1CCC(CC1)N1CC(C1)NC(=O)CNc1nn(c2c1cc(cc2)C(F)(F)F)C,0,CCOC1CCC(N2CC(NC(=O)CNc3nn(C)c4ccc(C(F)(F)F)cc34)C2)CC1,1
CCOC1CN(CC1NC(=O)CNC(=O)c1cccc(c1)C(F)(F)F)C1CCC(CC1)(O)c1ccc(cc1)C,1,CCOC1CN(C2CCC(O)(c3ccc(C)cc3)CC2)CC1NC(=O)CNC(=O)c1cccc(C(F)(F)F)c1,0
CCOC1CN(CC1NC(=O)CNC(=O)c1cccc(c1)C(F)(F)F)C1CCC(CC1)(O)c1ccccc1,1,CCOC1CN(C2CCC(O)(c3ccccc3)CC2)CC1NC(=O)CNC(=O)c1cccc(C(F)(F)F)c1,0
CCOC1CN(CC1NC(=O)CNC(=O)c1cccc(c1)C(F)(F)F)C1CCC(CC1)c1ccccc1,0,CCOC1CN(C2CCC(c3ccccc3)CC2)CC1NC(=O)CNC(=O)c1cccc(C(F)(F)F)c1,1
CCOC1COCCC1NC1CCC(C1)(C(C)C)C(=O)N1CCN(CC1)c1nccc(c1)C(F)(F)F,0,CCOC1COCCC1NC1CCC(C(=O)N2CCN(c3cc(C(F)(F)F)ccn3)CC2)(C(C)C)C1,1
CCOCC1(COCC)NC(Cc2c1[nH]c1c2cccc1)c1[nH]cc(n1)c1ccccc1,0,CCOCC1(COCC)NC(c2nc(-c3ccccc3)c[nH]2)Cc2c1[nH]c1ccccc21,1
CCOCC1CCC(CC1)N1CC(C1)NC(=O)CNc1nn(c2c1cc(cc2)C(F)(F)F)C,0,CCOCC1CCC(N2CC(NC(=O)CNc3nn(C)c4ccc(C(F)(F)F)cc34)C2)CC1,1
CCOCn1c(nc2c1cccc2)C1CCCN(C1)C1CCOCC1,0,CCOCn1c(C2CCCN(C3CCOCC3)C2)nc2ccccc21,1
CCOc4cc(CCN3CCC(Nc2nc1cc(S(N)(=O)=O)ccc1o2)CC3)ccc4OC,0,CCOc1cc(CCN2CCC(Nc3nc4cc(S(N)(=O)=O)ccc4o3)CC2)ccc1OC,1
CCOc4cc(CCN3CCC(Nc2nc1ccccc1o2)CC3)ccc4OC,0,CCOc1cc(CCN2CCC(Nc3nc4ccccc4o3)CC2)ccc1OC,1
CCOc1cc2ncc(c(c2cc1N1CCN(CC1)C)Nc1cc(C)ccc1F)C(=O)N,1,CCOc1cc2ncc(C(N)=O)c(Nc3cc(C)ccc3F)c2cc1N1CCN(C)CC1,0
CCOc1cc2ncc(c(c2cc1N1CCN(CC1)C)Nc1cc(F)ccc1F)C(=O)N,1,CCOc1cc2ncc(C(N)=O)c(Nc3cc(F)ccc3F)c2cc1N1CCN(C)CC1,0
CCOc1cc2ncc(c(c2cc1N1CCN(CC1)C)Nc1ccc(c(c1)Cl)Cl)C(=O)N,0,CCOc1cc2ncc(C(N)=O)c(Nc3ccc(Cl)c(Cl)c3)c2cc1N1CCN(C)CC1,1
CCOc1cc2ncc(c(c2cc1N1CCN(CC1)C)Nc1ccc(c(c1)Cl)F)C(=O)N,0,CCOc1cc2ncc(C(N)=O)c(Nc3ccc(F)c(Cl)c3)c2cc1N1CCN(C)CC1,1
CCOc1cc2ncc(c(c2cc1N1CCN(CC1)CC)Nc1ccc(cc1F)F)C(=O)N,1,CCOc1cc2ncc(C(N)=O)c(Nc3ccc(F)cc3F)c2cc1N1CCN(CC)CC1,0
CCOc1cc2ncc(c(c2cc1N1CCOCC1)Nc1ccc(cc1F)F)C(=O)N,1,CCOc1cc2ncc(C(N)=O)c(Nc3ccc(F)cc3F)c2cc1N1CCOCC1,0
CCOc1cc2ncc(c(c2cc1N1CCCN(CC1)C(C)C)Nc1cccc(c1Cl)Cl)C(=O)N,0,CCOc1cc2ncc(C(N)=O)c(Nc3cccc(Cl)c3Cl)c2cc1N1CCCN(C(C)C)CC1,1
CCOc1cc2ncc(c(c2cc1N1CCCN(CC1)C)Nc1cccc(c1Cl)Cl)C(=O)N,0,CCOc1cc2ncc(C(N)=O)c(Nc3cccc(Cl)c3Cl)c2cc1N1CCCN(C)CC1,1
CCOc1cc2ncc(c(c2cc1N1CCN(CC1)C(=O)C)Nc1cccc(c1Cl)Cl)C(=O)N,0,CCOc1cc2ncc(C(N)=O)c(Nc3cccc(Cl)c3Cl)c2cc1N1CCN(C(C)=O)CC1,1
CCOc1cc2ncc(c(c2cc1N1CCN(CC1)C(C)C)Nc1cccc(c1Cl)Cl)C(=O)N,0,CCOc1cc2ncc(C(N)=O)c(Nc3cccc(Cl)c3Cl)c2cc1N1CCN(C(C)C)CC1,1
CCOc1cc2ncc(c(c2cc1N1CCN(CC1)CC)Nc1cccc(c1Cl)Cl)C(=O)N,0,CCOc1cc2ncc(C(N)=O)c(Nc3cccc(Cl)c3Cl)c2cc1N1CCN(CC)CC1,1
CCOc1cc2ncc(c(c2cc1N1CCN(CC1)CCO)Nc1cccc(c1Cl)Cl)C(=O)N,0,CCOc1cc2ncc(C(N)=O)c(Nc3cccc(Cl)c3Cl)c2cc1N1CCN(CCO)CC1,1
CCOc1cc2ncc(c(c2cc1N1CCN(CC1)C)Nc1cccc(c1F)Cl)C(=O)N,0,CCOc1cc2ncc(C(N)=O)c(Nc3cccc(Cl)c3F)c2cc1N1CCN(C)CC1,1
CCOc1cc2nnc(c(c2cc1N1CCN(CC1)C)Nc1ccc(cc1F)C)C(=O)N,1,CCOc1cc2nnc(C(N)=O)c(Nc3ccc(C)cc3F)c2cc1N1CCN(C)CC1,0
CCOc1cc2nnc(c(c2cc1N1CCN(CC1)C)Nc1ccc(cc1F)F)C(=O)N,1,CCOc1cc2nnc(C(N)=O)c(Nc3ccc(F)cc3F)c2cc1N1CCN(C)CC1,0
CCOc1cc2nnc(c(c2cc1N1CCN(CC1)C)Nc1cccc(c1Cl)Cl)C(=O)N,0,CCOc1cc2nnc(C(N)=O)c(Nc3cccc(Cl)c3Cl)c2cc1N1CCN(C)CC1,1
CCOc1cc2nnc(c(c2cc1N1CCN(CC1)C)Nc1cccc(c1F)Cl)C(=O)N,1,CCOc1cc2nnc(C(N)=O)c(Nc3cccc(Cl)c3F)c2cc1N1CCN(C)CC1,0
CCOc1ccc(cc1)CCN1C(CN(C1=O)NS(=O)(=O)C)c1ccc(cc1)OC,1,CCOc1ccc(CCN2C(=O)N(NS(C)(=O)=O)CC2c2ccc(OC)cc2)cc1,0
CCOc5ccc(Cc4cc(C3CCN(CC1CN([C@@H](C(=O)O)[C@@H](C)CC)C[C@@H]1c2cccc(F)c2)CC3)n(CC)n4)cc5,1,CCOc1ccc(Cc2cc(C3CCN(CC4CN([C@@H](C(=O)O)[C@@H](C)CC)C[C@@H]4c4cccc(F)c4)CC3)n(CC)n2)cc1,0
CCOc1ccc2c(c1)oc(cc2=O)C(=O)NC1CCN(CC1)Cc1ccc2c(c1)OCO2,0,CCOc1ccc2c(=O)cc(C(=O)NC3CCN(Cc4ccc5c(c4)OCO5)CC3)oc2c1,1
CCOc1cccc(c1N1CCCC(C1)N)/C=C\1/SC(=O)NC1=O,1,CCOc1cccc(/C=C2/SC(=O)NC2=O)c1N1CCCC(N)C1,0
CCOc1cccc(c1[C@]1(O)C(=Nc2c1cc(Cl)cc2)N)F,1,CCOc1cccc(F)c1[C@]1(O)C(N)=Nc2ccc(Cl)cc21,0
CCOc1ccccc1C(=O)N(C1CNCC1)CC1CCC1,1,CCOc1ccccc1C(=O)N(CC1CCC1)C1CCNC1,0
CCOc1ccccc1OCCNC(C)Cc2ccc(OC)c(c2)S(=O)(=O)N,1,CCOc1ccccc1OCCNC(C)Cc1ccc(OC)c(S(N)(=O)=O)c1,0
C(C)S(=O)(=O)[N@@](C)[C@@H]1[C@H](C(Oc2c1cc(cc2)C#N)(C)C)O,0,CCS(=O)(=O)N(C)[C@H]1c2cc(C#N)ccc2OC(C)(C)[C@@H]1O,1
CCS(=O)(=O)Nc1ccc2c(c1)[nH]c(n2)Cc1ccc(cc1)Oc1ccccc1,0,CCS(=O)(=O)Nc1ccc2nc(Cc3ccc(Oc4ccccc4)cc3)[nH]c2c1,1
CCS(=O)(=O)c1ncc2c(c1)cc([nH]2)CC(C(F)(F)F)(CC(c1ccc(cc1C(=O)N)F)(C)C)O,1,CCS(=O)(=O)c1cc2cc(CC(O)(CC(C)(C)c3ccc(F)cc3C(N)=O)C(F)(F)F)[nH]c2cn1,0
CCS(=O)(=O)c1ncc2c(c1)cc([nH]2)CC(C(F)(F)F)(CC(c1ccccc1C(=O)N)(C)C)O,1,CCS(=O)(=O)c1cc2cc(CC(O)(CC(C)(C)c3ccccc3C(N)=O)C(F)(F)F)[nH]c2cn1,0
CCS(=O)(=O)c1ccc2c(c1)nc(n2COC(F)(F)F)C(C)(C)C,0,CCS(=O)(=O)c1ccc2c(c1)nc(C(C)(C)C)n2COC(F)(F)F,1
CCSc1ccccc1C(=O)N(C1CNCC1)CC1CCC1,0,CCSc1ccccc1C(=O)N(CC1CCC1)C1CCNC1,1
CCSc1ncccc1C(=O)N1CCC(C1)NCc1cncn1Cc1ccc(cc1)C#N,1,CCSc1ncccc1C(=O)N1CCC(NCc2cncn2Cc2ccc(C#N)cc2)C1,0
CC[C@@H](C)[C@H](C(=O)O)N5CC(CN3CCC(c2cc(Cc1ccc(C#N)cc1)nn2CC)CC3)[C@@H](c4cccc(F)c4)C5,1,CC[C@@H](C)[C@H](C(=O)O)N1CC(CN2CCC(c3cc(Cc4ccc(C#N)cc4)nn3CC)CC2)[C@@H](c2cccc(F)c2)C1,0
CC[C@@H](C)[C@H](C(=O)O)N6CC(CN4CCC(c3cc(Cc2ccc(C1COC1)cc2)nn3CC)CC4)[C@@H](c5cccc(F)c5)C6,0,CC[C@@H](C)[C@H](C(=O)O)N1CC(CN2CCC(c3cc(Cc4ccc(C5COC5)cc4)nn3CC)CC2)[C@@H](c2cccc(F)c2)C1,1
CC[C@@H](C)[C@H](C(=O)O)N5CC(CN3CCC(c2cc(Cc1ccc(OC(C)(C)C)cc1)nn2CC)CC3)[C@@H](c4cccc(F)c4)C5,0,CC[C@@H](C)[C@H](C(=O)O)N1CC(CN2CCC(c3cc(Cc4ccc(OC(C)(C)C)cc4)nn3CC)CC2)[C@@H](c2cccc(F)c2)C1,1
CC[C@@H](C)[C@H](C(=O)O)N5CC(CN3CCC(c2cc(Cc1ccc(OC)c(OC)c1)nn2CC)CC3)[C@@H](c4cccc(F)c4)C5,1,CC[C@@H](C)[C@H](C(=O)O)N1CC(CN2CCC(c3cc(Cc4ccc(OC)c(OC)c4)nn3CC)CC2)[C@@H](c2cccc(F)c2)C1,0
CC[C@H]([C@@H](N1C[C@@H]([C@H](C1)c1cccc(c1)F)CN1CCC(CC1)c1cc(nn1CC)Cc1ccc(cc1)OC(C)(C)C)C(=O)O)C,0,CC[C@@H](C)[C@H](C(=O)O)N1C[C@H](CN2CCC(c3cc(Cc4ccc(OC(C)(C)C)cc4)nn3CC)CC2)[C@@H](c2cccc(F)c2)C1,1
CC[C@@H](O)c1cn(c(c12)ccc(Cl)c2)-c3ccc(F)cc3,0,CC[C@@H](O)c1cn(-c2ccc(F)cc2)c2ccc(Cl)cc12,1
CC[C@@H]1CN2CCc3c([C@H]2C[C@H]1C[C@@H]1NCCc2c1cc(OC)c(c2)O)cc(c(c3)OC)OC,0,CC[C@@H]1CN2CCc3cc(OC)c(OC)cc3[C@H]2C[C@H]1C[C@@H]1NCCc2cc(O)c(OC)cc21,1
CC[C@@H]1CN2CCc3c([C@H]2C[C@H]1C[C@@H]1NCCc2c1cc(OC)c(c2)OC)cc(c(c3)OC)OC,1,CC[C@@H]1CN2CCc3cc(OC)c(OC)cc3[C@H]2C[C@H]1C[C@@H]1NCCc2cc(OC)c(OC)cc21,0
CC[C@H](C)[C@H](C(=O)O)N6CC(CN4CCC(c3cc(Cc2ccc(C1COC1)cc2)nn3CC)CC4)[C@@H](c5cccc(F)c5)C6,0,CC[C@H](C)[C@H](C(=O)O)N1CC(CN2CCC(c3cc(Cc4ccc(C5COC5)cc4)nn3CC)CC2)[C@@H](c2cccc(F)c2)C1,1
CC[C@H](C)[C@H](C(=O)O)N5CC(CN3CCC(c2cc(Cc1ccc(OC)c(OC)c1)nn2CC)CC3)[C@@H](c4cccc(F)c4)C5,1,CC[C@H](C)[C@H](C(=O)O)N1CC(CN2CCC(c3cc(Cc4ccc(OC)c(OC)c4)nn3CC)CC2)[C@@H](c2cccc(F)c2)C1,0
CC[C@H](C)[C@H](C(=O)O)N5CC(CN3CCC(c2cc(Cc1ccccc1)nn2CC)CC3)[C@@H](c4cccc(F)c4)C5,1,CC[C@H](C)[C@H](C(=O)O)N1CC(CN2CCC(c3cc(Cc4ccccc4)nn3CC)CC2)[C@@H](c2cccc(F)c2)C1,0
CO/C=C(\[C@H]1CC2N(C[C@@H]1CC)CCC12C(=O)Nc2c1cccc2)/C(=O)OC,1,CC[C@H]1CN2CCC3(C(=O)Nc4ccccc43)C2C[C@@H]1/C(=C\OC)C(=O)OC,0
CC[C@H]1C[C@H]2CN3[C@@H]1[C@@H](C2)c1[nH]c2c(c1CC3)cc(cc2)O,0,CC[C@H]1C[C@@H]2C[C@H]3c4[nH]c5ccc(O)cc5c4CCN(C2)[C@@H]13,1
CC[C@H]1C[C@H]2CN3[C@@H]1[C@@H](C2)c1[nH]c2c(c1CC3)cc(cc2)OC,0,CC[C@H]1C[C@@H]2C[C@H]3c4[nH]c5ccc(OC)cc5c4CCN(C2)[C@@H]13,1
CC[C@H]1OC(=O)[C@@H](C)C(=O)[C@@H](C)[C@@H](O[C@H]2O[C@H](C)C[C@@H]([C@@H]2O)N(C)C)[C@@](C[C@@H](C(=O)[C@H]([C@@H]2[C@@]1(C)OC(=O)N2C1CN(C1)Cc1c(O)cnc2c1nccc2)C)C)(C)OC,1,CC[C@H]1OC(=O)[C@@H](C)C(=O)[C@@H](C)[C@@H](O[C@H]2O[C@H](C)C[C@H](N(C)C)[C@@H]2O)[C@@](C)(OC)C[C@H](C)C(=O)[C@@H](C)[C@H]2N(C3CN(Cc4c(O)cnc5cccnc45)C3)C(=O)O[C@@]12C,0
CC[C@H]1OC(=O)[C@@H](C)C(=O)[C@@H](C)[C@@H](O[C@H]2O[C@H](C)C[C@@H]([C@@H]2O)N(C)C)[C@@](C[C@@H](C(=O)[C@H]([C@@H]2[C@@]1(C)OC(=O)N2C1CN(C1)Cc1c(O)cnc2c1cccn2)C)C)(C)OC,1,CC[C@H]1OC(=O)[C@@H](C)C(=O)[C@@H](C)[C@@H](O[C@H]2O[C@H](C)C[C@H](N(C)C)[C@@H]2O)[C@@](C)(OC)C[C@H](C)C(=O)[C@@H](C)[C@H]2N(C3CN(Cc4c(O)cnc5ncccc45)C3)C(=O)O[C@@]12C,0
CC[C@H]1OC(=O)[C@@H](C)C(=O)[C@@H](C)[C@@H](O[C@H]2O[C@H](C)C[C@@H]([C@@H]2O)N(C)C)[C@@](C[C@@H](C(=O)[C@H]([C@@H]2[C@@]1(C)OC(=O)N2C1CN(C1)Cc1ccnc2c1nccc2)C)C)(C)OC,1,CC[C@H]1OC(=O)[C@@H](C)C(=O)[C@@H](C)[C@@H](O[C@H]2O[C@H](C)C[C@H](N(C)C)[C@@H]2O)[C@@](C)(OC)C[C@H](C)C(=O)[C@@H](C)[C@H]2N(C3CN(Cc4ccnc5cccnc45)C3)C(=O)O[C@@]12C,0
CC[C@H]1OC(=O)[C@@H](C)C(=O)[C@@H](C)[C@@H](O[C@H]2O[C@H](C)C[C@@H]([C@@H]2O)N(C)C)[C@@](C[C@@H](C(=O)[C@H]([C@@H]2[C@@]1(C)OC(=O)N2C1CN(C1)Cc1ccnc2c1cccn2)C)C)(C)OC,1,CC[C@H]1OC(=O)[C@@H](C)C(=O)[C@@H](C)[C@@H](O[C@H]2O[C@H](C)C[C@H](N(C)C)[C@@H]2O)[C@@](C)(OC)C[C@H](C)C(=O)[C@@H](C)[C@H]2N(C3CN(Cc4ccnc5ncccc45)C3)C(=O)O[C@@]12C,0
CC[C@H]1OC(=O)[C@@H](C)C(=O)[C@@H](C)[C@@H](O[C@H]2O[C@H](C)C[C@@H]([C@@H]2O)N(C)C)[C@@](C[C@@H](C(=O)[C@H]([C@@H]2[C@@]1(C)OC(=O)N2[C@@H]1CN(C1)[C@@H](c1ccnc2c1cccn2)C)C)C)(C)OC,1,CC[C@H]1OC(=O)[C@@H](C)C(=O)[C@@H](C)[C@@H](O[C@H]2O[C@H](C)C[C@H](N(C)C)[C@@H]2O)[C@@](C)(OC)C[C@H](C)C(=O)[C@@H](C)[C@H]2N(C3CN([C@H](C)c4ccnc5ncccc45)C3)C(=O)O[C@@]12C,0
CC[C@H]3OC(=O)[C@H](C)[C@@H](OC1CC(C)(OC)C(O)C(C)O1)[C@H](C)[C@@H](OC2OC(C)CC(NC)C2O)[C@](C)(OC)C[C@@H](C)C(=O)[C@H](C)[C@@H](O)[C@]3(C)O,1,CC[C@H]1OC(=O)[C@H](C)[C@@H](OC2CC(C)(OC)C(O)C(C)O2)[C@H](C)[C@@H](OC2OC(C)CC(NC)C2O)[C@](C)(OC)C[C@@H](C)C(=O)[C@H](C)[C@@H](O)[C@]1(C)O,0
CC[C@H]1OC(=O)[C@H](C)[C@@H](O[C@@H]2O[C@@H](C)[C@@H]([C@](C2)(C)OC)O)[C@H](C)[C@@H](O[C@@H]2O[C@H](C)C[C@@H]([C@H]2O)N(C(C)C)C)[C@](C[C@H]([C@@H]([C@@H]([C@H]([C@]1(C)O)O)C)O)C)(C)O,0,CC[C@H]1OC(=O)[C@H](C)[C@@H](O[C@H]2C[C@@](C)(OC)[C@@H](O)[C@H](C)O2)[C@H](C)[C@@H](O[C@@H]2O[C@H](C)C[C@H](N(C)C(C)C)[C@H]2O)[C@](C)(O)C[C@@H](C)[C@H](O)[C@H](C)[C@@H](O)[C@]1(C)O,1
CNC(=O)CCCCO[C@H]1[C@H](C)C[C@@](C)(O)[C@H](O[C@@H]2O[C@H](C)C[C@@H]([C@H]2O)N(C(C)C)C)[C@@H](C)[C@H](O[C@@H]2O[C@@H](C)[C@@H]([C@](C2)(C)OC)O)[C@H](C(=O)O[C@@H]([C@@]([C@@H]([C@H]1C)O)(C)O)CC)C,1,CC[C@H]1OC(=O)[C@H](C)[C@@H](O[C@H]2C[C@@](C)(OC)[C@@H](O)[C@H](C)O2)[C@H](C)[C@@H](O[C@@H]2O[C@H](C)C[C@H](N(C)C(C)C)[C@H]2O)[C@](C)(O)C[C@@H](C)[C@H](OCCCCC(=O)NC)[C@H](C)[C@@H](O)[C@]1(C)O,0
CC[C@H]1OC(=O)[C@H](C)[C@@H](O[C@@H]2O[C@@H](C)[C@@H]([C@](C2)(C)OC)O)[C@H](C)[C@H]([C@]2(OC(=C(C)C2)[C@@H](C(=O)[C@]1(C)O)C)C)O[C@@H]1O[C@H](C)C[C@@H]([C@H]1O)N(C(C)C)C,1,CC[C@H]1OC(=O)[C@H](C)[C@@H](O[C@H]2C[C@@](C)(OC)[C@@H](O)[C@H](C)O2)[C@H](C)[C@@H](O[C@@H]2O[C@H](C)C[C@H](N(C)C(C)C)[C@H]2O)[C@]2(C)CC(C)=C(O2)[C@H](C)C(=O)[C@]1(C)O,0
CC[C@H]1OC(=O)[C@H](C)[C@@H](O[C@@H]2O[C@@H](C)[C@@H]([C@](C2)(C)OC)O)[C@H](C)[C@H]([C@]2(OC(=C(C)C2)[C@@H](C(=O)[C@]1(C)OC)C)C)O[C@@H]1O[C@H](C)C[C@@H]([C@H]1O)N(C(C)C)C,1,CC[C@H]1OC(=O)[C@H](C)[C@@H](O[C@H]2C[C@@](C)(OC)[C@@H](O)[C@H](C)O2)[C@H](C)[C@@H](O[C@@H]2O[C@H](C)C[C@H](N(C)C(C)C)[C@H]2O)[C@]2(C)CC(C)=C(O2)[C@H](C)C(=O)[C@]1(C)OC,0
CC[C@H]1OC(=O)[C@H](C)[C@@H](O[C@@H]2O[C@@H](C)[C@@H]([C@](C2)(C)OC)O)[C@H](C)[C@H]([C@]2(OC(=C(C)C2)[C@@H](C(=O)[C@]1(C)OC)C)C)O[C@@H]1O[C@H](C)C[C@@H]([C@H]1O)NC(C)C,1,CC[C@H]1OC(=O)[C@H](C)[C@@H](O[C@H]2C[C@@](C)(OC)[C@@H](O)[C@H](C)O2)[C@H](C)[C@@H](O[C@@H]2O[C@H](C)C[C@H](NC(C)C)[C@H]2O)[C@]2(C)CC(C)=C(O2)[C@H](C)C(=O)[C@]1(C)OC,0
CN[C@H]1C[C@@H](C)O[C@H]([C@@H]1O)O[C@@H]1[C@@H](C)[C@H](O[C@@H]2O[C@@H](C)[C@@H]([C@](C2)(C)OC)O)[C@@H](C)C(=O)O[C@H](CC)[C@@]([C@@H]([C@H](C(=O)[C@@H](C[C@@]1(C)O)C)C)O)(C)O,1,CC[C@H]1OC(=O)[C@H](C)[C@@H](O[C@H]2C[C@@](C)(OC)[C@@H](O)[C@H](C)O2)[C@H](C)[C@@H](O[C@@H]2O[C@H](C)C[C@H](NC)[C@H]2O)[C@](C)(O)C[C@@H](C)C(=O)[C@H](C)[C@@H](O)[C@]1(C)O,0
O=C1O[C@H](CC)[C@](O)(C)[C@H](O)[C@@H](C)C(=O)[C@H](C)C[C@](O)(C)[C@H](O[C@H](O[C@H](C)C[C@H]([N+]C)[C@@H](O)2)2)[C@@H](C)[C@H](O[C@H](O[C@@H](C)[C@H](O)[C@@](OC)(C)C2)2)[C@@H](C)1,1,CC[C@H]1OC(=O)[C@H](C)[C@@H](O[C@H]2C[C@@](C)(OC)[C@@H](O)[C@H](C)O2)[C@H](C)[C@@H](O[C@@H]2O[C@H](C)C[C@H]([N+]C)[C@H]2O)[C@](C)(O)C[C@@H](C)C(=O)[C@H](C)[C@@H](O)[C@]1(C)O,0
FCCCCCCC[N+](CCCCc1ccc(cc1)Cl)(CC)CC,0,CC[N+](CC)(CCCCCCCF)CCCCc1ccc(Cl)cc1,1
CCc1[nH]c2c(c1C1CCN(CC1)CCCSc1ccc(cc1)F)ccc(c2)F,0,CCc1[nH]c2cc(F)ccc2c1C1CCN(CCCSc2ccc(F)cc2)CC1,1
CCc3c(C)[nH]c2CCCC(=NOC(=O)Nc1ccccc1)c23,1,CCc1c(C)[nH]c2c1C(=NOC(=O)Nc1ccccc1)CCC2,0
CCc1c(C2CCN(CC2)CCCSc2ccc(cc2)F)c2c(n1CC(=O)O)cc(cc2)F,0,CCc1c(C2CCN(CCCSc3ccc(F)cc3)CC2)c2ccc(F)cc2n1CC(=O)O,1
CCc1c(CNC2CCC(C2)F)nc(n1c1ccc(nc1)C)c1ncccc1Cl,1,CCc1c(CNC2CCC(F)C2)nc(-c2ncccc2Cl)n1-c1ccc(C)nc1,0
COc1ccc2c(n1)c(CC[C@]13CC[C@](CC1)(CO3)NCc1nc3NC(=O)COc3c(c1CC)C)c(cn2)F,0,CCc1c(CN[C@]23CC[C@](CCc4c(F)cnc5ccc(OC)nc45)(CC2)OC3)nc2c(c1C)OCC(=O)N2,1
CCc1c(CC)n(c2c1C(=NOC(=O)Nc1ccccc1)CCC2)C,1,CCc1c2c(n(C)c1CC)CCCC2=NOC(=O)Nc1ccccc1,0
CCc1[nH]nc(c1)C(=O)NC1CC(C)(C)Oc2c1cc(c1ccc(cc1)Cl)c(n2)c1ccc(cc1Cl)Cl,0,CCc1cc(C(=O)NC2CC(C)(C)Oc3nc(-c4ccc(Cl)cc4Cl)c(-c4ccc(Cl)cc4)cc32)n[nH]1,1
CCc1cc(ccc1C)C(c1ccccc1)(c1ccccc1)SCC(C(=O)O)N,1,CCc1cc(C(SCC(N)C(=O)O)(c2ccccc2)c2ccccc2)ccc1C,0
N#C[C@@H]1CCCN1C(=O)[C@@H]1CN(C[C@@H]1N)Cc1cc(CC)c(c(c1)CC)C#N,1,CCc1cc(CN2C[C@H](N)[C@H](C(=O)N3CCC[C@H]3C#N)C2)cc(CC)c1C#N,0
CCc1cc2OCC(=O)Nc2nc1CNC12CCC(CC1)(OC2)CC1(O)Cn2c3c1c(F)cnc3ccc2=O,1,CCc1cc2c(nc1CNC13CCC(CC4(O)Cn5c(=O)ccc6ncc(F)c4c65)(CC1)OC3)NC(=O)CO2,0
CCc1ccc(cc1)COC(=O)N1CCC(CC1)CNc1ncccn1,0,CCc1ccc(COC(=O)N2CCC(CNc3ncccn3)CC2)cc1,1
CCc1ccc(cc1NC1CCN(CC1)C)S(=O)(=O)n1ccc2c1cccc2,0,CCc1ccc(S(=O)(=O)n2ccc3ccccc32)cc1NC1CCN(C)CC1,1
CCc1ccc2c(c1)CC(=CC2=O)C(=O)NC1CCN(CC1)Cc1ccc2c(c1)OCO2,0,CCc1ccc2c(c1)CC(C(=O)NC1CCN(Cc3ccc4c(c3)OCO4)CC1)=CC2=O,1
CCc1ccccc1C(=O)N(C1CNCC1)CC1CCC1,1,CCc1ccccc1C(=O)N(CC1CCC1)C1CCNC1,0
CCc1ccccc1Oc2cc(C)ncc2CN(C)C,1,CCc1ccccc1Oc1cc(C)ncc1CN(C)C,0
N#CC1(CC1)NC(=O)[C@@H]1CCCC[C@H]1C(=O)N1CCN(CC1)c1scc(n1)CC,1,CCc1csc(N2CCN(C(=O)[C@@H]3CCCC[C@H]3C(=O)NC3(C#N)CC3)CC2)n1,0
CCc1nc(N2CCC(CC2)CCNS(=O)(=O)N)c2c(n1)cc(c(c2)OC)OC,0,CCc1nc(N2CCC(CCNS(N)(=O)=O)CC2)c2cc(OC)c(OC)cc2n1,1
CCc1nc2c(n1[C@@H]1C[C@H]3CC[C@H](C1)N3CC[C@@H](c1ccc(cc1)F)NC(=O)C1CCS(=O)(=O)CC1)cccc2,1,CCc1nc2ccccc2n1C1C[C@H]2CC[C@H](C1)N2CC[C@H](NC(=O)C1CCS(=O)(=O)CC1)c1ccc(F)cc1,0
CCc1nc2c(n1[C@@H]1C[C@H]3CC[C@H](C1)N3CC[C@@H](c1ccc(cc1)F)NC(=O)[C@@H]1CC[S@+](CC1)[O-])cccc2,1,CCc1nc2ccccc2n1C1C[C@H]2CC[C@H](C1)N2CC[C@H](NC(=O)[C@H]1CC[S@+]([O-])CC1)c1ccc(F)cc1,0
CCc1nc2c(n1[C@@H]1C[C@H]3CC[C@H](C1)N3CC[C@@H](c1ccc(cc1)F)NC(=O)c1cc[n+](cc1)[O-])cccc2,0,CCc1nc2ccccc2n1C1C[C@H]2CC[C@H](C1)N2CC[C@H](NC(=O)c1cc[n+]([O-])cc1)c1ccc(F)cc1,1
OCCn1nc(c(c1CC)Oc1cc(C#N)cc(c1)C#N)CC,1,CCc1nn(CCO)c(CC)c1Oc1cc(C#N)cc(C#N)c1,0
OCCn1nc(c(c1CC)Oc1cc(F)cc(c1)C#N)CC,1,CCc1nn(CCO)c(CC)c1Oc1cc(F)cc(C#N)c1,0
CCc1nn(c2c1nc(nc2Nc1ccncn1)N1CCNC(C1)C)CCOCC(F)(F)F,0,CCc1nn(CCOCC(F)(F)F)c2c(Nc3ccncn3)nc(N3CCNC(C)C3)nc12,1
ONC(=O)C=Cc1ccc(cc1)CN(C(C)C)CCc1c(CC)nn2c1cccc2,0,CCc1nn2ccccc2c1CCN(Cc1ccc(C=CC(=O)NO)cc1)C(C)C,1
C1COCCC1Cn2cc(c(c23)cccc3Cl)-c4sc(CC)c(n4)CCNCCO,0,CCc1sc(-c2cn(CC3CCOCC3)c3c(Cl)cccc23)nc1CCNCCO,1
OCCNCc(n1)c(CC)sc1-c(c(c23)cccc2Cl)cn3CC4CCOCC4,0,CCc1sc(-c2cn(CC3CCOCC3)c3c(Cl)cccc23)nc1CNCCO,1
C1COCCC1Cn2cc(c(c23)cccc3Cl)-c4sc(CC)c(n4)C[C@@H](C)NCCO,0,CCc1sc(-c2cn(CC3CCOCC3)c3c(Cl)cccc23)nc1C[C@@H](C)NCCO,1
CCn1cc(C(=O)O)c(=O)c2c1cc(N1CCNCC1)c(c2)F,1,CCn1cc(C(=O)O)c(=O)c2cc(F)c(N3CCNCC3)cc21,0
COCCCc1cc(OCCOC)cc(c1)CN(C(=O)C1CNCCC1c1ccn(c(=O)c1)CC)C1CC1,1,CCn1ccc(C2CCNCC2C(=O)N(Cc2cc(CCCOC)cc(OCCOC)c2)C2CC2)cc1=O,0
CCn2nc(Cc1ccc(C#N)cc1)cc2C5CCN(CC3CN([C@@H](C(=O)O)C(C)(C)C)C[C@@H]3c4cccc(F)c4)CC5,0,CCn1nc(Cc2ccc(C#N)cc2)cc1C1CCN(CC2CN([C@@H](C(=O)O)C(C)(C)C)C[C@@H]2c2cccc(F)c2)CC1,1
CCn3nc(Cc2ccc(C1COC1)cc2)cc3C6CCN(CC4CN([C@@H](C(=O)O)C(C)(C)C)C[C@@H]4c5cccc(F)c5)CC6,0,CCn1nc(Cc2ccc(C3COC3)cc2)cc1C1CCN(CC2CN([C@@H](C(=O)O)C(C)(C)C)C[C@@H]2c2cccc(F)c2)CC1,1
CCn2nc(Cc1ccc(OC)c(OC)c1)cc2C5CCN(CC3CN([C@@H](C(=O)O)C(C)(C)C)C[C@@H]3c4cccc(F)c4)CC5,1,CCn1nc(Cc2ccc(OC)c(OC)c2)cc1C1CCN(CC2CN([C@@H](C(=O)O)C(C)(C)C)C[C@@H]2c2cccc(F)c2)CC1,0
CCn2nc(Cc1ccccc1)cc2C5CCN(CC3CN([C@@H](C(=O)O)C(C)(C)C)C[C@@H]3c4cccc(F)c4)CC5,1,CCn1nc(Cc2ccccc2)cc1C1CCN(CC2CN([C@@H](C(=O)O)C(C)(C)C)C[C@@H]2c2cccc(F)c2)CC1,0
CCn2nc(Cc1ccccc1)cc2C5CCN(CC3CN([C@@H](C(=O)O)C(C)C)C[C@@H]3c4cccc(F)c4)CC5,1,CCn1nc(Cc2ccccc2)cc1C1CCN(CC2CN([C@@H](C(=O)O)C(C)C)C[C@@H]2c2cccc(F)c2)CC1,0
FC1CN(CCC1N(C(=O)Cc1ccc(cc1)n1cnnn1)C)Cc1ccc(cc1)C(F)(F)F,0,CN(C(=O)Cc1ccc(-n2cnnn2)cc1)C1CCN(Cc2ccc(C(F)(F)F)cc2)CC1F,1
[H][C@@]3(c1cccc(O)c1)C=C(c2cc(F)ccc2F)CN3C(=O)N(C)[C@H]4CCNCC4,0,CN(C(=O)N1CC(c2cc(F)ccc2F)=C[C@H]1c1cccc(O)c1)C1CCNCC1,1
O=C(N(S(=O)(=O)c1ccccc1)C)N1CCC(CC1)N1CCC(CC1)Oc1ccc(c(c1)Cl)Cl,0,CN(C(=O)N1CCC(N2CCC(Oc3ccc(Cl)c(Cl)c3)CC2)CC1)S(=O)(=O)c1ccccc1,1
CN(C(=O)c2ccc(c1ccc(F)cc1)cc2)[C@H]5CCc4cc(CN3CCN(C(N)=O)CC3)ccc4C5,0,CN(C(=O)c1ccc(-c2ccc(F)cc2)cc1)[C@H]1CCc2cc(CN3CCN(C(N)=O)CC3)ccc2C1,1
O=C(c1ccccc1Oc1ccccc1)N(C1CNCC1)C,0,CN(C(=O)c1ccccc1Oc1ccccc1)C1CCNC1,1
CN(C)C(=O)CSc3ccc(NC(=O)c1ccc(C(=N)N(C)C)cc1)c(C(=O)Nc2ccc(Cl)cn2)c3,1,CN(C)C(=N)c1ccc(C(=O)Nc2ccc(SCC(=O)N(C)C)cc2C(=O)Nc2ccc(Cl)cn2)cc1,0
OC(=O)C1CN(CC(=O)N1Cc1ccc(cc1)C(=N)N(C)C)S(=O)(=O)c1cc2c([nH]1)ccc(c2)Cl,1,CN(C)C(=N)c1ccc(CN2C(=O)CN(S(=O)(=O)c3cc4cc(Cl)ccc4[nH]3)CC2C(=O)O)cc1,0
CN(C)C(=N)c4ccc(CN3C(=O)CN(S(=O)(=O)c2cc1cc(Cl)ccc1[nH]2)C[C@@H]3CC(=O)O)cc4,1,CN(C)C(=N)c1ccc(CN2C(=O)CN(S(=O)(=O)c3cc4cc(Cl)ccc4[nH]3)C[C@@H]2CC(=O)O)cc1,0
CN(C)C(=O)C(=O)N(C)[C@H]1CCCCn3c1nc(C(=O)NCc2ccc(F)cc2)c(O)c3=O,1,CN(C)C(=O)C(=O)N(C)[C@H]1CCCCn2c1nc(C(=O)NCc1ccc(F)cc1)c(O)c2=O,0
FC1CCN(C1)C(=O)C(C(C(=O)N(C)C)C1CCC(CC1)N(C(=O)c1cccc(c1)F)C)N,1,CN(C)C(=O)C(C1CCC(N(C)C(=O)c2cccc(F)c2)CC1)C(N)C(=O)N1CCC(F)C1,0
O=C(C(C(C(=O)N1CCC(C1)(F)F)N)C1CCC(CC1)c1ccc2n(c1)ncn2)N(C)C,1,CN(C)C(=O)C(C1CCC(c2ccc3ncnn3c2)CC1)C(N)C(=O)N1CCC(F)(F)C1,0
CN(C)C(=O)C(CO)N(C)Cc4ccc3CC([N@]2CCN(CCc1ccc(F)cc1)CC2=O)CCc3c4,1,CN(C)C(=O)C(CO)N(C)Cc1ccc2c(c1)CCC(N1CCN(CCc3ccc(F)cc3)CC1=O)C2,0
FC1CCN(C1)C(=O)C(C(C(=O)N(C)C)c1ccc(cc1)c1ccc2n(c1)ncn2)N,1,CN(C)C(=O)C(c1ccc(-c2ccc3ncnn3c2)cc1)C(N)C(=O)N1CCC(F)C1,0
O=C(C(C(C(=O)N1CCC(C1)(F)F)N)c1ccc(cc1)c1ccn2c(n1)ccn2)N(C)C,1,CN(C)C(=O)C(c1ccc(-c2ccn3nccc3n2)cc1)C(N)C(=O)N1CCC(F)(F)C1,0
O=C(C(C(C(=O)N1CCC(C1)(F)F)N)c1ccc(cc1)c1ccn2c(c1)ncn2)N(C)C,1,CN(C)C(=O)C(c1ccc(-c2ccn3ncnc3c2)cc1)C(N)C(=O)N1CCC(F)(F)C1,0
FC1CCN(C1)C(=O)C(C(C(=O)N(C)C)c1ccc(cc1)N(C(=O)c1ccc(cc1)F)C)N,1,CN(C)C(=O)C(c1ccc(N(C)C(=O)c2ccc(F)cc2)cc1)C(N)C(=O)N1CCC(F)C1,0
Clc1ccc(cc1)C(NC(=O)C1(N)CCCN(C1)c1ncnc2c1cc[nH]2)CC(=O)N(C)C,1,CN(C)C(=O)CC(NC(=O)C1(N)CCCN(c2ncnc3[nH]ccc23)C1)c1ccc(Cl)cc1,0
Fc1ccc(cc1)Cn(c(c23)cccc2)c(n3)[C@@H]4CCCN(C4)CC(=O)N(C)C,0,CN(C)C(=O)CN1CCC[C@@H](c2nc3ccccc3n2Cc2ccc(F)cc2)C1,1
CN(C)C(=O)CSc4ccc(NC(=O)c2ccc(C1=NCCN1C)cc2)c(C(=O)Nc3ccc(Cl)cn3)c4,1,CN(C)C(=O)CSc1ccc(NC(=O)c2ccc(C3=NCCN3C)cc2)c(C(=O)Nc2ccc(Cl)cn2)c1,0
CN(C)C(=O)N2CC(c1cc(F)ccc1F)=C[C@@]2(CC[C@@H](N)C(F)F)c3ccccc3,1,CN(C)C(=O)N1CC(c2cc(F)ccc2F)=C[C@@]1(CC[C@@H](N)C(F)F)c1ccccc1,0
CN(C)C(=O)N3CCN(Cc2ccnc(Nc1ncc(C#N)s1)c2)CC3,0,CN(C)C(=O)N1CCN(Cc2ccnc(Nc3ncc(C#N)s3)c2)CC1,1
O=C(N(C)C)NC1CCC(CC1)CN1[C@@H]2CC[C@H]1C[C@H](C2)Oc1cccc(c1)C(=O)N,1,CN(C)C(=O)NC1CCC(CN2[C@@H]3CC[C@H]2C[C@@H](Oc2cccc(C(N)=O)c2)C3)CC1,0
N[C@H](C(=O)N1CCCC1)C1CCC(CC1)NS(=O)(=O)c1ccc(cc1)NC(=O)N(C)C,1,CN(C)C(=O)Nc1ccc(S(=O)(=O)NC2CCC([C@H](N)C(=O)N3CCCC3)CC2)cc1,0
[H][C@@]3([C@H](N)C(=O)N1CCCC1)CC[C@@H](NS(=O)(=O)c2ccc(NC(=O)N(C)C)cc2)CC3,1,CN(C)C(=O)Nc1ccc(S(=O)(=O)N[C@H]2CC[C@H]([C@H](N)C(=O)N3CCCC3)CC2)cc1,0
[H][N+]([H])([H])[C@H](C(=O)N1CC[C@H](F)C1)[C@@H](C(=O)N(C)C)C3CCC(N(C)C(=O)c2cccc(F)c2)CC3,1,CN(C)C(=O)[C@@H](C1CCC(N(C)C(=O)c2cccc(F)c2)CC1)[C@H]([NH3+])C(=O)N1CC[C@H](F)C1,0
CN(C)C(=O)[C@H]([C@H](N)C(=O)N1CCC(F)(F)C1)C4CCC(c3ccc2ncnn2c3)CC4,1,CN(C)C(=O)[C@@H](C1CCC(c2ccc3ncnn3c2)CC1)[C@H](N)C(=O)N1CCC(F)(F)C1,0
[H][N@+]([H])([H])C(C(=O)N1CCCC1)[C@@H](C(=O)N(C)C)c3ccc(c2ccc(F)cc2)cc3,0,CN(C)C(=O)[C@@H](c1ccc(-c2ccc(F)cc2)cc1)C([NH3+])C(=O)N1CCCC1,1
[H][N@+]([H])([H])C(C(=O)N1CC[C@H](F)C1)[C@@H](C(=O)N(C)C)c3ccc(c2ccc(F)cc2)cc3,0,CN(C)C(=O)[C@@H](c1ccc(-c2ccc(F)cc2)cc1)C([NH3+])C(=O)N1CC[C@H](F)C1,1
[H][N+]([H])([H])[C@H](C(=O)N1CC[C@H](F)C1)[C@@H](C(=O)N(C)C)c3ccc(c2ccc(F)cc2)cc3,0,CN(C)C(=O)[C@@H](c1ccc(-c2ccc(F)cc2)cc1)[C@H]([NH3+])C(=O)N1CC[C@H](F)C1,1
CN(C)C(=O)[C@@H](c3ccc(c2ccc1ncnn1c2)cc3)[C@H](N)C(=O)N4CC[C@H](F)C4,1,CN(C)C(=O)[C@@H](c1ccc(-c2ccc3ncnn3c2)cc1)[C@H](N)C(=O)N1CC[C@H](F)C1,0
[H][N+]([H])([H])[C@H](C(=O)N1CC[C@@](F)(F)C1)[C@@H](C(=O)N(C)C)c4ccc(c3ccc2ncnn2c3)cc4,1,CN(C)C(=O)[C@@H](c1ccc(-c2ccc3ncnn3c2)cc1)[C@H]([NH3+])C(=O)N1CCC(F)(F)C1,0
[H][N+]([H])([H])[C@H](C(=O)N1CC[C@H](F)C1)[C@@H](C(=O)N(C)C)c4ccc(c3ccc2ncnn2c3)cc4,1,CN(C)C(=O)[C@@H](c1ccc(-c2ccc3ncnn3c2)cc1)[C@H]([NH3+])C(=O)N1CC[C@H](F)C1,0
[H][N+]([H])([H])[C@H](C(=O)N1CC[C@@](F)(F)C1)[C@@H](C(=O)N(C)C)c4ccc(c3ccn2nccc2n3)cc4,1,CN(C)C(=O)[C@@H](c1ccc(-c2ccn3nccc3n2)cc1)[C@H]([NH3+])C(=O)N1CCC(F)(F)C1,0
[H][N+]([H])([H])[C@H](C(=O)N1CC[C@@](F)(F)C1)[C@@H](C(=O)N(C)C)c4ccc(c3ccn2ncnc2c3)cc4,1,CN(C)C(=O)[C@@H](c1ccc(-c2ccn3ncnc3c2)cc1)[C@H]([NH3+])C(=O)N1CCC(F)(F)C1,0
[H][N+]([H])([H])[C@H](C(=O)N1CC[C@H](F)C1)[C@@H](C(=O)N(C)C)c3ccc(N(C)C(=O)c2ccc(F)cc2)cc3,1,CN(C)C(=O)[C@@H](c1ccc(N(C)C(=O)c2ccc(F)cc2)cc1)[C@H]([NH3+])C(=O)N1CC[C@H](F)C1,0
F[C@@H]1CCN(C1)C(=O)[C@H]([C@H](C(=O)N(C)C)c1ccc(cc1)c1cccc(c1)c1nnn[nH]1)N,1,CN(C)C(=O)[C@H](c1ccc(-c2cccc(-c3nnn[nH]3)c2)cc1)[C@H](N)C(=O)N1CC[C@@H](F)C1,0
CN(C(C(c1cccnc1)(c1cccnc1)O)c1ccccc1)C,1,CN(C)C(c1ccccc1)C(O)(c1cccnc1)c1cccnc1,0
CN(C1CCC(CC1)(c1ccccc1)N1CCC(C1=O)c1cc(cc(c1)C(F)(F)F)C(F)(F)F)C,0,CN(C)C1CCC(c2ccccc2)(N2CCC(c3cc(C(F)(F)F)cc(C(F)(F)F)c3)C2=O)CC1,1
CN(C1CCC2(C1)Cc1ccccc1Cc1c2cccc1)C,0,CN(C)C1CCC2(Cc3ccccc3Cc3ccccc32)C1,1
CN(CC(=O)N1CCC(CC1)n1ncc(c1)c1cnc(c(c1)c1nc2c(o1)cccc2)N)C,1,CN(C)CC(=O)N1CCC(n2cc(-c3cnc(N)c(-c4nc5ccccc5o4)c3)cn2)CC1,0
CN(CCC(c1ccc(cc1)Cl)NC(=O)C1(N)CCCN(C1)c1ncnc2c1cc[nH]2)C,1,CN(C)CCC(NC(=O)C1(N)CCCN(c2ncnc3[nH]ccc23)C1)c1ccc(Cl)cc1,0
CN(CCC1CCN(CC1)c1nc2ccccc2c(c1)C(=O)NCC1CCC(CC1)CNC(=O)OC(C)(C)C)C,1,CN(C)CCC1CCN(c2cc(C(=O)NCC3CCC(CNC(=O)OC(C)(C)C)CC3)c3ccccc3n2)CC1,0
CN(CCC1CCN(CC1)c1nc2ccccc2c(c1)C(=O)NCC1CCC(CC1)CNC(=O)OCC(C)(C)C)C,1,CN(C)CCC1CCN(c2cc(C(=O)NCC3CCC(CNC(=O)OCC(C)(C)C)CC3)c3ccccc3n2)CC1,0
CN(CCCC(c1ccc(cc1)Cl)NC(=O)C1(N)CCCN(C1)c1ncnc2c1cc[nH]2)C,1,CN(C)CCCC(NC(=O)C1(N)CCCN(c2ncnc3[nH]ccc23)C1)c1ccc(Cl)cc1,0
c12[C@@](c3ccc(F)cc3)(OCc1cc(C#N)cc2)CCCN(C)C,0,CN(C)CCC[C@]1(c2ccc(F)cc2)OCc2cc(C#N)ccc21,1
CN(CCN1CCN(CC1)c1nc(c2ccc(cc2Cl)Cl)c2c(n1)N(C(=O)NC2)c1c(Cl)cccc1Cl)C,0,CN(C)CCN1CCN(c2nc(-c3ccc(Cl)cc3Cl)c3c(n2)N(c2c(Cl)cccc2Cl)C(=O)NC3)CC1,1
CN(CCN1CCN(CC1)c1nc(c2ccccc2Cl)c2c(n1)N(C(=O)NC2)c1c(Cl)cccc1Cl)C,0,CN(C)CCN1CCN(c2nc(-c3ccccc3Cl)c3c(n2)N(c2c(Cl)cccc2Cl)C(=O)NC3)CC1,1
CN(CCNC(=O)c1ccc(cn1)C1(CCCO1)c1ccc(cc1)OCc1ccccn1)C,1,CN(C)CCNC(=O)c1ccc(C2(c3ccc(OCc4ccccn4)cc3)CCCO2)cn1,0
CN(CCNc1nc(c2ccc(cc2Cl)Cl)c2c(n1)N(C(=O)NC2)c1c(Cl)cccc1Cl)C,0,CN(C)CCNc1nc(-c2ccc(Cl)cc2Cl)c2c(n1)N(c1c(Cl)cccc1Cl)C(=O)NC2,1
CN(CCOc1nc2c(c(n1)c1ccccc1Cl)CNC(=O)N2c1c(Cl)cccc1Cl)C,0,CN(C)CCOc1nc(-c2ccccc2Cl)c2c(n1)N(c1c(Cl)cccc1Cl)C(=O)NC2,1
CN(C)CCSc4ccc(NC(=O)c2ccc(C1=NCCN1C)cc2)c(C(=O)Nc3ccc(Cl)cn3)c4,1,CN(C)CCSc1ccc(NC(=O)c2ccc(C3=NCCN3C)cc2)c(C(=O)Nc2ccc(Cl)cn2)c1,0
CN(C)S(=O)(=O)N(C)[C@@H]1CCCn3c1nc(C(=O)NCc2ccc(F)cc2)c(O)c3=O,1,CN(C)S(=O)(=O)N(C)[C@@H]1CCCn2c1nc(C(=O)NCc1ccc(F)cc1)c(O)c2=O,0
Fc1ccc(cc1)CNC(=O)c1nc2n(c(=O)c1O)CCC[C@@H]2N(S(=O)(=O)N(C)C)C,1,CN(C)S(=O)(=O)N(C)[C@H]1CCCn2c1nc(C(=O)NCc1ccc(F)cc1)c(O)c2=O,0
Cn1ncc(c1)c1cnc2c(c1)c(=O)c1cc(ccc1cc2)NS(=O)(=O)N(C)C,1,CN(C)S(=O)(=O)Nc1ccc2ccc3ncc(-c4cnn(C)c4)cc3c(=O)c2c1,0
CN(C)[C@H]1CC[C@@H](CC1)c2ccc(cc2)OCCCN3CCCCC3,0,CN(C)[C@H]1CC[C@H](c2ccc(OCCCN3CCCCC3)cc2)CC1,1
CN(c1ccc(cc1)c1ccc(cc1)OCCCN1CCCCC1)C,1,CN(C)c1ccc(-c2ccc(OCCCN3CCCCC3)cc2)cc1,0
CN(c1ccc(nc1)/C=C/c1c(F)cccc1Cl)C,1,CN(C)c1ccc(/C=C/c2c(F)cccc2Cl)nc1,0
Fc1cccc(c1/C=C/c1ccc(cn1)N(C)C)F,1,CN(C)c1ccc(/C=C/c2c(F)cccc2F)nc1,0
O=C(NC1CN(C1)C1CC[C@](CC1)(O)c1cccc(c1)N(C)C)CNC(=O)c1cccc(c1)C(F)(F)F,1,CN(C)c1cccc(C2(O)CCC(N3CC(NC(=O)CNC(=O)c4cccc(C(F)(F)F)c4)C3)CC2)c1,0
CN(c1nc(c2ccccc2Cl)c2c(n1)N(C(=O)NC2)c1c(Cl)cccc1Cl)C,0,CN(C)c1nc(-c2ccccc2Cl)c2c(n1)N(c1c(Cl)cccc1Cl)C(=O)NC2,1
O=C1COc2c(N1)nc(cc2)CNC12CCC(CC1)(OC2)CCc1c(F)cnc2c1nc(N(C)C)c(c2)C(F)(F)F,0,CN(C)c1nc2c(CCC34CCC(NCc5ccc6c(n5)NC(=O)CO6)(CC3)CO4)c(F)cnc2cc1C(F)(F)F,1
OC(=O)Cc1c2CCC(Cn2c2c1ccc(c2)F)N(S(=O)(=O)c1ccc(cc1)F)C,1,CN(C1CCc2c(CC(=O)O)c3ccc(F)cc3n2C1)S(=O)(=O)c1ccc(F)cc1,0
OC(=O)Cc1c2CCC(Cn2c2c1cccc2F)N(S(=O)(=O)c1ccc(cc1)F)C,1,CN(C1CCc2c(CC(=O)O)c3cccc(F)c3n2C1)S(=O)(=O)c1ccc(F)cc1,0
OC(=O)Cc1c2CCC(Cn2c2c1cccc2)N(S(=O)(=O)c1ccc(cc1)F)C,1,CN(C1CCc2c(CC(=O)O)c3ccccc3n2C1)S(=O)(=O)c1ccc(F)cc1,0
OC1C(c2cc(OCCCC(F)(F)F)ccc2OC1(C)C)N(S(=O)(=O)C)C,1,CN(C1c2cc(OCCCC(F)(F)F)ccc2OC(C)(C)C1O)S(C)(=O)=O,0
OC(=O)CCN(C1CCC2(C1)Cc1ccccc1Cc1c2cccc1)C,1,CN(CCC(=O)O)C1CCC2(Cc3ccccc3Cc3ccccc32)C1,0
CN(CCc1ccc(cc1)[N+](=O)[O-])CCCOc1ccc(cc1)[N+](=O)[O-],0,CN(CCCOc1ccc([N+](=O)[O-])cc1)CCc1ccc([N+](=O)[O-])cc1,1
c1cccc(c12)n(C)c(n2)N(C)CCN(C)S(=O)(=O)c(cc3)ccc3NS(=O)(=O)C,0,CN(CCN(C)S(=O)(=O)c1ccc(NS(C)(=O)=O)cc1)c1nc2ccccc2n1C,1
CN(CC12CCC(C2(C)C)CC1)CCN1CCN(C1=O)c1ccc(cc1)F,0,CN(CCN1CCN(c2ccc(F)cc2)C1=O)CC12CCC(CC1)C2(C)C,1
CN(CC12CCC(C2(C)C)CC1)CCN1CCN(C1=O)c1ccc2c(c1)OCO2,0,CN(CCN1CCN(c2ccc3c(c2)OCO3)C1=O)CC12CCC(CC1)C2(C)C,1
CN(CC12CCC(C2(C)C)CC1)CCN1CCN(C1=O)c1cccc(c1)C(F)(F)F,0,CN(CCN1CCN(c2cccc(C(F)(F)F)c2)C1=O)CC12CCC(CC1)C2(C)C,1
CN(CC12CCC(C2(C)C)CC1)CCN1CCN(C1=O)c1cccc(c1)Cl,0,CN(CCN1CCN(c2cccc(Cl)c2)C1=O)CC12CCC(CC1)C2(C)C,1
CN(CC12CCC(C2(C)C)CC1)CCN1CCN(C1=O)c1ccccc1,0,CN(CCN1CCN(c2ccccc2)C1=O)CC12CCC(CC1)C2(C)C,1
CN(CCc1ccc(cc1)NS(=O)(=O)C)CCOc1ccc(cc1)C(F)(F)F,0,CN(CCOc1ccc(C(F)(F)F)cc1)CCc1ccc(NS(C)(=O)=O)cc1,1
CN(CCc1ccc(cc1)NS(=O)(=O)C)CCOc1ccc(cc1)C(=O)N,0,CN(CCOc1ccc(C(N)=O)cc1)CCc1ccc(NS(C)(=O)=O)cc1,1
O=C1NC(=O)C(S1)Cc1ccc(cc1)OCCN(c1ccccn1)C,1,CN(CCOc1ccc(CC2SC(=O)NC2=O)cc1)c1ccccn1,0
c1cc(Cl)c(Cl)cc1OCCN(C)CCc(cc2)cc(Cl)c2Cl,0,CN(CCOc1ccc(Cl)c(Cl)c1)CCc1ccc(Cl)c(Cl)c1,1
CN(CCc1ccccc1)CCOc1ccc(c(c1)Cl)Cl,0,CN(CCOc1ccc(Cl)c(Cl)c1)CCc1ccccc1,1
CN(CCc1ccc(cc1)Cl)CCOc1ccc(cc1)Cl,0,CN(CCOc1ccc(Cl)cc1)CCc1ccc(Cl)cc1,1
CN(CCc1ccccc1)CCOc1ccc(cc1)Cl,0,CN(CCOc1ccc(Cl)cc1)CCc1ccccc1,1
CN(CCc1ccccc1)CCOc1ccc(cc1)NS(=O)(=O)C,0,CN(CCOc1ccc(NS(C)(=O)=O)cc1)CCc1ccccc1,1
CN(CCc1ccccc1)CCOc1ccc(cc1)[N+](=O)[O-],0,CN(CCOc1ccc([N+](=O)[O-])cc1)CCc1ccccc1,1
CN(CCc1ccc(c(c1)Cl)Cl)CCOc1ccccc1,0,CN(CCOc1ccccc1)CCc1ccc(Cl)c(Cl)c1,1
CN(CCc1ccc(cc1)Cl)CCOc1ccccc1,0,CN(CCOc1ccccc1)CCc1ccc(Cl)cc1,1
CN(CCc1ccc(cc1)NS(=O)(=O)C)CCOc1ccccc1,0,CN(CCOc1ccccc1)CCc1ccc(NS(C)(=O)=O)cc1,1
CN(CCc1ccc(cc1)[N+](=O)[O-])CCOc1ccccc1,0,CN(CCOc1ccccc1)CCc1ccc([N+](=O)[O-])cc1,1
CN(CC1(C)COC1)Cc1ccc(cc1)OC1CN(C1)C(=O)c1nnc(o1)c1ccccc1,1,CN(Cc1ccc(OC2CN(C(=O)c3nnc(-c4ccccc4)o3)C2)cc1)CC1(C)COC1,0
CN(S(=O)(=O)c1ccccc1)c1ccc(cc1)C12CNCC2C1,1,CN(c1ccc(C23CNCC2C3)cc1)S(=O)(=O)c1ccccc1,0
CN(S(=O)(=O)C)c1ccc2c(c1)[nH]c(n2)Cc1ccc(cc1)Oc1ccccc1,0,CN(c1ccc2nc(Cc3ccc(Oc4ccccc4)cc3)[nH]c2c1)S(C)(=O)=O,1
N#C/N=C(/NCCSCc1nc[nH]c1C)\NC,1,CN/C(=N\C#N)NCCSCc1nc[nH]c1C,0
NC(C(=O)NC1N=C(c2ccccc2)c2c(N(C1=O)C)cccc2)Cc1ccccc1,0,CN1C(=O)C(NC(=O)C(N)Cc2ccccc2)N=C(c2ccccc2)c2ccccc21,1
Fc1cc(C=C2CC3C(C2O)(C)CCC2C3CCC3C2(C)C=CC(=O)N3C)cc(c1)F,0,CN1C(=O)C=CC2(C)C3CCC4(C)C(O)C(=Cc5cc(F)cc(F)c5)CC4C3CCC12,1
Fc1cccc(c1)C=C1CC2C(C1O)(C)CCC1C2CCC2C1(C)C=CC(=O)N2C,0,CN1C(=O)C=CC2(C)C3CCC4(C)C(O)C(=Cc5cccc(F)c5)CC4C3CCC12,1
O=C1C=CC2(C(N1C)CCC1C2CCC2(C1CC(=Cc1ccccc1)C2O)C)C,0,CN1C(=O)C=CC2(C)C3CCC4(C)C(O)C(=Cc5ccccc5)CC4C3CCC12,1
O=C1C=CC2(C(N1C)CCC1C2CCC2(C1CC(=Cc1cncnc1)C2O)C)C,0,CN1C(=O)C=CC2(C)C3CCC4(C)C(O)C(=Cc5cncnc5)CC4C3CCC12,1
O=C1C=CC2(C(N1C)CCC1C2CCC2(C1CCC2O)C)C,1,CN1C(=O)C=CC2(C)C3CCC4(C)C(O)CCC4C3CCC12,0
CN1C(=O)CN=C(C2=C1C=CC(=C2)Cl)C3=CC=CC=C3,1,CN1C(=O)CN=C(c2ccccc2)c2cc(Cl)ccc21,0
O=C(CN1C(OC(C1=O)(C)C)c1ccccc1)Nc1ccc2c(c1)C[C@@]1(C2)C(=O)NC(=O)N1C,1,CN1C(=O)NC(=O)[C@@]12Cc1ccc(NC(=O)CN3C(=O)C(C)(C)OC3c3ccccc3)cc1C2,0
O=C(CN1C(OC(C1=O)(C)CC(F)(F)F)c1cccc(c1)Cl)Nc1ccc2c(c1)C[C@@]1(C2)C(=O)NC(=O)N1C,1,CN1C(=O)NC(=O)[C@@]12Cc1ccc(NC(=O)CN3C(=O)C(C)(CC(F)(F)F)OC3c3cccc(Cl)c3)cc1C2,0
O=C(CN1C(OC(C1=O)(C)CC(F)(F)F)c1ccccc1)Nc1ccc2c(c1)C[C@@]1(C2)C(=O)NC(=O)N1C,1,CN1C(=O)NC(=O)[C@@]12Cc1ccc(NC(=O)CN3C(=O)C(C)(CC(F)(F)F)OC3c3ccccc3)cc1C2,0
CN1CC2C(C1)C2CN(C(=O)c1ncn(c1)C)Cc1ccc(c(c1)Cl)F,0,CN1CC2C(C1)C2CN(Cc1ccc(F)c(Cl)c1)C(=O)c1cn(C)cn1,1
CN1CC2C(C1)C2CN(C(=O)c1ncn(c1)C)Cc1cccc(c1)OC(F)(F)F,0,CN1CC2C(C1)C2CN(Cc1cccc(OC(F)(F)F)c1)C(=O)c1cn(C)cn1,1
CN1CC2C(C1)CC(C2)N(C(=O)c1ncn(c1)C)Cc1ccc(c(c1)C(F)(F)F)F,0,CN1CC2CC(N(Cc3ccc(F)c(C(F)(F)F)c3)C(=O)c3cn(C)cn3)CC2C1,1
CN1CC2C(C1)CC(C2)N(C(=O)c1ncn(c1)C)Cc1cccc(c1)OC(F)(F)F,0,CN1CC2CC(N(Cc3cccc(OC(F)(F)F)c3)C(=O)c3cn(C)cn3)CC2C1,1
CN1CC2CC1CN2c1ccc(cn1)c1ccc2c(c1)cc([nH]2)C(F)(F)F,0,CN1CC2CC1CN2c1ccc(-c2ccc3[nH]c(C(F)(F)F)cc3c2)cn1,1
CN1CC2CC1CN2c1ccc(nn1)c1ccc2c(c1)cc([nH]2)C(F)(F)F,0,CN1CC2CC1CN2c1ccc(-c2ccc3[nH]c(C(F)(F)F)cc3c2)nn1,1
CN1CC2CC1CN2c1ccc(cn1)c1ccc2c(c1)cc[nH]2,1,CN1CC2CC1CN2c1ccc(-c2ccc3[nH]ccc3c2)cn1,0
CN1CC2CC1CN2c1ccc(nn1)c1ccc2c(c1)cc[nH]2,1,CN1CC2CC1CN2c1ccc(-c2ccc3[nH]ccc3c2)nn1,0
CN1CC2CC1CN2c1cnc(cn1)c1ccc2c(c1)cc([nH]2)C(F)(F)F,0,CN1CC2CC1CN2c1cnc(-c2ccc3[nH]c(C(F)(F)F)cc3c2)cn1,1
CN1CC2CC1CN2c1ncc(nc1)c1ccc2c(c1)cc[nH]2,1,CN1CC2CC1CN2c1cnc(-c2ccc3[nH]ccc3c2)cn1,0
CN1CC2[C@](C1)(CCCC2)c1ccc(c(c1)Cl)Cl,0,CN1CC2CCCC[C@@]2(c2ccc(Cl)c(Cl)c2)C1,1
CN1CC2[C@@](C1)(CCCC2)c1ccc(c(c1)Cl)Cl,0,CN1CC2CCCC[C@]2(c2ccc(Cl)c(Cl)c2)C1,1
OC[C@]1(C=C(CN1C(=O)N(C1CCN(CC1)C)C)c1cc(F)ccc1F)c1ccccc1,1,CN1CCC(N(C)C(=O)N2CC(c3cc(F)ccc3F)=C[C@@]2(CO)c2ccccc2)CC1,0
c1cccc(c12)[nH]c(-c3ccccc3)c2[C@H]4CCCN(C4)C,0,CN1CCC[C@H](c2c(-c3ccccc3)[nH]c3ccccc23)C1,1
CN1CCC[C@H]1Cn1nc(Cc2ccc(cc2)Cl)c2c(c1=O)cccc2,0,CN1CCC[C@H]1Cn1nc(Cc2ccc(Cl)cc2)c2ccccc2c1=O,1
CN1CCC[C@H]1Cn1nc(Cc2ccc(cc2)Cl)c2c(c1=O)nccc2,0,CN1CCC[C@H]1Cn1nc(Cc2ccc(Cl)cc2)c2cccnc2c1=O,1
CN1CCC[C@H]1Cn1nc(Cc2ccc(cc2)Cl)c2c(c1=O)ccnc2,0,CN1CCC[C@H]1Cn1nc(Cc2ccc(Cl)cc2)c2cnccc2c1=O,1
CN1CCC[C@H]1Cn1nc(Cc2ccc(cc2)Cl)c2c(c1=O)cccn2,0,CN1CCC[C@H]1Cn1nc(Cc2ccc(Cl)cc2)c2ncccc2c1=O,1
CN1CCN(CC1)C(=O)c1ccc(cc1)c1cnc(c(c1)c1ccc(cc1)C(F)(F)F)N,1,CN1CCN(C(=O)c2ccc(-c3cnc(N)c(-c4ccc(C(F)(F)F)cc4)c3)cc2)CC1,0
CN1CCN(c2c1ccc(n2)CNC12CCC(CC1)(OC2)CC1(O)Cn2c3c1c(F)cnc3ccc2=O)C,1,CN1CCN(C)c2nc(CNC34CCC(CC5(O)Cn6c(=O)ccc7ncc(F)c5c76)(CC3)OC4)ccc21,0
CN1CCN(CCCN([C@@H]2CC[C@@]3(C[C@H]23)c4cccc(N)c4)C(=O)Nc5ccc(F)c(Cl)c5)CC1,0,CN1CCN(CCCN(C(=O)Nc2ccc(F)c(Cl)c2)[C@@H]2CC[C@]3(c4cccc(N)c4)C[C@H]23)CC1,1
CN1CCN(CC1)Cc1ccc(cc1F)OC1CN(C1)C(=O)c1nnc(o1)c1ccccc1,1,CN1CCN(Cc2ccc(OC3CN(C(=O)c4nnc(-c5ccccc5)o4)C3)cc2F)CC1,0
CN5CCN(Cc2ccc1C4=C(Cc1c2)C(c3csc(C#CCOCC(N)=O)c3)N=N4)CC5,1,CN1CCN(Cc2ccc3c(c2)CC2=C3N=NC2c2csc(C#CCOCC(N)=O)c2)CC1,0
CN1CCN(CC1)Cc1ccc2c(c1)Cc1c2[nH]nc1c1csc(c1)C#CCOc1ccccc1,0,CN1CCN(Cc2ccc3c(c2)Cc2c(-c4csc(C#CCOc5ccccc5)c4)n[nH]c2-3)CC1,1
CN1CCN(CC1)c1ncnc(c1)Nc1ncc(s1)C#N,0,CN1CCN(c2cc(Nc3ncc(C#N)s3)ncn2)CC1,1
CN1CCN(CC1)c1cccc2c1CC(CO2)NC(=O)c1ccc(cc1)OC(F)(F)F,0,CN1CCN(c2cccc3c2CC(NC(=O)c2ccc(OC(F)(F)F)cc2)CO3)CC1,1
CN1CCN(CC1)c1cccc2c1CC(CO2)NC(=O)c1ccc(nc1)OCC(F)(F)F,0,CN1CCN(c2cccc3c2CC(NC(=O)c2ccc(OCC(F)(F)F)nc2)CO3)CC1,1
CN1CCN(CC1)c1cccc2c1CC(CO2)NC(=O)c1ccc(nc1)OCCC(F)(F)F,1,CN1CCN(c2cccc3c2CC(NC(=O)c2ccc(OCCC(F)(F)F)nc2)CO3)CC1,0
CN1CCN=C1c6ccc(C(=O)N4CCN(S(=O)(=O)c3cc2ccc(Cl)cc2s3)CC4CC(=O)N5CCC(C(=O)O)CC5)cc6,1,CN1CCN=C1c1ccc(C(=O)N2CCN(S(=O)(=O)c3cc4ccc(Cl)cc4s3)CC2CC(=O)N2CCC(C(=O)O)CC2)cc1,0
CN1CCN=C1c6ccc(C(=O)N4CCN(S(=O)(=O)c3cc2ccc(Cl)cc2s3)CC4CC(=O)N5CCCC(C(=O)O)C5)cc6,1,CN1CCN=C1c1ccc(C(=O)N2CCN(S(=O)(=O)c3cc4ccc(Cl)cc4s3)CC2CC(=O)N2CCCC(C(=O)O)C2)cc1,0
CN1CCN=C1c4ccc(C(=O)Nc2ccc(SCC(N)=O)cc2C(=O)Nc3ccc(Cl)cn3)cc4,1,CN1CCN=C1c1ccc(C(=O)Nc2ccc(SCC(N)=O)cc2C(=O)Nc2ccc(Cl)cn2)cc1,0
CN1CCOc2c1nc(cc2)CNC12CCC(CC1)(OC2)CC1(O)Cn2c3c1c(F)cnc3ccc2=O,1,CN1CCOc2ccc(CNC34CCC(CC5(O)Cn6c(=O)ccc7ncc(F)c5c76)(CC3)OC4)nc21,0
N#Cc1ccc(cc1Cl)N([C@H]1CC(=O)N(C1)C)Cc1ccccc1F,0,CN1C[C@@H](N(Cc2ccccc2F)c2ccc(C#N)c(Cl)c2)CC1=O,1
Fc1ccc(c(c1)F)C1N=C(CCc2ccc(cc2)NS(=O)(=O)C)N(Cc2c1cccc2)C,0,CN1Cc2ccccc2C(c2ccc(F)cc2F)N=C1CCc1ccc(NS(C)(=O)=O)cc1,1
CN1Cc2ccccc2C(N=C1CCc1ccccc1)c1ccccc1,0,CN1Cc2ccccc2C(c2ccccc2)N=C1CCc1ccccc1,1
CN1Cc2ccccc2C(N=C1OCc1ccc(cc1)NS(=O)(=O)C)c1ccccc1,0,CN1Cc2ccccc2C(c2ccccc2)N=C1OCc1ccc(NS(C)(=O)=O)cc1,1
N#Cc1ccc2cc1Oc1ccc3c(c1)c(ccc3)N1CC[C@@H](N(Cc3n(C2)cnc3)C)C1=O,0,CN1Cc2cncn2Cc2ccc(C#N)c(c2)Oc2ccc3cccc(c3c2)N2CC[C@@H]1C2=O,1
O(C(=O)c1ccccc1)[C@@H]1[C@@H]([C@@H]2[N@@](C)[C@@H](C1)CC2)C(O)=O,1,CN1[C@@H]2CC[C@@H]1[C@@H](C(=O)O)[C@@H](OC(=O)c1ccccc1)C2,0
OCC(=O)NC1CC(C)(C)N(c2c1cc(c1ccc(cc1)Cl)c(n2)c1ccc(cc1Cl)Cl)C,0,CN1c2nc(-c3ccc(Cl)cc3Cl)c(-c3ccc(Cl)cc3)cc2C(NC(=O)CO)CC1(C)C,1
CNC(=O)C(C)Oc3cccc4ncnc(Nc2ccc(OCc1ccccn1)c(Cl)c2)c34,1,CNC(=O)C(C)Oc1cccc2ncnc(Nc3ccc(OCc4ccccn4)c(Cl)c3)c12,0
CNC(=O)CCCNC(=O)N(C1CCN(CC1)[C@@H](CCNC(=O)c1c(C)cc(nc1C)Cl)C)Cc1ccsc1,1,CNC(=O)CCCNC(=O)N(Cc1ccsc1)C1CCN([C@H](C)CCNC(=O)c2c(C)cc(Cl)nc2C)CC1,0
CNC(=O)CN1CCC2(CC1)C=C(c1c2cccc1)c1onc(n1)c1ccc(cc1)OC,1,CNC(=O)CN1CCC2(C=C(c3nc(-c4ccc(OC)cc4)no3)c3ccccc32)CC1,0
CNC(=O)CN1Cc2c(C1=O)nc(c(c2c1ccc(cc1Cl)Cl)CN)C,1,CNC(=O)CN1Cc2c(nc(C)c(CN)c2-c2ccc(Cl)cc2Cl)C1=O,0
CNC(=O)CSc4ccc(NC(=O)c2ccc(C1=NCCN1C)cc2)c(C(=O)Nc3ccc(Cl)cn3)c4,1,CNC(=O)CSc1ccc(NC(=O)c2ccc(C3=NCCN3C)cc2)c(C(=O)Nc2ccc(Cl)cn2)c1,0
c1cccc(c12)n(CC(=O)NC)c(=O)n2C3CCN(CC3)CC[C@@H](C(C)C)Oc4cc(OC)ccc4C,0,CNC(=O)Cn1c(=O)n(C2CCN(CC[C@H](Oc3cc(OC)ccc3C)C(C)C)CC2)c2ccccc21,1
CNC(=O)N1CCC(CC1)C1NC(Cc2c1[nH]c1c2cccc1)c1[nH]cc(n1)c1ccccc1,0,CNC(=O)N1CCC(C2NC(c3nc(-c4ccccc4)c[nH]3)Cc3c2[nH]c2ccccc32)CC1,1
CNC(=O)N3CCN(Cc2ccnc(Nc1ncc(C#N)s1)c2)CC3,0,CNC(=O)N1CCN(Cc2ccnc(Nc3ncc(C#N)s3)c2)CC1,1
CNC(=O)N1CCN(CC1)Cc1ccnc(c1C)Nc1ncc(s1)C#N,0,CNC(=O)N1CCN(Cc2ccnc(Nc3ncc(C#N)s3)c2C)CC1,1
CNC(=O)c1cc(ccc1OC)c1ccc2c(n1)nc(nc2N1CCOC[C@H]1C)N1CCOC[C@H]1C,1,CNC(=O)c1cc(-c2ccc3c(N4CCOC[C@H]4C)nc(N4CCOC[C@H]4C)nc3n2)ccc1OC,0
CNC(=O)c1cc(ccc1OC(F)F)c1ccc2c(n1)nc(nc2N1CCOC[C@H]1C)N1CCOC[C@H]1C,1,CNC(=O)c1cc(-c2ccc3c(N4CCOC[C@H]4C)nc(N4CCOC[C@H]4C)nc3n2)ccc1OC(F)F,0
CNC(=O)c1nccc(c1)Oc1ccc2c(c1)sc(n2)NC(=O)Nc1cc(cc(c1)C(F)(F)F)C(F)(F)F,1,CNC(=O)c1cc(Oc2ccc3nc(NC(=O)Nc4cc(C(F)(F)F)cc(C(F)(F)F)c4)sc3c2)ccn1,0
CNC(=O)c1nccc(c1)Oc1ccc2c(c1)sc(n2)NC(=O)Nc1ccc(c(c1)Cl)Cl,1,CNC(=O)c1cc(Oc2ccc3nc(NC(=O)Nc4ccc(Cl)c(Cl)c4)sc3c2)ccn1,0
CNC(=O)c1nccc(c1)Oc1ccc2c(c1)sc(n2)NC(=O)Nc1ccc(cc1Cl)Cl,1,CNC(=O)c1cc(Oc2ccc3nc(NC(=O)Nc4ccc(Cl)cc4Cl)sc3c2)ccn1,0
CNC(=O)c1ccc(cc1)c1ccc2c(c1)CCN(C2=O)CCN1CCCC1C,1,CNC(=O)c1ccc(-c2ccc3c(c2)CCN(CCN2CCCC2C)C3=O)cc1,0
CNC(=O)c1cccc(c1)c1ccc2c(n1)nc(nc2N1CCOC[C@H]1C)N1CCOC[C@H]1C,1,CNC(=O)c1cccc(-c2ccc3c(N4CCOC[C@H]4C)nc(N4CCOC[C@H]4C)nc3n2)c1,0
CNC(=O)c1ccn2c1COc1c2cccc1CCN1CCN(CC1)c1cccc2c1ccc(n2)C,0,CNC(=O)c1ccn2c1COc1c(CCN3CCN(c4cccc5nc(C)ccc45)CC3)cccc1-2,1
CNC(C1CCN(C1)c1c(F)cc2c(c1OC)n(cc(c2=O)C(=O)O)C1CC1)C,1,CNC(C)C1CCN(c2c(F)cc3c(=O)c(C(=O)O)cn(C4CC4)c3c2OC)C1,0
CNC(C1CCN(C1)c1c(F)cc2c(c1OC)n(cc(c2=O)C(=O)O)C1CC1)CC#N,1,CNC(CC#N)C1CCN(c2c(F)cc3c(=O)c(C(=O)O)cn(C4CC4)c3c2OC)C1,0
CNC(C1CCN(C1)c1c(F)cc2c3c1OCC(n3cc(c2=O)C(=O)O)C)CC#N,1,CNC(CC#N)C1CCN(c2c(F)cc3c(=O)c(C(=O)O)cn4c3c2OCC4C)C1,0
CNC1CCC(CC1)N1CCc2c1cc(cc2)NC(=N)c1cccs1,1,CNC1CCC(N2CCc3ccc(NC(=N)c4cccs4)cc32)CC1,0
CNC1CCC(CC1)c1c[nH]c2c1cc(cc2)NC(=N)c1cccs1,1,CNC1CCC(c2c[nH]c3ccc(NC(=N)c4cccs4)cc23)CC1,0
CNCC(CN1c2ccccc2Sc2c1cc(C#N)cc2)C,0,CNCC(C)CN1c2ccccc2Sc2ccc(C#N)cc21,1
CNCC1Cc2ccccc2C(C1)c1ccc(c(c1)Cl)Cl,0,CNCC1Cc2ccccc2C(c2ccc(Cl)c(Cl)c2)C1,1
CNCCC(c1ccccc1)Oc1cc(Cl)ccc1C#N,0,CNCCC(Oc1cc(Cl)ccc1C#N)c1ccccc1,1
CNCCc1sc2c(c1C(c1ccccn1)C)cccc2,0,CNCCc1sc2ccccc2c1C(C)c1ccccn1,1
CNC[C@H](CCN1c2ccccc2N(S1(=O)=O)c1c(F)cccc1F)O,1,CNC[C@@H](O)CCN1c2ccccc2N(c2c(F)cccc2F)S1(=O)=O,0
CNC[C@H](CCN1c2ccccc2N(S1(=O)=O)c1ccccc1)O,0,CNC[C@@H](O)CCN1c2ccccc2N(c2ccccc2)S1(=O)=O,1
CNC[C@H](CCN1c2ccccc2N(S1(=O)=O)c1ccccc1F)O,1,CNC[C@@H](O)CCN1c2ccccc2N(c2ccccc2F)S1(=O)=O,0
CNCc1cc(F)ccc1Oc1ccc(c(c1)Cl)Cl,0,CNCc1cc(F)ccc1Oc1ccc(Cl)c(Cl)c1,1
CNCc1cccc(c1)c1ccc2c(n1)nc(nc2N1CCOCC1)N1C[C@H](C)O[C@H](C1)C,1,CNCc1cccc(-c2ccc3c(N4CCOCC4)nc(N4C[C@H](C)O[C@@H](C)C4)nc3n2)c1,0
CNS(=O)(=O)Cc1ccc2c(c1)c(CCN(C)C)c[nH]2,1,CNS(=O)(=O)Cc1ccc2[nH]cc(CCN(C)C)c2c1,0
CNS(=O)(=O)c1cc(c(cc1F)Cl)C(=O)N1CCC(CC1)(CCN1[C@@H]2CC[C@@H]1C[C@@H](C2)n1c(C)nc2c1cccc2)c1cccc(c1)F,1,CNS(=O)(=O)c1cc(C(=O)N2CCC(CCN3[C@@H]4CC[C@@H]3CC(n3c(C)nc5ccccc53)C4)(c3cccc(F)c3)CC2)c(Cl)cc1F,0
CNS(=O)(=O)c1cccc(c1)C(=O)N1CCC(CC1)(CCN1[C@@H]2CC[C@@H]1C[C@@H](C2)n1c(C)nc2c1cccc2)c1ccccc1,1,CNS(=O)(=O)c1cccc(C(=O)N2CCC(CCN3[C@@H]4CC[C@@H]3CC(n3c(C)nc5ccccc53)C4)(c3ccccc3)CC2)c1,0
[H][C@@]4([C@H](CC#N)NC)CCN(c2c(F)cc1c(=O)c(C(=O)O)cn3c1c2OC[C@@H]3C)C4,1,CN[C@@H](CC#N)[C@@H]1CCN(c2c(F)cc3c(=O)c(C(=O)O)cn4c3c2OC[C@@H]4C)C1,0
CN[C@@H]1CCN(C1)c1nc(N)nc2c1ncc(c2)C(C)C,1,CN[C@@H]1CCN(c2nc(N)nc3cc(C(C)C)cnc23)C1,0
COC[C@H](c1nc2nc(ccc2c(n1)N1CCOC[C@H]1C)c1ccc(c(c1)CO)OC)NC,1,CN[C@H](COC)c1nc(N2CCOC[C@H]2C)c2ccc(-c3ccc(OC)c(CO)c3)nc2n1,0
CN[C@H]1CCN(C1)C(=O)c1ccc(cc1)Nc1ncc(c(n1)c1cnc(n1C(C)C)C)F,1,CN[C@H]1CCN(C(=O)c2ccc(Nc3ncc(F)c(-c4cnc(C)n4C(C)C)n3)cc2)C1,0
CN[C@H]1Cc2ccccc2[C@@H](C1)c1ccc(c(c1)Cl)Cl,0,CN[C@H]1Cc2ccccc2[C@H](c2ccc(Cl)c(Cl)c2)C1,1
CNc1nc(c2ccccc2Cl)c2c(n1)N(C(=O)NC2)c1c(Cl)cccc1Cl,0,CNc1nc(-c2ccccc2Cl)c2c(n1)N(c1c(Cl)cccc1Cl)C(=O)NC2,1
CNc1ncc(cn1)C=C1CC2C(C1O)(C)CCC1C2CCC2C1(C)C=CC(=O)N2C,1,CNc1ncc(C=C2CC3C4CCC5N(C)C(=O)C=CC5(C)C4CCC3(C)C2O)cn1,0
CNc1noc2c1ccc(c2c1ccc2c(c1)cnnc2N1CCOCC1C)C,1,CNc1noc2c(-c3ccc4c(N5CCOCC5C)nncc4c3)c(C)ccc12,0
CO/N=C/1\CN(CC1(C)CN)c1nc2c(cc1F)c(=O)c(cn2C1CC1)C(=O)O,1,CO/N=C1\CN(c2nc3c(cc2F)c(=O)c(C(=O)O)cn3C2CC2)CC1(C)CN,0
NCC1CN(C/C/1=N\OC)c1nc2c(cc1F)c(=O)c(cn2C1CC1)C(=O)O,1,CO/N=C1\CN(c2nc3c(cc2F)c(=O)c(C(=O)O)cn3C2CC2)CC1CN,0
COC(=O)C1=C(C)NC(=C(C1c1ccccc1[N+](=O)[O-])C(=O)OCC(C)C)C,1,COC(=O)C1=C(C)NC(C)=C(C(=O)OCC(C)C)C1c1ccccc1[N+](=O)[O-],0
COC(=O)C1CC1COc1ccc2c(n1)c(CCC13CCC(CC1)(CO3)NCc1ccc3c(n1)NC(=O)CO3)c(cn2)F,0,COC(=O)C1CC1COc1ccc2ncc(F)c(CCC34CCC(NCc5ccc6c(n5)NC(=O)CO6)(CC3)CO4)c2n1,1
COC(=O)C1CCC(CC1)N1CC(C1)NC(=O)CNc1nn(c2c1cc(cc2)C(F)(F)F)C,0,COC(=O)C1CCC(N2CC(NC(=O)CNc3nn(C)c4ccc(C(F)(F)F)cc34)C2)CC1,1
[H][N@+]([H])([H])C(CC(=O)N1CSC[C@H]1C(=O)NCc2ccc(CC(=O)OC)cc2)Cc3ccccc3F,0,COC(=O)Cc1ccc(CNC(=O)[C@@H]2CSCN2C(=O)CC([NH3+])Cc2ccccc2F)cc1,1
COC(=O)Cc1ccc(cc1)CNC(=O)[C@@H]1CSCN1C(=O)C[C@@H](Cc1ccccc1F)N,0,COC(=O)Cc1ccc(CNC(=O)[C@@H]2CSCN2C(=O)C[C@H](N)Cc2ccccc2F)cc1,1
COC(=O)N(Cc1cccc(c1)OCc1nc(oc1C)c1ccc(cc1)Cl)CC(=O)O,1,COC(=O)N(CC(=O)O)Cc1cccc(OCc2nc(-c3ccc(Cl)cc3)oc2C)c1,0
COC(=O)N1CCC(CC1)C1NC(Cc2c1[nH]c1c2cccc1)c1[nH]cc(n1)c1ccccc1,0,COC(=O)N1CCC(C2NC(c3nc(-c4ccccc4)c[nH]3)Cc3c2[nH]c2ccccc32)CC1,1
COC(=O)N1CC[C@@H](C1)N(c1ccc(c(c1)Cl)C#N)Cc1cccc(c1F)F,0,COC(=O)N1CC[C@H](N(Cc2cccc(F)c2F)c2ccc(C#N)c(Cl)c2)C1,1
COC(=O)NCCc1cc(CN(C(=O)C2CNCCC2c2ccn(c(=O)c2)C)C2CC2)c(c(c1)Cl)Cl,1,COC(=O)NCCc1cc(Cl)c(Cl)c(CN(C(=O)C2CNCCC2c2ccn(C)c(=O)c2)C2CC2)c1,0
COC(=O)NCCc1ccccc1c1ccc(c(c1)Cl)[C@H]1CNCC[C@H]1c1ccn(c(=O)c1)C,1,COC(=O)NCCc1ccccc1-c1ccc([C@H]2CNCC[C@H]2c2ccn(C)c(=O)c2)c(Cl)c1,0
C([C@@H]1[C@@H]2[N@@]([C@@H](C[C@@H]1OC(c1ccccc1)=O)CC2)C)(OC)=O,0,COC(=O)[C@H]1[C@@H](OC(=O)c2ccccc2)C[C@H]2CC[C@H]1N2C,1
C1[C@H]2[N@@]([C@@H]([C@H](C(OC)=O)[C@H]1O)CC2)C,1,COC(=O)[C@H]1[C@H]2CC[C@@H](C[C@@H]1O)N2C,0
COC(=O)c1c(C)noc1c1ccc2c(n1)ccc(c2)CCN1CCCC1C,0,COC(=O)c1c(C)noc1-c1ccc2cc(CCN3CCCC3C)ccc2n1,1
COC(=O)c1noc(c1)c1ccc2c(n1)ccc(c2)CCN1CCCC1C,1,COC(=O)c1cc(-c2ccc3cc(CCN4CCCC4C)ccc3n2)on1,0
COC(=O)c1ccc(cc1)C1CCC(CC1)N1CC(C1)NC(=O)CNC(=O)c1cccc(c1)C(F)(F)F,0,COC(=O)c1ccc(C2CCC(N3CC(NC(=O)CNC(=O)c4cccc(C(F)(F)F)c4)C3)CC2)cc1,1
COC(=O)c1ccc(cc1)CCCCN1CCC(CC1)C(c1ccccc1)(c1ccccc1)O,0,COC(=O)c1ccc(CCCCN2CCC(C(O)(c3ccccc3)c3ccccc3)CC2)cc1,1
COC(=O)c1ccc(cc1)Oc1ccc(cc1)CN1CCC(CC1)N1C(=O)N(C[C@H]1c1ccccc1)C1CCCCC1,1,COC(=O)c1ccc(Oc2ccc(CN3CCC(N4C(=O)N(C5CCCCC5)C[C@H]4c4ccccc4)CC3)cc2)cc1,0
COC(=O)c1cccc(c1)C(=O)N1CCC(CC1)(CCN1[C@@H]2CC[C@@H]1C[C@@H](C2)n1c(C)nc2c1cccc2)c1ccccc1,0,COC(=O)c1cccc(C(=O)N2CCC(CCN3[C@@H]4CC[C@@H]3CC(n3c(C)nc5ccccc53)C4)(c3ccccc3)CC2)c1,1
COC(c1cnc2n1C[C@@H](CC[C@H]2NC(=O)N1CCC2(CC1)C(=O)Nc1c2cccn1)c1cccc(c1F)F)(C)C,0,COC(C)(C)c1cnc2n1C[C@H](c1cccc(F)c1F)CC[C@H]2NC(=O)N1CCC2(CC1)C(=O)Nc1ncccc12,1
COC(c1cnc2n1C[C@@H](CC[C@H]2NC(=O)N1CCC2(CC1)OC(=O)Nc1c2cccn1)c1cccc(c1F)F)(C)C,0,COC(C)(C)c1cnc2n1C[C@H](c1cccc(F)c1F)CC[C@H]2NC(=O)N1CCC2(CC1)OC(=O)Nc1ncccc12,1
O=CCC1CC(C)C(O)C=CC=CCC(OC(=O)CC(OC(=O)C)C(OC)C1OC1OC(C)C(OC2OC(C)C(OC(=O)CC(C)C)C(O)(C)C2)C([N+](C)C)C1O)C,1,COC1C(OC(C)=O)CC(=O)OC(C)CC=CC=CC(O)C(C)CC(CC=O)C1OC1OC(C)C(OC2CC(C)(O)C(OC(=O)CC(C)C)C(C)O2)C([N+](C)C)C1O,0
COC1CCN(CC1)S(=O)(=O)c1ccc(cc1)c1ccc(cc1)CCN1CCCC1C,0,COC1CCN(S(=O)(=O)c2ccc(-c3ccc(CCN4CCCC4C)cc3)cc2)CC1,1
COC1CN(CCC1NCc1ncc2c(c1)OCCO2)CCn1c(=O)ccc2c1cc(C#N)cc2,1,COC1CN(CCn2c(=O)ccc3ccc(C#N)cc32)CCC1NCc1cc2c(cn1)OCCO2,0
COC1CN(CCC1N(C(=O)Cc1ccc(cc1)n1cnnn1)C)Cc1ccc(cc1)C(F)(F)F,0,COC1CN(Cc2ccc(C(F)(F)F)cc2)CCC1N(C)C(=O)Cc1ccc(-n2cnnn2)cc1,1
COC1COCCC1N(C1CCC(C1)(C(C)C)C(=O)N1CCN(CC1)c1nccc(c1)C(F)(F)F)C,1,COC1COCCC1N(C)C1CCC(C(=O)N2CCN(c3cc(C(F)(F)F)ccn3)CC2)(C(C)C)C1,0
COC1COCCC1N(C1CCC(C1)(C(C)C)C(=O)N1CCN(CC1)c1nncc(c1)C(F)(F)F)C,1,COC1COCCC1N(C)C1CCC(C(=O)N2CCN(c3cc(C(F)(F)F)cnn3)CC2)(C(C)C)C1,0
COC1COCCC1NC1CCC(C1)(C(C)C)C(=O)N1CCN(CC1)c1nncc(c1)C(F)(F)F,1,COC1COCCC1NC1CCC(C(=O)N2CCN(c3cc(C(F)(F)F)cnn3)CC2)(C(C)C)C1,0
COC1COCCC1NC1CCC(C1)(C(C)C)C(=O)N1CCN(CC1)c1ncnc(c1)C(F)(F)F,1,COC1COCCC1NC1CCC(C(=O)N2CCN(c3cc(C(F)(F)F)ncn3)CC2)(C(C)C)C1,0
COC1COCCC1NC1CCC(C1)(C(C)C)C(=O)N1CCN(CC1)c1cccc(n1)C(F)(F)F,0,COC1COCCC1NC1CCC(C(=O)N2CCN(c3cccc(C(F)(F)F)n3)CC2)(C(C)C)C1,1
COC1COCCC1NC1CCC(C1)(C(C)C)C(=O)N1CCN(CC1)c1ccnc(n1)C(F)(F)F,1,COC1COCCC1NC1CCC(C(=O)N2CCN(c3ccnc(C(F)(F)F)n3)CC2)(C(C)C)C1,0
COCC(=O)N1CCC(CC1)n1ncc(c1)c1cnc(c(c1)c1nc2c(o1)cccc2)N,1,COCC(=O)N1CCC(n2cc(-c3cnc(N)c(-c4nc5ccccc5o4)c3)cn2)CC1,0
COCC(=O)O[C@@]3(CCN(C)CCCc1nc2ccccc2[nH]1)CCc4cc(F)ccc4[C@H]3C(C)C,0,COCC(=O)O[C@@]1(CCN(C)CCCc2nc3ccccc3[nH]2)CCc2cc(F)ccc2[C@H]1C(C)C,1
COCC(COCc1ccc(cc1)[C@]1(O)CCNC[C@@H]1c1ccc(cc1C)c1ccccc1CCNC(=O)C)(F)F,0,COCC(F)(F)COCc1ccc([C@]2(O)CCNC[C@@H]2c2ccc(-c3ccccc3CCNC(C)=O)cc2C)cc1,1
COCC(COc1cn2c(c1C)c(ncn2)Oc1ccc2c(c1F)cc([nH]2)C)O,1,COCC(O)COc1cn2ncnc(Oc3ccc4[nH]c(C)cc4c3F)c2c1C,0
COCC1CC2C(C1O)(C)CCC1C2CCC2C1(C)C=CC(=O)N2C,1,COCC1CC2C3CCC4N(C)C(=O)C=CC4(C)C3CCC2(C)C1O,0
COCC1CCCN1N1CCN(C1=O)c1cccc(c1)Cl,0,COCC1CCCN1N1CCN(c2cccc(Cl)c2)C1=O,1
COCC1CCCN1S(=O)(=O)c1ccc(cc1)c1ccc(cc1)CCN1CCCC1C,0,COCC1CCCN1S(=O)(=O)c1ccc(-c2ccc(CCN3CCCC3C)cc2)cc1,1
COCCC(C1C(NC(=O)c2cc3c([nH]2)c(c(s3)Cl)Cl)Cc2c1cccc2)C(=O)O,1,COCCC(C(=O)O)C1c2ccccc2CC1NC(=O)c1cc2sc(Cl)c(Cl)c2[nH]1,0
COCCC(c1ccc(cc1)Cl)NC(=O)C1(N)CCCN(C1)c1ncnc2c1cc[nH]2,0,COCCC(NC(=O)C1(N)CCCN(c2ncnc3[nH]ccc23)C1)c1ccc(Cl)cc1,1
COCCCN1CCC(CC1)NC(=O)c1cc(Cl)c(c2c1OCC2)N,0,COCCCN1CCC(NC(=O)c2cc(Cl)c(N)c3c2OCC3)CC1,1
COCCCc1cc(cc(c1)Br)CN(C(=O)C1CNCCC1c1ccn(c(=O)c1)C)C1CC1,0,COCCCc1cc(Br)cc(CN(C(=O)C2CNCCC2c2ccn(C)c(=O)c2)C2CC2)c1,1
COCCCc1cc(CN(C(=O)C2CNCCC2c2ccn(c(=O)c2)C)C2CC2)c(c(c1)C)C,1,COCCCc1cc(C)c(C)c(CN(C(=O)C2CNCCC2c2ccn(C)c(=O)c2)C2CC2)c1,0
COCCCc1cc(OCCOC)cc(c1)CN(C(=O)C1CNCCC1c1cc(=O)n(c(c1C)C)C)C1CC1,1,COCCCc1cc(CN(C(=O)C2CNCCC2c2cc(=O)n(C)c(C)c2C)C2CC2)cc(OCCOC)c1,0
COCCCc1cc(OCCOC)cc(c1)CN(C(=O)C1CNCCC1c1cc(=O)n(c2c1ccc(c2)Cl)C)C1CC1,0,COCCCc1cc(CN(C(=O)C2CNCCC2c2cc(=O)n(C)c3cc(Cl)ccc23)C2CC2)cc(OCCOC)c1,1
COCCCc1cc(OCCOC)cc(c1)CN(C(=O)C1CNCCC1c1cc(=O)n(c2c1cccc2)C)C1CC1,1,COCCCc1cc(CN(C(=O)C2CNCCC2c2cc(=O)n(C)c3ccccc23)C2CC2)cc(OCCOC)c1,0
COCCCc1cc(OCCOC)cc(c1)CN(C(=O)C1CNCCC1c1ccccc1)C1CC1,0,COCCCc1cc(CN(C(=O)C2CNCCC2c2ccccc2)C2CC2)cc(OCCOC)c1,1
COCCCc1cc(CN(C(=O)C2CNCCC2c2ccn(c(=O)c2)C)C2CC2)cc(c1C)Br,1,COCCCc1cc(CN(C(=O)C2CNCCC2c2ccn(C)c(=O)c2)C2CC2)cc(Br)c1C,0
COCCCc1cc(OCCOC)cc(c1)CN(C(=O)C1CNCCC1c1ccn(c(=O)c1)C)C1CC1,1,COCCCc1cc(CN(C(=O)C2CNCCC2c2ccn(C)c(=O)c2)C2CC2)cc(OCCOC)c1,0
Cc1cc(Cl)c(c(Cl)c1)OCCOc2ccc(cc2)[C@H]3CCNC[C@@H]3C(=O)N(C4CC4)Cc(c5)cc(CCCOC)cc5OCC[C@](C)(C(=O)O)OC,0,COCCCc1cc(CN(C(=O)[C@H]2CNCC[C@@H]2c2ccc(OCCOc3c(Cl)cc(C)cc3Cl)cc2)C2CC2)cc(OCC[C@@](C)(OC)C(=O)O)c1,1
Cc1cc(Cl)c(c(Cl)c1)OCCOc2ccc(cc2)[C@H]3CCNC[C@@H]3C(=O)N(C4CC4)Cc(c5)cc(CCCOC)cc5OC[C@@H]6C[C@@H]6C(=O)O,0,COCCCc1cc(CN(C(=O)[C@H]2CNCC[C@@H]2c2ccc(OCCOc3c(Cl)cc(C)cc3Cl)cc2)C2CC2)cc(OC[C@@H]2C[C@@H]2C(=O)O)c1,1
Cc1cc(Cl)c(c(Cl)c1)OCCOc2ccc(cc2)[C@H]3CCNC[C@@H]3C(=O)N(C4CC4)Cc(c5)cc(CCCOC)cc5OC[C@@H]6C[C@@H]6C(=O)OCC(=O)N(C)C,0,COCCCc1cc(CN(C(=O)[C@H]2CNCC[C@@H]2c2ccc(OCCOc3c(Cl)cc(C)cc3Cl)cc2)C2CC2)cc(OC[C@@H]2C[C@@H]2C(=O)OCC(=O)N(C)C)c1,1
Cc1cc(Cl)c(c(Cl)c1)OCCOc2ccc(cc2)[C@H]3CCNC[C@@H]3C(=O)N(C4CC4)Cc(c5)cc(CCCOC)cc5OC[C@@H]6C[C@@H]6C(=O)OCOC(=O)C(C)(C)C,0,COCCCc1cc(CN(C(=O)[C@H]2CNCC[C@@H]2c2ccc(OCCOc3c(Cl)cc(C)cc3Cl)cc2)C2CC2)cc(OC[C@@H]2C[C@@H]2C(=O)OCOC(=O)C(C)(C)C)c1,1
Cc1cc(Cl)c(c(Cl)c1)OCCOc2ccc(cc2)[C@H]3CCNC[C@@H]3C(=O)N(C4CC4)Cc(c5)cc(CCCOC)cc5OC[C@@H]6[C@@H](C6)C(=O)NS(=O)(=O)C,0,COCCCc1cc(CN(C(=O)[C@H]2CNCC[C@@H]2c2ccc(OCCOc3c(Cl)cc(C)cc3Cl)cc2)C2CC2)cc(OC[C@H]2C[C@H]2C(=O)NS(C)(=O)=O)c1,1
COCCCc1cc(OCCOC)cc(c1)CN(C(=O)[C@H]1CNCC[C@@]1(O)c1ccccc1)C1CC1,0,COCCCc1cc(CN(C(=O)[C@H]2CNCC[C@@]2(O)c2ccccc2)C2CC2)cc(OCCOC)c1,1
COCCCc1cc(OCCOC)cc(c1)CN(C(=O)[C@H]1CNCC[C@@]21OCc1c2cc(F)c(c1)F)C1CC1,1,COCCCc1cc(CN(C(=O)[C@H]2CNCC[C@]23OCc2cc(F)c(F)cc23)C2CC2)cc(OCCOC)c1,0
COCCCc1cc(OCCOC)cc(c1)CN(C(=O)[C@H]1CNCC[C@@]21OCc1c2cccc1)C1CC1,1,COCCCc1cc(CN(C(=O)[C@H]2CNCC[C@]23OCc2ccccc23)C2CC2)cc(OCCOC)c1,0
COCCCc1cc(CN(C(=O)C2CNCCC2c2ccn(c(=O)c2)C)C2CC2)c(c(c1)Cl)Cl,0,COCCCc1cc(Cl)c(Cl)c(CN(C(=O)C2CNCCC2c2ccn(C)c(=O)c2)C2CC2)c1,1
COCCCc1cc(cc(c1)Cl)CN(C(=O)C1CNCCC1c1ccn(c(=O)c1)C)C1CC1,0,COCCCc1cc(Cl)cc(CN(C(=O)C2CNCCC2c2ccn(C)c(=O)c2)C2CC2)c1,1
COCCCc1ccc(c(c1)CN(C(=O)C1CNCCC1(O)c1ccc(c(c1)F)F)C1CC1)Cl,0,COCCCc1ccc(Cl)c(CN(C(=O)C2CNCCC2(O)c2ccc(F)c(F)c2)C2CC2)c1,1
COCCCc1ccc(c(c1)CN(C(=O)C1CNCCC1c1ccn(c(=O)c1)C)C1CC1)Cl,1,COCCCc1ccc(Cl)c(CN(C(=O)C2CNCCC2c2ccn(C)c(=O)c2)C2CC2)c1,0
COCCCc1ccc(c2c1[nH]cc2CN(C(=O)C1CNCCC1(O)c1ccc(c(c1)F)F)C1CC1)F,0,COCCCc1ccc(F)c2c(CN(C(=O)C3CNCCC3(O)c3ccc(F)c(F)c3)C3CC3)c[nH]c12,1
COCCCn1cc(c2c1c(CCCOC)ccc2F)CN(C(=O)C1CNCCC1(O)c1ccc(c(c1)F)F)C1CC1,0,COCCCc1ccc(F)c2c(CN(C(=O)C3CNCCC3(O)c3ccc(F)c(F)c3)C3CC3)cn(CCCOC)c12,1
COCCCn1cc(c2c1c(CCC#N)ccc2F)CN(C(=O)C1CNCCC1(O)c1ccc(c(c1)F)F)C1CC1,0,COCCCn1cc(CN(C(=O)C2CNCCC2(O)c2ccc(F)c(F)c2)C2CC2)c2c(F)ccc(CCC#N)c21,1
COCCCn1cc(c2c1c(ccc2F)CS(=O)(=O)C)CN(C(=O)C1CNCCC1(O)c1ccc(c(c1)F)F)C1CC1,0,COCCCn1cc(CN(C(=O)C2CNCCC2(O)c2ccc(F)c(F)c2)C2CC2)c2c(F)ccc(CS(C)(=O)=O)c21,1
COCCCn1cc(c2c1cccc2F)CN(C(=O)C1CNCCC1(O)c1ccc(c(c1)F)F)C1CC1,0,COCCCn1cc(CN(C(=O)C2CNCCC2(O)c2ccc(F)c(F)c2)C2CC2)c2c(F)cccc21,1
COCCCn1cc(c2c1cccc2Br)CN(C(=O)C1CNCCC1c1ccn(c(=O)c1)C)C1CC1,1,COCCCn1cc(CN(C(=O)C2CNCCC2c2ccn(C)c(=O)c2)C2CC2)c2c(Br)cccc21,0
COCCCn1cc(c2c1cccc2Cl)CN(C(=O)C1CNCCC1c1ccn(c(=O)c1)C)C1CC1,1,COCCCn1cc(CN(C(=O)C2CNCCC2c2ccn(C)c(=O)c2)C2CC2)c2c(Cl)cccc21,0
COCCCn1cc(c2c1cccc2F)CN(C(=O)C1CNCCC1c1ccn(c(=O)c1)C)C1CC1,1,COCCCn1cc(CN(C(=O)C2CNCCC2c2ccn(C)c(=O)c2)C2CC2)c2c(F)cccc21,0
COCCCn1cc(c2c1cccc2)CN(C(=O)C1CNCCC1c1ccn(c(=O)c1)C)C1CC1,1,COCCCn1cc(CN(C(=O)C2CNCCC2c2ccn(C)c(=O)c2)C2CC2)c2ccccc21,0
COCCN(C(C(c1cccnc1)(c1cccnc1)O)c1ccccc1)C,0,COCCN(C)C(c1ccccc1)C(O)(c1cccnc1)c1cccnc1,1
COCCN1CCC[C@H]1Cn1nc(Cc2ccc(cc2)Cl)c2c(c1=O)cccc2,0,COCCN1CCC[C@H]1Cn1nc(Cc2ccc(Cl)cc2)c2ccccc2c1=O,1
COCCN1CCC[C@H]1Cn1nc(Cc2ccc(cc2)Cl)c2c(c1=O)nccc2,0,COCCN1CCC[C@H]1Cn1nc(Cc2ccc(Cl)cc2)c2cccnc2c1=O,1
COCCN1CCC[C@H]1Cn1nc(Cc2ccc(cc2)Cl)c2c(c1=O)ccnc2,0,COCCN1CCC[C@H]1Cn1nc(Cc2ccc(Cl)cc2)c2cnccc2c1=O,1
COCCN1CCC[C@H]1Cn1nc(Cc2ccc(cc2)Cl)c2c(c1=O)cccn2,0,COCCN1CCC[C@H]1Cn1nc(Cc2ccc(Cl)cc2)c2ncccc2c1=O,1
COCCN1CCN(CC1)c1ncnc(c1)Nc1ncc(s1)C#N,0,COCCN1CCN(c2cc(Nc3ncc(C#N)s3)ncn2)CC1,1
C1CCCCC1Cn2cc(c(c23)cccc3Cl)-c4scc(n4)CNCCOC,0,COCCNCc1csc(-c2cn(CC3CCCCC3)c3c(Cl)cccc23)n1,1
C1COCCC1Cn2cc(c(c23)cccc3Cl)-c4scc(n4)CNCCOC,0,COCCNCc1csc(-c2cn(CC3CCOCC3)c3c(Cl)cccc23)n1,1
COCCNS(=O)(=O)c1ccc(cc1)c1ccc(cc1)CCN1CCCC1C,0,COCCNS(=O)(=O)c1ccc(-c2ccc(CCN3CCCC3C)cc2)cc1,1
COCCNc1cc(CN(C(=O)C2CNCCC2c2ccn(c(=O)c2)C)C2CC2)c(c(c1)Cl)Cl,1,COCCNc1cc(Cl)c(Cl)c(CN(C(=O)C2CNCCC2c2ccn(C)c(=O)c2)C2CC2)c1,0
COCCNc1nc(c2ccc(cc2Cl)Cl)c2c(n1)N(C(=O)NC2)c1c(Cl)cccc1Cl,0,COCCNc1nc(-c2ccc(Cl)cc2Cl)c2c(n1)N(c1c(Cl)cccc1Cl)C(=O)NC2,1
COCCOC#Cc5cc(c3n[nH]c4c2ccc(Cn1cncn1)cc2Cc34)cs5,1,COCCOC#Cc1cc(-c2n[nH]c3c2Cc2cc(Cn4cncn4)ccc2-3)cs1,0
COCCOC#Cc5cc(c3n[nH]c4c2cc(Cn1cncn1)ccc2Cc34)cs5,1,COCCOC#Cc1cc(-c2n[nH]c3c2Cc2ccc(Cn4cncn4)cc2-3)cs1,0
COCCOCC#Cc1scc(c1)c1n[nH]c2c1Cc1c2cc(cc1)Cn1cncn1,1,COCCOCC#Cc1cc(-c2n[nH]c3c2Cc2ccc(Cn4cncn4)cc2-3)cs1,0
COCCOCC#Cc5cc(C1N=NC3=C1Cc4cc(CN2CCN(C)CC2)ccc34)cs5,0,COCCOCC#Cc1cc(C2N=NC3=C2Cc2cc(CN4CCN(C)CC4)ccc23)cs1,1
COCCOc1cc2nc(nc(c2cc1OC)N[C@@H]1CNCC1)c1cc(F)ccc1O,1,COCCOc1cc2nc(-c3cc(F)ccc3O)nc(N[C@H]3CCNC3)c2cc1OC,0
COCCOc1cc2ncc(c(c2cc1N1CCN(CC1)C)Nc1cc(C)ccc1F)C(=O)N,1,COCCOc1cc2ncc(C(N)=O)c(Nc3cc(C)ccc3F)c2cc1N1CCN(C)CC1,0
COCCOc1cc2ncc(c(c2cc1N1CCN(CC1)C)Nc1cccc(c1Cl)Cl)C(=O)N,0,COCCOc1cc2ncc(C(N)=O)c(Nc3cccc(Cl)c3Cl)c2cc1N1CCN(C)CC1,1
COCCOc1cc2ncc(c(c2cc1N1CCN(CC1)C)Nc1cccc(c1F)Cl)C(=O)N,1,COCCOc1cc2ncc(C(N)=O)c(Nc3cccc(Cl)c3F)c2cc1N1CCN(C)CC1,0
COCCOc1ccc2c(c1)c(N[C@@H]1CNCC1)nc(n2)c1ccccc1O,0,COCCOc1ccc2nc(-c3ccccc3O)nc(N[C@H]3CCNC3)c2c1,1
COCCc1cc(CN(C(=O)C2CNCCC2c2ccn(c(=O)c2)C)C2CC2)c(c(c1)Cl)Cl,1,COCCc1cc(Cl)c(Cl)c(CN(C(=O)C2CNCCC2c2ccn(C)c(=O)c2)C2CC2)c1,0
COCCc1ccc(c(c1)CN(C(=O)C1CNCCC1(O)c1ccc(c(c1)F)F)C1CC1)Cl,0,COCCc1ccc(Cl)c(CN(C(=O)C2CNCCC2(O)c2ccc(F)c(F)c2)C2CC2)c1,1
COCCc1ccc(cc1)OCC(CNC(C)C)O,1,COCCc1ccc(OCC(O)CNC(C)C)cc1,0
COCCc1nc(n(c1c1ccc(cc1)Cl)C(C)C)CNC1CCC(C1)F,1,COCCc1nc(CNC2CCC(F)C2)n(C(C)C)c1-c1ccc(Cl)cc1,0
c1cc([N+](=O)[O-])ccc1OCCN(COC)CCc(cc2)ccc2[N+](=O)[O-],0,COCN(CCOc1ccc([N+](=O)[O-])cc1)CCc1ccc([N+](=O)[O-])cc1,1
COC[C@@H](O)COc4cn3ncnc(Oc2ccc1[nH]c(C)cc1c2F)c3c4C,1,COC[C@@H](O)COc1cn2ncnc(Oc3ccc4[nH]c(C)cc4c3F)c2c1C,0
COC[C@@H](COCc1ccc(cc1)[C@]1(O)CCNC[C@@H]1c1ccc(cc1C)c1ccccc1CCNC(=O)C)C,0,COC[C@H](C)COCc1ccc([C@]2(O)CCNC[C@@H]2c2ccc(-c3ccccc3CCNC(C)=O)cc2C)cc1,1
COCc1cnc2n1C[C@@H](CC[C@H]2NC(=O)N1CCC2(CC1)C(=O)Nc1c2cccn1)c1cccc(c1F)F,1,COCc1cnc2n1C[C@H](c1cccc(F)c1F)CC[C@H]2NC(=O)N1CCC2(CC1)C(=O)Nc1ncccc12,0
COCc1cnc2n1C[C@@H](CC[C@H]2NC(=O)N1CCC2(CC1)OC(=O)Nc1c2cccn1)c1cccc(c1F)F,0,COCc1cnc2n1C[C@H](c1cccc(F)c1F)CC[C@H]2NC(=O)N1CCC2(CC1)OC(=O)Nc1ncccc12,1
COCc1nc2c(o1)cc1c(c2)CCN(CC1)CCCSc1nnc(n1C)c1cccc2c1ccc(n2)C,1,COCc1nc2cc3c(cc2o1)CCN(CCCSc1nnc(-c2cccc4nc(C)ccc24)n1C)CC3,0
CON(C(=O)Cn1cc(c2c1cccc2F)CN(C(=O)C1CNCCC1(O)c1ccc(c(c1)F)F)C1CC1)C,0,CON(C)C(=O)Cn1cc(CN(C(=O)C2CNCCC2(O)c2ccc(F)c(F)c2)C2CC2)c2c(F)cccc21,1
CONC(=O)Cn1cc(c2c1cccc2F)CN(C(=O)C1CNCCC1(O)c1ccc(c(c1)F)F)C1CC1,0,CONC(=O)Cn1cc(CN(C(=O)C2CNCCC2(O)c2ccc(F)c(F)c2)C2CC2)c2c(F)cccc21,1
CO[C@@H](c1ccc2c(c1C)COC2=O)CN1CCN(CC1)C(=O)Cc1ccc(nc1)n1cnnn1,1,CO[C@H](CN1CCN(C(=O)Cc2ccc(-n3cnnn3)nc2)CC1)c1ccc2c(c1C)COC2=O,0
CO[C@H]1CN(CC[C@@H]1NCc1ccc2c(n1)NC(=O)CO2)CCn1c(=O)ccc2c1cc(C#N)cc2,1,CO[C@H]1CN(CCn2c(=O)ccc3ccc(C#N)cc32)CC[C@@H]1NCc1ccc2c(n1)NC(=O)CO2,0
CO[C@]12CC[C@]3(C[C@@H]1[C@@](C(C)(C)C)(O)C)[C@@]14[C@H]2Oc2c4c(C[C@H]3N(CC1)CC1CC1)ccc2O,0,CO[C@]12CC[C@@]3(C[C@@H]1[C@](C)(O)C(C)(C)C)[C@H]1Cc4ccc(O)c5c4[C@@]3(CCN1CC1CC1)[C@H]2O5,1
COc1c(ccc(c1F)n1cnc(c1)C)c1nnn(c1)[C@@H]1CCc2c(N(C1=O)CC(F)(F)F)cccc2F,0,COc1c(-c2cn([C@@H]3CCc4c(F)cccc4N(CC(F)(F)F)C3=O)nn2)ccc(-n2cnc(C)c2)c1F,1
COc1c(C)cc(cc1C)C1(N=C(C(=N1)C)N)c1cccc(c1)c1cncnc1,1,COc1c(C)cc(C2(c3cccc(-c4cncnc4)c3)N=C(C)C(N)=N2)cc1C,0
COc4c(N2CC1CCCNC1C2)c(F)cc5c(=O)c(C(=O)O)cn(C3CC3)c45,1,COc1c(N2CC3CCCNC3C2)c(F)cc2c(=O)c(C(=O)O)cn(C3CC3)c12,0
COc1c(N2CCC(C2)C(N)C)c(F)cc2c1n(cc(c2=O)C(=O)O)C1CC1,1,COc1c(N2CCC(C(C)N)C2)c(F)cc2c(=O)c(C(=O)O)cn(C3CC3)c12,0
COc1c(ccc2c1n(cc(c2=O)C(=O)O)C1CC1)N1CCC(C1)C(N)C,1,COc1c(N2CCC(C(C)N)C2)ccc2c(=O)c(C(=O)O)cn(C3CC3)c12,0
N#CCCNC(C1CCN(C1)c1c(F)cc2c(c1OC)n(cc(c2=O)C(=O)O)C1CC1)C,1,COc1c(N2CCC(C(C)NCCC#N)C2)c(F)cc2c(=O)c(C(=O)O)cn(C3CC3)c12,0
N#CCCNC(C1CCN(C1)c1ccc2c(c1OC)n(cc(c2=O)C(=O)O)C1CC1)C,1,COc1c(N2CCC(C(C)NCCC#N)C2)ccc2c(=O)c(C(=O)O)cn(C3CC3)c12,0
N#CCC(C1CCN(C1)c1c(F)cc2c(c1OC)n(cc(c2=O)C(=O)O)C1CC1)N,1,COc1c(N2CCC(C(N)CC#N)C2)c(F)cc2c(=O)c(C(=O)O)cn(C3CC3)c12,0
N#CCC(C1CCN(C1)c1ccc2c(c1OC)n(cc(c2=O)C(=O)O)C1CC1)N,1,COc1c(N2CCC(C(N)CC#N)C2)ccc2c(=O)c(C(=O)O)cn(C3CC3)c12,0
NCC1CCN(C1)c1c(F)cc2c(c1OC)n(cc(c2=O)C(=O)O)C1CC1,1,COc1c(N2CCC(CN)C2)c(F)cc2c(=O)c(C(=O)O)cn(C3CC3)c12,0
NCC1CCN(C1)c1ccc2c(c1OC)n(cc(c2=O)C(=O)O)C1CC1,1,COc1c(N2CCC(CN)C2)ccc2c(=O)c(C(=O)O)cn(C3CC3)c12,0
N#CCCNCC1CCN(C1)c1c(F)cc2c(c1OC)n(cc(c2=O)C(=O)O)C1CC1,1,COc1c(N2CCC(CNCCC#N)C2)c(F)cc2c(=O)c(C(=O)O)cn(C3CC3)c12,0
N#CCCNCC1CCN(C1)c1ccc2c(c1OC)n(cc(c2=O)C(=O)O)C1CC1,1,COc1c(N2CCC(CNCCC#N)C2)ccc2c(=O)c(C(=O)O)cn(C3CC3)c12,0
O=C(O)c(c1=O)cn(C2CC2)c(c13)c(OC)c(c(F)c3)N(C[C@@H]4C)CCN4,1,COc1c(N2CCN[C@@H](C)C2)c(F)cc2c(=O)c(C(=O)O)cn(C3CC3)c12,0
n1(c2c(cc(c(c2OC)N2C[C@@H](C)NCC2)F)c(c(c1)C(=O)O)=O)C1CC1,1,COc1c(N2CCN[C@H](C)C2)c(F)cc2c(=O)c(C(=O)O)cn(C3CC3)c12,0
COc3c(N1CC[C@@](C)([C@@H](N)CC#N)C1)ccc4c(=O)c(C(=O)O)cn(C2CC2)c34,1,COc1c(N2CC[C@@](C)([C@@H](N)CC#N)C2)ccc2c(=O)c(C(=O)O)cn(C3CC3)c12,0
COc1c(ccc2c1COC2=O)[C@@H](CN1CCN(CC1)C(=O)Cc1ccc(nc1)n1cnnn1)O,1,COc1c([C@H](O)CN2CCN(C(=O)Cc3ccc(-n4cnnn4)nc3)CC2)ccc2c1COC2=O,0
COc1cc(ccc1n1cnc(c1)C)c1nnn(c1)C1CC(C)(C)CCNC1=O,1,COc1cc(-c2cn(C3CC(C)(C)CCNC3=O)nn2)ccc1-n1cnc(C)c1,0
COc1cc(ccc1n1cnc(c1)C)c1nnn(c1)C1CCCCN(C1=O)CC(F)(F)F,1,COc1cc(-c2cn(C3CCCCN(CC(F)(F)F)C3=O)nn2)ccc1-n1cnc(C)c1,0
COc1cc(ccc1n1cnc(c1)C)c1nnn(c1)C1CCCCNC1=O,1,COc1cc(-c2cn(C3CCCCNC3=O)nn2)ccc1-n1cnc(C)c1,0
COc1cc(ccc1n1cnc(c1)C)c1nnn(c1)C1C[C@H](CCN(C1=O)CC(C)(C)C)C(C)(C)C,0,COc1cc(-c2cn(C3C[C@@H](C(C)(C)C)CCN(CC(C)(C)C)C3=O)nn2)ccc1-n1cnc(C)c1,1
COc1cc(ccc1n1cnc(c1)C)c1nnn(c1)C1C[C@H](CCN(C1=O)CC12CC3CC(C2)CC(C1)C3)C(C)(C)C,0,COc1cc(-c2cn(C3C[C@@H](C(C)(C)C)CCN(CC45CC6CC(CC(C6)C4)C5)C3=O)nn2)ccc1-n1cnc(C)c1,1
COc1cc(ccc1n1cnc(c1)C)c1nnn(c1)C1C[C@H](CCN(C1=O)CC(F)(F)F)C(F)(F)F,1,COc1cc(-c2cn(C3C[C@@H](C(F)(F)F)CCN(CC(F)(F)F)C3=O)nn2)ccc1-n1cnc(C)c1,0
COc1cc(ccc1n1cnc(c1)C)c1nnn(c1)C1C[C@H](CCN(C1=O)Cc1ccccc1)C(F)(F)F,0,COc1cc(-c2cn(C3C[C@@H](C(F)(F)F)CCN(Cc4ccccc4)C3=O)nn2)ccc1-n1cnc(C)c1,1
COc1cc(ccc1n1cnc(c1)C)c1nnn(c1)C1C[C@H](CN(C1=O)CC(F)(F)F)C(F)(F)F,1,COc1cc(-c2cn(C3C[C@@H](C(F)(F)F)CN(CC(F)(F)F)C3=O)nn2)ccc1-n1cnc(C)c1,0
COc1cc(ccc1n1cnc(c1)C)c1nnn(c1)C1C[C@H](CCN(C1=O)Cc1ccccc1)[Si](C)(C)C,1,COc1cc(-c2cn(C3C[C@@H]([Si](C)(C)C)CCN(Cc4ccccc4)C3=O)nn2)ccc1-n1cnc(C)c1,0
COc1cc(ccc1n1cnc(c1)C)c1nnn(c1)[C@@H]1CCc2c(N(C1=O)CC(F)(F)F)cccc2F,0,COc1cc(-c2cn([C@@H]3CCc4c(F)cccc4N(CC(F)(F)F)C3=O)nn2)ccc1-n1cnc(C)c1,1
COc1cc(ccc1c1nnn(c1)[C@@H]1CCc2c(N(C1=O)CC(F)(F)F)cccc2F)n1cnc(c1)C,0,COc1cc(-n2cnc(C)c2)ccc1-c1cn([C@@H]2CCc3c(F)cccc3N(CC(F)(F)F)C2=O)nn1,1
COc1cc(ccc1N1CC[C@H](C1)O)n1cnc2c(c1=O)sc(c2)c1ccc(cc1)Cl,1,COc1cc(-n2cnc3cc(-c4ccc(Cl)cc4)sc3c2=O)ccc1N1CC[C@@H](O)C1,0
COc1cc(ccc1OCCN1CC[C@H](C1)O)n1cnc2c(c1=O)sc(c2)c1ccc(cc1)Cl,0,COc1cc(-n2cnc3cc(-c4ccc(Cl)cc4)sc3c2=O)ccc1OCCN1CC[C@@H](O)C1,1
OCC1(ON=C2N1CCC/C/2=C\c1ccc(c(c1)OC)n1cnc(c1)C)c1ccc(cc1)F,0,COc1cc(/C=C2\CCCN3C2=NOC3(CO)c2ccc(F)cc2)ccc1-n1cnc(C)c1,1
COc1cc(ccc1NS(=O)(=O)c1ccc(cc1)C(C)C)C12CNCC2C1,0,COc1cc(C23CNCC2C3)ccc1NS(=O)(=O)c1ccc(C(C)C)cc1,1
COc1nccc(c1)C1CCC(CC1)N1CC(C1)NC(=O)CNC(=O)c1cccc(c1)C(F)(F)F,0,COc1cc(C2CCC(N3CC(NC(=O)CNC(=O)c4cccc(C(F)(F)F)c4)C3)CC2)ccn1,1
COc1cc(C=Cc2nc3cc(ccc3c(=O)[nH]2)C(F)(F)F)ccc1n1cnc(c1)C,0,COc1cc(C=Cc2nc3cc(C(F)(F)F)ccc3c(=O)[nH]2)ccc1-n1cnc(C)c1,1
COc1cc(C=Cc2nc3ccccc3c(=O)n2C)ccc1n1cnc(c1)C,0,COc1cc(C=Cc2nc3ccccc3c(=O)n2C)ccc1-n1cnc(C)c1,1
COc1cc(F)c2c(c1)c(ccn2)NC(=O)C1(O)CCC(CC1)NCc1ncc2c(c1)OCCO2,1,COc1cc(F)c2nccc(NC(=O)C3(O)CCC(NCc4cc5c(cn4)OCCO5)CC3)c2c1,0
COc1cc(F)ccc1c1cncc(c1)CNC(C)C,0,COc1cc(F)ccc1-c1cncc(CNC(C)C)c1,1
COc1cc(ccc1F)N1CCC2C1CN(C2)CCCSc1nnc(n1C)c1nccnc1,0,COc1cc(N2CCC3CN(CCCSc4nnc(-c5cnccn5)n4C)CC32)ccc1F,1
COc1cc(ccc1Nc1ncc2n(n1)c(cc2)c1ccccc1N(S(=O)(=O)C)C)N1CCN(CC1)CC(O)C,0,COc1cc(N2CCN(CC(C)O)CC2)ccc1Nc1ncc2ccc(-c3ccccc3N(C)S(C)(=O)=O)n2n1,1
NCCCC(Nc1cc(OC)cc2c1nccc2)C,1,COc1cc(NC(C)CCCN)c2ncccc2c1,0
COc1cc(OC(C)C)cc(c1)S(=O)(=O)c1ccc2c(c1)OC1C2CCNC1,0,COc1cc(OC(C)C)cc(S(=O)(=O)c2ccc3c(c2)OC2CNCCC32)c1,1
COc1cc(ccc1SC)Oc1ccncc1CN(C)C,0,COc1cc(Oc2ccncc2CN(C)C)ccc1SC,1
OCC1CCCN1CCCOc1cc2ncnc(c2cc1OC)Nc1[nH]nc(c1)CC(=O)Nc1cccc(c1F)F,1,COc1cc2c(Nc3cc(CC(=O)Nc4cccc(F)c4F)n[nH]3)ncnc2cc1OCCCN1CCCC1CO,0
COc1cc2CC(=CC(=O)c2cc1F)C(=O)NC1CCN(CC1)Cc1ccc2c(c1)OCO2,1,COc1cc2c(cc1F)C(=O)C=C(C(=O)NC1CCN(Cc3ccc4c(c3)OCO4)CC1)C2,0
COc1cc2c(cc1OC)nc(nc2N[C@@H]1CNC[C@H]1C(O)(C)C)c1cc(F)ccc1O,1,COc1cc2nc(-c3cc(F)ccc3O)nc(N[C@@H]3CNC[C@H]3C(C)(C)O)c2cc1OC,0
COc1cc2c(cc1OC)nc(nc2N1CCC(CC1)CCNS(=O)(=O)N)/C=C/c1cccnc1,0,COc1cc2nc(/C=C/c3cccnc3)nc(N3CCC(CCNS(N)(=O)=O)CC3)c2cc1OC,1
COc1cc2c(cc1OC)nc(nc2N1CCC(CC1)CNS(=O)(=O)N)/C=C/c1cccnc1,0,COc1cc2nc(/C=C/c3cccnc3)nc(N3CCC(CNS(N)(=O)=O)CC3)c2cc1OC,1
COc1cc2nc(nc(c2cc1OC)N)N(CCCNC(=O)C1CCCO1)C,1,COc1cc2nc(N(C)CCCNC(=O)C3CCCO3)nc(N)c2cc1OC,0
COc1cc2c(cc1OC)ncnc2N1CCC(CC1)CCNS(=O)(=O)N,0,COc1cc2ncnc(N3CCC(CCNS(N)(=O)=O)CC3)c2cc1OC,1
COc1cc2c(cc1OC)ncnc2N1CCC(CC1)CNS(=O)(=O)N,1,COc1cc2ncnc(N3CCC(CNS(N)(=O)=O)CC3)c2cc1OC,0
COc1cc2c(cc1OC)ncnc2N1CCC(CC1)NS(=O)(=O)N,1,COc1cc2ncnc(N3CCC(NS(N)(=O)=O)CC3)c2cc1OC,0
COc1cc2nnc(c(c2cc1N1CCN(CC1)C)Nc1cc(C)ccc1F)C(=O)N,1,COc1cc2nnc(C(N)=O)c(Nc3cc(C)ccc3F)c2cc1N1CCN(C)CC1,0
COc1cc2nnc(c(c2cc1N1CCN(CC1)C)Nc1ccc(cc1F)F)C(=O)N,1,COc1cc2nnc(C(N)=O)c(Nc3ccc(F)cc3F)c2cc1N1CCN(C)CC1,0
COc1cc2nnc(c(c2cc1N1CCN(CC1)C)Nc1cccc(c1F)Cl)C(=O)N,0,COc1cc2nnc(C(N)=O)c(Nc3cccc(Cl)c3F)c2cc1N1CCN(C)CC1,1
COc1ccc(cc1)c1c[nH]c(n1)[C@@H]1N[C@H](C2CCOCC2)c2c(C1)c1ccccc1[nH]2,0,COc1ccc(-c2c[nH]c([C@H]3Cc4c([nH]c5ccccc45)[C@@H](C4CCOCC4)N3)n2)cc1,1
COc1ccc(cc1)c1cc(=O)c2c(o1)cc(cc2O)O,1,COc1ccc(-c2cc(=O)c3c(O)cc(O)cc3o2)cc1,0
COc1ccc(cc1)c1cc(=O)c2c(o1)cc(cc2OC)OC,1,COc1ccc(-c2cc(=O)c3c(OC)cc(OC)cc3o2)cc1,0
COc1ccc(cc1)-c2ccc(cc2)C#Cc([n+]3C)cccc3C#Cc(cc4)ccc4-c(cc5)ccc5OC,0,COc1ccc(-c2ccc(C#Cc3cccc(C#Cc4ccc(-c5ccc(OC)cc5)cc4)[n+]3C)cc2)cc1,1
OCCNCc1cc(ccc1OC)c1ccc2c(n1)nc(nc2N1CCOCC1)N1C[C@H](C)O[C@H](C1)C,1,COc1ccc(-c2ccc3c(N4CCOCC4)nc(N4C[C@H](C)O[C@@H](C)C4)nc3n2)cc1CNCCO,0
COc1ccc(cc1CO)c1ccc2c(n1)nc(nc2N1CCOCC1)N1C[C@H](C)O[C@H](C1)C,0,COc1ccc(-c2ccc3c(N4CCOCC4)nc(N4C[C@H](C)O[C@@H](C)C4)nc3n2)cc1CO,1
OCc1cc(ccc1OC)c1ccc2c(n1)nc(nc2N1CCOC[C@H]1C)n1cncc1,1,COc1ccc(-c2ccc3c(N4CCOC[C@H]4C)nc(-n4ccnc4)nc3n2)cc1CO,0
COc1ccc(cc1CO)c1ccc2c(n1)nc(nc2N1CCOC[C@H]1C)N1CCN(CC1)C,1,COc1ccc(-c2ccc3c(N4CCOC[C@H]4C)nc(N4CCN(C)CC4)nc3n2)cc1CO,0
COc1ccc(cc1C(=O)N(C)C)c1ccc2c(n1)nc(nc2N1CCOC[C@H]1C)N1CCOC[C@H]1C,1,COc1ccc(-c2ccc3c(N4CCOC[C@H]4C)nc(N4CCOC[C@H]4C)nc3n2)cc1C(=O)N(C)C,0
COc1ccc(cc1C(=O)N)c1ccc2c(n1)nc(nc2N1CCOC[C@H]1C)N1CCOC[C@H]1C,1,COc1ccc(-c2ccc3c(N4CCOC[C@H]4C)nc(N4CCOC[C@H]4C)nc3n2)cc1C(N)=O,0
OCc1cc(ccc1OC)c1ccc2c(n1)nc(nc2N1CCOC[C@H]1C)N1CCOC[C@H]1C,1,COc1ccc(-c2ccc3c(N4CCOC[C@H]4C)nc(N4CCOC[C@H]4C)nc3n2)cc1CO,0
COc1ccc(cc1[C@@H](O)C)c1ccc2c(n1)nc(nc2N1CCOC[C@H]1C)N1CCOC[C@H]1C,1,COc1ccc(-c2ccc3c(N4CCOC[C@H]4C)nc(N4CCOC[C@H]4C)nc3n2)cc1[C@H](C)O,0
COc1ccc(cc1CO)c1ccc2c(n1)nc(nc2N1CCOC[C@H]1C)N1CC[C@H](C1)O,0,COc1ccc(-c2ccc3c(N4CCOC[C@H]4C)nc(N4CC[C@@H](O)C4)nc3n2)cc1CO,1
OCc1cc(ccc1OC)c1ccc2c(n1)nc(nc2N1CCOC[C@H]1C)N1C[C@H](C)O[C@H](C1)C,0,COc1ccc(-c2ccc3c(N4CCOC[C@H]4C)nc(N4C[C@H](C)O[C@@H](C)C4)nc3n2)cc1CO,1
COc1ccc(cc1)c1nnc(o1)C(=O)N1CC(C1)Oc1ccc(c(c1)C)CN(C)C,0,COc1ccc(-c2nnc(C(=O)N3CC(Oc4ccc(CN(C)C)c(C)c4)C3)o2)cc1,1
COc1ccc(cc1)c1nnc(o1)C(=O)N1CC(C1)Oc1ccc(c(c1)F)CN(C)C,1,COc1ccc(-c2nnc(C(=O)N3CC(Oc4ccc(CN(C)C)c(F)c4)C3)o2)cc1,0
COc1ccc(cc1)c1nnc(o1)C(=O)N1CC(C1)Oc1ccc(cc1)CN(C)C,1,COc1ccc(-c2nnc(C(=O)N3CC(Oc4ccc(CN(C)C)cc4)C3)o2)cc1,0
COc1ccc(cc1)c1nnc(o1)C(=O)N1CC(C1)Oc1ccc(cc1)CN(CC1(C)COC1)C,1,COc1ccc(-c2nnc(C(=O)N3CC(Oc4ccc(CN(C)CC5(C)COC5)cc4)C3)o2)cc1,0
COc1ccc(cc1)c1nnc(o1)C(=O)N1CC(C1)Oc1ccc(cc1)CN1CC(C(C1)(C)C)O,0,COc1ccc(-c2nnc(C(=O)N3CC(Oc4ccc(CN5CC(O)C(C)(C)C5)cc4)C3)o2)cc1,1
COc1ccc(cc1)c1nnc(o1)C(=O)N1CC(C1)Oc1ccc(cc1)CN1CC2(C1)CCCO2,1,COc1ccc(-c2nnc(C(=O)N3CC(Oc4ccc(CN5CC6(CCCO6)C5)cc4)C3)o2)cc1,0
COc1ccc(cc1)c1nnc(o1)C(=O)N1CC(C1)Oc1ccc(cc1)CN1CC2(C1)COCC2,1,COc1ccc(-c2nnc(C(=O)N3CC(Oc4ccc(CN5CC6(CCOC6)C5)cc4)C3)o2)cc1,0
COc1ccc(cc1)c1nnc(o1)C(=O)N1CC(C1)Oc1ccc(cc1)CN1CC2(C1)COC2,1,COc1ccc(-c2nnc(C(=O)N3CC(Oc4ccc(CN5CC6(COC6)C5)cc4)C3)o2)cc1,0
COc1ccc(cc1)c1nnc(o1)C(=O)N1CC(C1)Oc1ccc(cc1)CN1CCC(C1)(C)O,1,COc1ccc(-c2nnc(C(=O)N3CC(Oc4ccc(CN5CCC(C)(O)C5)cc4)C3)o2)cc1,0
COc1ccc(cc1)c1nnc(o1)C(=O)N1CC(C1)Oc1ccc(cc1)CN1CCCC1,0,COc1ccc(-c2nnc(C(=O)N3CC(Oc4ccc(CN5CCCC5)cc4)C3)o2)cc1,1
COc1ccc(cc1)c1nnc(o1)C(=O)N1CC(C1)Oc1ccc(c(c1)F)CN1CCN(CC1)C,1,COc1ccc(-c2nnc(C(=O)N3CC(Oc4ccc(CN5CCN(C)CC5)c(F)c4)C3)o2)cc1,0
COc1ccc(cc1)c1nnc(o1)C(=O)N1CCC(CC1)Oc1ccc(cc1)CN1CCC(C1)O,1,COc1ccc(-c2nnc(C(=O)N3CCC(Oc4ccc(CN5CCC(O)C5)cc4)CC3)o2)cc1,0
COc1ccc(cc1)c1nnc(o1)C(=O)N1CCC(CC1)Oc1ccc(cc1)CN1CCCC1,1,COc1ccc(-c2nnc(C(=O)N3CCC(Oc4ccc(CN5CCCC5)cc4)CC3)o2)cc1,0
COc1ccc(cc1)c1nnc(n1C)CCCCN1CC2[C@@](C1)(C2)c1ccc(cc1)C(F)(F)F,0,COc1ccc(-c2nnc(CCCCN3CC4C[C@]4(c4ccc(C(F)(F)F)cc4)C3)n2C)cc1,1
COc1ccc(cc1)c1noc(n1)C1=CC2(c3c1cccc3)CCN(CC2)CC(=O)N(C)C,1,COc1ccc(-c2noc(C3=CC4(CCN(CC(=O)N(C)C)CC4)c4ccccc43)n2)cc1,0
COc1ccc(cc1)c1noc(n1)C1=CC2(c3c1cccc3)CCN(CC2)CC(=O)O,1,COc1ccc(-c2noc(C3=CC4(CCN(CC(=O)O)CC4)c4ccccc43)n2)cc1,0
COc1ccc(cc1)c1noc(n1)C1=CC2(c3c1cccc3)CCN(CC2)CC(=O)N,1,COc1ccc(-c2noc(C3=CC4(CCN(CC(N)=O)CC4)c4ccccc43)n2)cc1,0
COc1ccc(cc1)c1noc(n1)C1=CC2(c3c1cccc3)CCN(CC2)CCS(=O)(=O)N,1,COc1ccc(-c2noc(C3=CC4(CCN(CCS(N)(=O)=O)CC4)c4ccccc43)n2)cc1,0
COc1ccc(cc1)n1c(SCc2onc(n2)c2ccc(c(c2)OC)OC)nnc1C,1,COc1ccc(-n2c(C)nnc2SCc2nc(-c3ccc(OC)c(OC)c3)no2)cc1,0
COc1ccc(cc1)n1cnc2c(c1=O)scc2c1ccccc1,1,COc1ccc(-n2cnc3c(-c4ccccc4)csc3c2=O)cc1,0
COc1ccc(cc1)n1cnc2c(c1=O)scc2c1ccccc1C,0,COc1ccc(-n2cnc3c(-c4ccccc4C)csc3c2=O)cc1,1
COc1ccc(cc1)n1cnc2c(c1=O)scc2c1ccccc1F,1,COc1ccc(-n2cnc3c(-c4ccccc4F)csc3c2=O)cc1,0
COc1ccc(Br)cc1CCc2c(Cl)cccc2C(=O)NC(=N)N,0,COc1ccc(Br)cc1CCc1c(Cl)cccc1C(=O)NC(=N)N,1
COc1ccc(cc1)C#Cc1cccc([n+]1C)C#Cc1ccc(cc1)OC,0,COc1ccc(C#Cc2cccc(C#Cc3ccc(OC)cc3)[n+]2C)cc1,1
COc1ccc(cc1)C(=O)C1CCN(CC1)CCCc1ccccc1,0,COc1ccc(C(=O)C2CCN(CCCc3ccccc3)CC2)cc1,1
COc1ccc(cc1)C(=O)C1CCN(CC1)CCc1ccccc1,0,COc1ccc(C(=O)C2CCN(CCc3ccccc3)CC2)cc1,1
c1c(N)ccnc1N2CCC(CC2)N(c(nc3)ccc3C)C(=O)c(cc4)ccc4OC,0,COc1ccc(C(=O)N(c2ccc(C)cn2)C2CCN(c3cc(N)ccn3)CC2)cc1,1
COc1ccc(cc1O)C(C(C)C)(CCCN(CCc1ccc(c(c1)OC)OC)C)C#N,0,COc1ccc(C(C#N)(CCCN(C)CCc2ccc(OC)c(OC)c2)C(C)C)cc1O,1
COc1cc(ccc1OC)C(NC(=O)C1(N)CCCN(C1)c1ncnc2c1cc[nH]2)C,1,COc1ccc(C(C)NC(=O)C2(N)CCCN(c3ncnc4[nH]ccc34)C2)cc1OC,0
COc1ccc(cc1)C(c1ccccc1)(c1ccccc1)SC[C@@H](C(=O)O)N,1,COc1ccc(C(SC[C@H](N)C(=O)O)(c2ccccc2)c2ccccc2)cc1,0
COc1ccc(cc1)[C@]1(O)CCC(CC1)N1CC(C1)NC(=O)CNC(=O)c1cccc(c1)C(F)(F)F,0,COc1ccc(C2(O)CCC(N3CC(NC(=O)CNC(=O)c4cccc(C(F)(F)F)c4)C3)CC2)cc1,1
COc1ccc(cn1)[C@]1(O)CCC(CC1)N1CC(C1)NC(=O)CNc1n[nH]c2c1cc(cc2)C(F)(F)F,1,COc1ccc(C2(O)CCC(N3CC(NC(=O)CNc4n[nH]c5ccc(C(F)(F)F)cc45)C3)CC2)cn1,0
COc1ccc(cn1)C1(O)CCC(CC1)N1CC(C1)NC(=O)CNc1ncnc2c1cc(cc2)C(F)(F)F,1,COc1ccc(C2(O)CCC(N3CC(NC(=O)CNc4ncnc5ccc(C(F)(F)F)cc45)C3)CC2)cn1,0
COc1ccc(cn1)[C@]1(O)CCC(CC1)N1CC(C1)NC(=O)CNc1noc2c1cc(cc2)C(F)(F)F,0,COc1ccc(C2(O)CCC(N3CC(NC(=O)CNc4noc5ccc(C(F)(F)F)cc45)C3)CC2)cn1,1
COc1ccc(cc1)C1(N=C(C(=N1)C)N)c1cccc(c1)c1cccnc1,1,COc1ccc(C2(c3cccc(-c4cccnc4)c3)N=C(C)C(N)=N2)cc1,0
COc1ccc(cc1)C1(N=C(C(=N1)C)N)c1cccc(c1)c1cncnc1,1,COc1ccc(C2(c3cccc(-c4cncnc4)c3)N=C(C)C(N)=N2)cc1,0
COc1ccc(cc1C)C1(N=C(C(=N1)C)N)c1cccc(c1)c1cncnc1,1,COc1ccc(C2(c3cccc(-c4cncnc4)c3)N=C(C)C(N)=N2)cc1C,0
COc1ccc(cc1)C1=CCN(CC1)CCNCc1onc(c1)C(C)C,0,COc1ccc(C2=CCN(CCNCc3cc(C(C)C)no3)CC2)cc1,1
COc1ccc(cc1)C1CCC(CC1)N1CC(C1)NC(=O)CNC(=O)c1cccc(c1)C(F)(F)F,0,COc1ccc(C2CCC(N3CC(NC(=O)CNC(=O)c4cccc(C(F)(F)F)c4)C3)CC2)cc1,1
COc1ccc(cn1)C1CCC(CC1)N1CC(C1)NC(=O)CNC(=O)c1cccc(c1)C(F)(F)F,0,COc1ccc(C2CCC(N3CC(NC(=O)CNC(=O)c4cccc(C(F)(F)F)c4)C3)CC2)cn1,1
COc1ccc(cn1)C1CCC(CC1)N1CC(C1)NC(=O)CNc1n[nH]c2c1cc(cc2)C(F)(F)F,0,COc1ccc(C2CCC(N3CC(NC(=O)CNc4n[nH]c5ccc(C(F)(F)F)cc45)C3)CC2)cn1,1
COc1ccc(cc1)C1CN(CC1CC(=O)Nc1cccc(c1)Cl)CCC1(O)CCOCC1,0,COc1ccc(C2CN(CCC3(O)CCOCC3)CC2CC(=O)Nc2cccc(Cl)c2)cc1,1
COc1ccc(cc1)C1CN(CC1CC(=O)Nc1cccc(c1)Cl)CCC1CCOCC1,0,COc1ccc(C2CN(CCC3CCOCC3)CC2CC(=O)Nc2cccc(Cl)c2)cc1,1
COc1ccc(cc1)C1CN(CC1CC(=O)N(c1cccc(c1)Cl)C)CCc1ccc(c(c1)OC)OC,0,COc1ccc(C2CN(CCc3ccc(OC)c(OC)c3)CC2CC(=O)N(C)c2cccc(Cl)c2)cc1,1
COc1ccc(cc1)C1CN(CC1CC(=O)Nc1cccc(c1)Cl)CCc1ccc(c(c1)OC)OC,0,COc1ccc(C2CN(CCc3ccc(OC)c(OC)c3)CC2CC(=O)Nc2cccc(Cl)c2)cc1,1
COc1ccc(cc1)C1CN(CC1CNC(=O)c1cccc(c1)Cl)CCc1ccc(c(c1)OC)OC,0,COc1ccc(C2CN(CCc3ccc(OC)c(OC)c3)CC2CNC(=O)c2cccc(Cl)c2)cc1,1
COc1ccc(cc1)C1CN(CC1CNC(=O)c1cccc(c1)Cl)CCc1cccc(c1)OC,0,COc1ccc(C2CN(CCc3cccc(OC)c3)CC2CNC(=O)c2cccc(Cl)c2)cc1,1
COc1ccc(cc1)C1CN(C(=O)N1CCc1ccc(cc1)OC(F)(F)F)NS(=O)(=O)C,0,COc1ccc(C2CN(NS(C)(=O)=O)C(=O)N2CCc2ccc(OC(F)(F)F)cc2)cc1,1
COc1ccc(CCN(C)CCC[C@](C#N)(C(C)C)c2ccc(OC)c(OC)c2)cc1OC,0,COc1ccc(CCN(C)CCC[C@@](C#N)(c2ccc(OC)c(OC)c2)C(C)C)cc1OC,1
COc(c1)c(OC)ccc1CCN(C)CCC[C@@](C#N)(C(C)C)c(cc2)cc(OC)c2OC,0,COc1ccc(CCN(C)CCC[C@](C#N)(c2ccc(OC)c(OC)c2)C(C)C)cc1OC,1
[H][N+]([H])([H])c1cc(NS(C)(=O)=O)ccc1OCCN(C)CCc2ccc(OC)c(OC)c2,0,COc1ccc(CCN(C)CCOc2ccc(NS(C)(=O)=O)cc2[NH3+])cc1OC,1
COc1ccc(cc1)CCN(CCOc1ccc(cc1)OC)C,0,COc1ccc(CCN(C)CCOc2ccc(OC)cc2)cc1,1
COc(cc1)c(OC)cc1[C@@](C#N)(C)CCCN(C(C)C)CCc2cc(OC)c(cc2)OC,0,COc1ccc(CCN(CCC[C@@](C)(C#N)c2ccc(OC)c(OC)c2)C(C)C)cc1OC,1
N#CCS(=O)(=O)NN1CC(N(C1=O)CCc1ccc(cc1)OC)c1ccc(cc1)OC,1,COc1ccc(CCN2C(=O)N(NS(=O)(=O)CC#N)CC2c2ccc(OC)cc2)cc1,0
COc1ccc(cc1)CCN1C(=O)N(CC1c1ccc(cc1)OC)NS(=O)(=O)CF,1,COc1ccc(CCN2C(=O)N(NS(=O)(=O)CF)CC2c2ccc(OC)cc2)cc1,0
COc1ccc(cc1)CCN1C(=O)N(CC1c1ccc(cc1)OC)NS(=O)(=O)C,1,COc1ccc(CCN2C(=O)N(NS(C)(=O)=O)CC2c2ccc(OC)cc2)cc1,0
COc1ccc(cc1)C1CN(CC1CNC(=O)c1cccc(c1)Cl)CCc1ccc(cc1)OC,0,COc1ccc(CCN2CC(CNC(=O)c3cccc(Cl)c3)C(c3ccc(OC)cc3)C2)cc1,1
COc1ccc(cc1)CCN1CCC(CC1)C(=O)c1ccc(cc1)Cl,0,COc1ccc(CCN2CCC(C(=O)c3ccc(Cl)cc3)CC2)cc1,1
COc1cc(CCNC(COc2c(C)cccc2C)C)ccc1OC,0,COc1ccc(CCNC(C)COc2c(C)cccc2C)cc1OC,1
COc1ccc(cc1OC)CCNCCCC(c1ccc(c(c1)OC)OC)(C(C)C)C#N,0,COc1ccc(CCNCCCC(C#N)(c2ccc(OC)c(OC)c2)C(C)C)cc1OC,1
COc1cc(CCO[C@@H]2CCCC[C@H]2N2CC[C@H](C2)O)ccc1OC,1,COc1ccc(CCO[C@@H]2CCCC[C@H]2N2CC[C@@H](O)C2)cc1OC,0
COc1ccc(c(c1)F)CN1CCC(CC1)NC(=O)C1=CC(=O)c2c(C1)cc(cc2)F,1,COc1ccc(CN2CCC(NC(=O)C3=CC(=O)c4ccc(F)cc4C3)CC2)c(F)c1,0
COc1ccc(cc1)CN1CCC(CC1)NC(=O)C1=CC(=O)c2c(C1)cc(cc2)F,0,COc1ccc(CN2CCC(NC(=O)C3=CC(=O)c4ccc(F)cc4C3)CC2)cc1,1
COc1ccc(cc1F)CN1CCC(CC1)NC(=O)C1=CC(=O)c2c(C1)cc(cc2)F,0,COc1ccc(CN2CCC(NC(=O)C3=CC(=O)c4ccc(F)cc4C3)CC2)cc1F,1
N#Cc1ccc2c(c1)c(nnc2N1CCC2(CC1)CC(C2)O)NCc1ccc(c(c1)Cl)OC,0,COc1ccc(CNc2nnc(N3CCC4(CC3)CC(O)C4)c3ccc(C#N)cc23)cc1Cl,1
COc1ccc(cc1)COC(=O)N1CCC(CC1)CNc1ncccn1,1,COc1ccc(COC(=O)N2CCC(CNc3ncccn3)CC2)cc1,0
COc1ccc(cc1)C[C@H]1N(C)CCc2c1cc(Oc1cc(ccc1O)C[C@H]1N(C)CCc3c1cc(OC)c(c3)OC)c(c2)OC,0,COc1ccc(C[C@@H]2c3cc(Oc4cc(C[C@@H]5c6cc(OC)c(OC)cc6CCN5C)ccc4O)c(OC)cc3CCN2C)cc1,1
COc1ccc(cc1C(=O)NCCc1ccc(cc1)S(=O)(=O)NC(=O)NC1CCCCC1)Cl,1,COc1ccc(Cl)cc1C(=O)NCCc1ccc(S(=O)(=O)NC(=O)NC2CCCCC2)cc1,0
COc1ccc(cc1)Cn(c(c23)cccc2)c(n3)[C@H]4CN(C(C)C)CCC4,0,COc1ccc(Cn2c([C@@H]3CCCN(C(C)C)C3)nc3ccccc32)cc1,1
COc1ccc(cc1)Cn(c(c23)cccc2)c(n3)[C@H]4CN(CCC4)C5CCCCC5,0,COc1ccc(Cn2c([C@@H]3CCCN(C4CCCCC4)C3)nc3ccccc32)cc1,1
COc1ccc(cc1)N(C1CCN(CC1)C(CCNC(=O)c1c(C)cc(nc1C)Cl)C)Cc1cnccc1C,0,COc1ccc(N(Cc2cnccc2C)C2CCN(C(C)CCNC(=O)c3c(C)cc(Cl)nc3C)CC2)cc1,1
COc1ccc(cc1)N1CCC2C1CN(C2)CCCSc1nnc(n1C)c1nccnc1,0,COc1ccc(N2CCC3CN(CCCSc4nnc(-c5cnccn5)n4C)CC32)cc1,1
COc1ccc(cc1)N1CCN(CC1)CC(COc1ccc(cc1)C(F)(F)F)O,0,COc1ccc(N2CCN(CC(O)COc3ccc(C(F)(F)F)cc3)CC2)cc1,1
COc1ccc(cc1CN[C@H]1CCC2N[C@]1(CC2)c1ccccc1)OC(F)(F)F,0,COc1ccc(OC(F)(F)F)cc1CN[C@H]1CCC2CC[C@]1(c1ccccc1)N2,1
COc1ccc(cc1)OCCN(CCc1ccccc1)C,0,COc1ccc(OCCN(C)CCc2ccccc2)cc1,1
ONC(=O)C=Cc1ccc2c(c1)CN(C2)S(=O)(=O)c1ccc(cc1)OC,1,COc1ccc(S(=O)(=O)N2Cc3ccc(C=CC(=O)NO)cc3C2)cc1,0
COc1ccc(cc1NC1CCN(CC1)C)S(=O)(=O)n1ccc2c1cccc2,0,COc1ccc(S(=O)(=O)n2ccc3ccccc32)cc1NC1CCN(C)CC1,1
COc1ccc(cc1)[C@H](N[C@@H]1CC[C@H](C(C1)(C)C)C(=O)N1CCC(CC1)(NC(=O)C)c1ccccc1)C,1,COc1ccc([C@@H](C)N[C@@H]2CC[C@@H](C(=O)N3CCC(NC(C)=O)(c4ccccc4)CC3)C(C)(C)C2)cc1,0
COc1ccc(cc1)[C@H](N[C@@H]1CC[C@H](C(C1)(C)C)C(=O)N1CCC(CC1)(c1ccccc1)N(C(=O)C)C)C,1,COc1ccc([C@@H](C)N[C@@H]2CC[C@@H](C(=O)N3CCC(c4ccccc4)(N(C)C(C)=O)CC3)C(C)(C)C2)cc1,0
COc1ccc(cc1O)[C@@H]1CC(=O)c2c(O1)cc(cc2O)O,1,COc1ccc([C@@H]2CC(=O)c3c(O)cc(O)cc3O2)cc1O,0
CN(C)CCN1C(=O)[C@@H](OC(=O)C)[C@H](c2ccc(cc2)OC)Sc(c13)cccc3,1,COc1ccc([C@@H]2Sc3ccccc3N(CCN(C)C)C(=O)[C@H]2OC(C)=O)cc1,0
COc1ccc(cc1)[C@@]12CN(C[C@H]2C1)CCCSc1nnc(n1C)c1cccc2c1ccc(n2)C,0,COc1ccc([C@@]23C[C@@H]2CN(CCCSc2nnc(-c4cccc5nc(C)ccc45)n2C)C3)cc1,1
COc1ccc(cc1)[C@@]12CN(C[C@H]2C1)CCCSc1nnc(n1C)c1ocnc1C,0,COc1ccc([C@@]23C[C@@H]2CN(CCCSc2nnc(-c4ocnc4C)n2C)C3)cc1,1
COc1ccc(cc1C(F)(F)F)[C@@]12CN(C[C@H]2C1)CCCSc1nnc(n1C)c1ocnc1C,0,COc1ccc([C@@]23C[C@@H]2CN(CCCSc2nnc(-c4ocnc4C)n2C)C3)cc1C(F)(F)F,1
COc1ccc(cc1Cl)[C@@]12CN(C[C@H]2C1)CCCSc1nnc(n1C)c1ocnc1C,0,COc1ccc([C@@]23C[C@@H]2CN(CCCSc2nnc(-c4ocnc4C)n2C)C3)cc1Cl,1
COc(cc1)ccc1[C@@](C#N)(C(C)C)CCCN(C)CCc2cc(OC)c(cc2)OC,0,COc1ccc([C@](C#N)(CCCN(C)CCc2ccc(OC)c(OC)c2)C(C)C)cc1,1
COc3ccc2c(=O)n(C)c(C#N)c(c1ccccc1)c2c3,1,COc1ccc2c(=O)n(C)c(C#N)c(-c3ccccc3)c2c1,0
OCC(Cn1c(C#N)c(c2cccc(c2)C(F)(F)F)c2c(c1=O)ccc(c2)OC)O,1,COc1ccc2c(=O)n(CC(O)CO)c(C#N)c(-c3cccc(C(F)(F)F)c3)c2c1,0
OCC(Cn1c(C#N)c(c2ccccc2)c2c(c1=O)ccc(c2)OC)O,1,COc1ccc2c(=O)n(CC(O)CO)c(C#N)c(-c3ccccc3)c2c1,0
COc3ccc2c(=O)n(C[C@@H](O)CO)c(C#N)c(c1cccc(C(F)(F)F)c1)c2c3,1,COc1ccc2c(=O)n(C[C@@H](O)CO)c(C#N)c(-c3cccc(C(F)(F)F)c3)c2c1,0
COc3ccc2c(=O)n(C[C@@H](O)CO)c(C#N)c(c1ccccc1)c2c3,1,COc1ccc2c(=O)n(C[C@@H](O)CO)c(C#N)c(-c3ccccc3)c2c1,0
COc1ccc2c(c1)ncnc2N1CCC(CC1)CCNS(=O)(=O)N,0,COc1ccc2c(N3CCC(CCNS(N)(=O)=O)CC3)ncnc2c1,1
COc1ccc2c(c1)ncnc2N1CCC(CC1)CNS(=O)(=O)N,1,COc1ccc2c(N3CCC(CNS(N)(=O)=O)CC3)ncnc2c1,0
OCC(CNc1nc(C#N)c(c2c1ccc(c2)OC)c1ccccc1)O,1,COc1ccc2c(NCC(O)CO)nc(C#N)c(-c3ccccc3)c2c1,0
OCC(COc1nc(C#N)c(c2c1ccc(c2)OC)c1ccccc1)O,1,COc1ccc2c(OCC(O)CO)nc(C#N)c(-c3ccccc3)c2c1,0
COc1cc(ccc1CC(=O)Nc1cn(nc1C)C)Oc1ccnc2c1ccc(c2)OC,1,COc1ccc2c(Oc3ccc(CC(=O)Nc4cn(C)nc4C)c(OC)c3)ccnc2c1,0
COc1ccc2c(c1)CC(=CC2=O)C(=O)NC1CCN(CC1)Cc1ccc2c(c1)OCO2,1,COc1ccc2c(c1)CC(C(=O)NC1CCN(Cc3ccc4c(c3)OCO4)CC1)=CC2=O,0
COc1ccc2c(c1)[C@@]13CCCC[C@@H]3[C@H](C2)N(CC1)C,0,COc1ccc2c(c1)[C@]13CCCC[C@@H]1[C@H](C2)N(C)CC3,1
CO[C@H]1CN(CC[C@@H]1NCc1ccc2c(n1)NC(=O)CO2)CCn1c(=O)ccc2c1cc(OC)cc2,1,COc1ccc2ccc(=O)n(CCN3CC[C@H](NCc4ccc5c(n4)NC(=O)CO5)[C@@H](OC)C3)c2c1,0
COc1ccc2c(c1)n(C[C@@H](C1CCC(CC1)NCc1ncc3c(n1)NC(=O)CO3)N)c(=O)cc2,1,COc1ccc2ccc(=O)n(C[C@H](N)C3CCC(NCc4ncc5c(n4)NC(=O)CO5)CC3)c2c1,0
COc1ccc2c(n1)c(ccc2)Oc1ccc2c(n1)c(=O)n(c(n2)C)CC1CCCN(C1)C(C)C,1,COc1ccc2cccc(Oc3ccc4nc(C)n(CC5CCCN(C(C)C)C5)c(=O)c4n3)c2n1,0
COc1ccc2c(c1)[nH]c(n2)Cc1ccc(cc1)Oc1ccccc1,0,COc1ccc2nc(Cc3ccc(Oc4ccccc4)cc3)[nH]c2c1,1
COc1ccc2c(c1)n(CCN1CCC(C(C1)F)NCc1ncc3c(c1)OCCO3)c(=O)cn2,1,COc1ccc2ncc(=O)n(CCN3CCC(NCc4cc5c(cn4)OCCO5)C(F)C3)c2c1,0
COc1ccc2c(c1)n(CCN1CCC(C(C1)O)NCc1ncc3c(c1)OCCO3)c(=O)cn2,1,COc1ccc2ncc(=O)n(CCN3CCC(NCc4cc5c(cn4)OCCO5)C(O)C3)c2c1,0
COC1CN(CCC1NCc1ncc2c(c1)OCCO2)CCn1c(=O)cnc2c1cc(OC)cc2,1,COc1ccc2ncc(=O)n(CCN3CCC(NCc4cc5c(cn4)OCCO5)C(OC)C3)c2c1,0
COc1ccc2c(c1)n(CCN1CC[C@@H]([C@H](C1)O)NCc1ccc3c(n1)NC(=O)CO3)c(=O)cn2,1,COc1ccc2ncc(=O)n(CCN3CC[C@H](NCc4ccc5c(n4)NC(=O)CO5)[C@@H](O)C3)c2c1,0
COc1ccc2c(c1)n(C[C@@H](C1CCC(CC1)NCc1ccc3c(n1)NC(=O)CO3)N)c(=O)cn2,1,COc1ccc2ncc(=O)n(C[C@H](N)C3CCC(NCc4ccc5c(n4)NC(=O)CO5)CC3)c2c1,0
COc1ccc2c(c1)n(C[C@@H](C1CCC(CC1)NCc1ncc3c(n1)NC(=O)CO3)N)c(=O)cn2,1,COc1ccc2ncc(=O)n(C[C@H](N)C3CCC(NCc4ncc5c(n4)NC(=O)CO5)CC3)c2c1,0
COc1ccc2c(n1)c(C(CN1CCC(CC1)NCc1ncc3c(c1)OCCO3)O)c(cn2)F,0,COc1ccc2ncc(F)c(C(O)CN3CCC(NCc4cc5c(cn4)OCCO5)CC3)c2n1,1
COc1ccc2c(n1)c(CC[C@]13CC[C@@](CC1)(CO3)NCc1ccc3c(n1)NC(=O)CO3)c(cn2)F,0,COc1ccc2ncc(F)c(CC[C@]34CC[C@@](NCc5ccc6c(n5)NC(=O)CO6)(CC3)CO4)c2n1,1
COc1ccc2c(n1)c(CC[C@]13CC[C@](CC1)(CO3)NCc1cc(C)c3c(n1)NC(=O)CO3)c(cn2)F,0,COc1ccc2ncc(F)c(CC[C@]34CC[C@](NCc5cc(C)c6c(n5)NC(=O)CO6)(CC3)CO4)c2n1,1
COc1ccc2c(n1)c(CC[C@]13CC[C@](CC1)(CO3)NCc1ccc3c(n1)NC(=O)C(O3)(C)C)c(cn2)F,0,COc1ccc2ncc(F)c(CC[C@]34CC[C@](NCc5ccc6c(n5)NC(=O)C(C)(C)O6)(CC3)CO4)c2n1,1
COc1ccc2c(n1)c(CC[C@]13CC[C@](CC1)(CO3)NCc1ccc3c(n1)NC(=O)[C@@H](O3)C)c(cn2)F,0,COc1ccc2ncc(F)c(CC[C@]34CC[C@](NCc5ccc6c(n5)NC(=O)[C@H](C)O6)(CC3)CO4)c2n1,1
COc1ccc2c(n1)c(CC[C@]13CC[C@](CC1)(CO3)NCc1nc3NC(=O)COc3c(c1C(C)C)C)c(cn2)F,0,COc1ccc2ncc(F)c(CC[C@]34CC[C@](NCc5nc6c(c(C)c5C(C)C)OCC(=O)N6)(CC3)CO4)c2n1,1
COc1ccc2c(n1)c(CC[C@]13CC[C@](CC1)(CO3)NCc1nc3NC(=O)COc3c(c1C)C)c(cn2)F,0,COc1ccc2ncc(F)c(CC[C@]34CC[C@](NCc5nc6c(c(C)c5C)OCC(=O)N6)(CC3)CO4)c2n1,1
COc1ccc2c(n1)c(CC[C@]13CC[C@](CC1)(CO3)NCc1nc3NC(=O)COc3c(c1F)C)c(cn2)F,0,COc1ccc2ncc(F)c(CC[C@]34CC[C@](NCc5nc6c(c(C)c5F)OCC(=O)N6)(CC3)CO4)c2n1,1
COc1ccc2c(n1)c(CC[C@]13CC[C@](CC1)(CO3)NCc1nc3NC(=O)COc3cc1C)c(cn2)F,0,COc1ccc2ncc(F)c(CC[C@]34CC[C@](NCc5nc6c(cc5C)OCC(=O)N6)(CC3)CO4)c2n1,1
COc1ccc2c(n1)c(CC[C@]13CC[C@](CC1)(CO3)NCc1nc3NC(=O)COc3cc1Cl)c(cn2)F,0,COc1ccc2ncc(F)c(CC[C@]34CC[C@](NCc5nc6c(cc5Cl)OCC(=O)N6)(CC3)CO4)c2n1,1
COc1ccc2c(n1)c(CC[C@]13CC[C@](CC1)(CO3)NCc1nc3NC(=O)COc3cc1F)c(cn2)F,0,COc1ccc2ncc(F)c(CC[C@]34CC[C@](NCc5nc6c(cc5F)OCC(=O)N6)(CC3)CO4)c2n1,1
COc1ccc2c(n1)c(C[C@@H]([C@]13CC[C@@](CC1)(CO3)NCc1ccc3c(n1)NC(=O)CO3)O)c(cn2)F,1,COc1ccc2ncc(F)c(C[C@H](O)[C@]34CC[C@@](NCc5ccc6c(n5)NC(=O)CO6)(CC3)CO4)c2n1,0
COc1ccc2c(n1)c(C[C@@H]([C@]13CC[C@](CC1)(CO3)NCc1nc3NC(=O)COc3cc1F)O)c(cn2)F,0,COc1ccc2ncc(F)c(C[C@H](O)[C@]34CC[C@](NCc5nc6c(cc5F)OCC(=O)N6)(CC3)CO4)c2n1,1
COc1ccc2c(n1)c(ccn2)C(CN1CCC(CC1)NCc1ncc2c(c1)OCCO2)O,0,COc1ccc2nccc(C(O)CN3CCC(NCc4cc5c(cn4)OCCO5)CC3)c2n1,1
COc1ccc2c(c1)c(ccn2)C(CN1CCC(CC1)NCc1ccc2c(c1)OCCO2)O,1,COc1ccc2nccc(C(O)CN3CCC(NCc4ccc5c(c4)OCCO5)CC3)c2c1,0
COc1ccc2c(n1)c(ccn2)C(C[C@@H]1CC[C@H](CO1)NCc1ccc2c(n1)NC(=O)CS2)O,0,COc1ccc2nccc(C(O)C[C@@H]3CC[C@@H](NCc4ccc5c(n4)NC(=O)CS5)CO3)c2n1,1
COc1ccc2c(n1)c(ccn2)CC[C@@H]1CC[C@H](CO1)NCc1ccc2c(n1)NC(=O)CS2,0,COc1ccc2nccc(CC[C@@H]3CC[C@@H](NCc4ccc5c(n4)NC(=O)CS5)CO3)c2n1,1
COc1ccc2c(c1)c(ccn2)NC(=O)C1(O)CCC(CC1)NCc1ncc2c(c1)OCCO2,1,COc1ccc2nccc(NC(=O)C3(O)CCC(NCc4cc5c(cn4)OCCO5)CC3)c2c1,0
COc1ccc2c(n1)c(ccn2)NC(=O)C1(O)CCC(CC1)NCc1ncc2c(c1)OCCO2,1,COc1ccc2nccc(NC(=O)C3(O)CCC(NCc4cc5c(cn4)OCCO5)CC3)c2n1,0
COc1ccc2c(n1)c(ccn2)NC(=O)C1(O)CCC(CC1)NCc1ccc2c(c1)OCCO2,1,COc1ccc2nccc(NC(=O)C3(O)CCC(NCc4ccc5c(c4)OCCO5)CC3)c2n1,0
COc1ccc2c(n1)c(ccn2)NC(=O)C1(O)CCC(CC1)NCc1cnc2c(c1)OCCO2,1,COc1ccc2nccc(NC(=O)C3(O)CCC(NCc4cnc5c(c4)OCCO5)CC3)c2n1,0
COc1ccc2c(n1)c(ccn2)NC(=O)C1CCC(CC1)NCc1ncc2c(c1)OCCO2,1,COc1ccc2nccc(NC(=O)C3CCC(NCc4cc5c(cn4)OCCO5)CC3)c2n1,0
COc1cccc(c1)c1c[nH]c(n1)[C@@H]1N[C@H](C2CCOCC2)c2c(C1)c1ccccc1[nH]2,0,COc1cccc(-c2c[nH]c([C@H]3Cc4c([nH]c5ccccc45)[C@@H](C4CCOCC4)N3)n2)c1,1
COc1cccc(n1)c1c[nH]c(n1)[C@@H]1N[C@H](C2CCOCC2)c2c(C1)c1ccccc1[nH]2,0,COc1cccc(-c2c[nH]c([C@H]3Cc4c([nH]c5ccccc45)[C@@H](C4CCOCC4)N3)n2)n1,1
COc1cccc(n1)c1c[nH]c(n1)[C@H]1Cc2c3ccccc3[nH]c2[C@@](N1)(c1noc(n1)C)c1cnn(c1)C,0,COc1cccc(-c2c[nH]c([C@H]3Cc4c([nH]c5ccccc45)[C@](c4cnn(C)c4)(c4noc(C)n4)N3)n2)n1,1
COc(c1)cccc1-c2ccc(cc2)C#Cc([n+]3C)cccc3C#Cc(cc4)ccc4-c5cccc(c5)OC,0,COc1cccc(-c2ccc(C#Cc3cccc(C#Cc4ccc(-c5cccc(OC)c5)cc4)[n+]3C)cc2)c1,1
O=CN1CC(=NC1(C)c1cccc(c1)c1cccc(c1)OC)N,1,COc1cccc(-c2cccc(C3(C)N=C(N)CN3C=O)c2)c1,0
COc1cccc(c1)c1nnc(n1C)CCCCCN1CC2[C@@](C1)(C2)c1ccc(cc1)C(F)(F)F,0,COc1cccc(-c2nnc(CCCCCN3CC4C[C@]4(c4ccc(C(F)(F)F)cc4)C3)n2C)c1,1
COc1cccc(c1)c1nnc(n1C)CCCCN1CC2[C@@](C1)(C2)c1ccc(cc1)C(F)(F)F,0,COc1cccc(-c2nnc(CCCCN3CC4C[C@]4(c4ccc(C(F)(F)F)cc4)C3)n2C)c1,1
COc1cccc(c1N1CCCC(C1)N)/C=C\1/SC(=O)NC1=O,1,COc1cccc(/C=C2/SC(=O)NC2=O)c1N1CCCC(N)C1,0
COc1cccc(c1)C(=O)Cn1c(=O)c2n(CC=C(C)C)c(c(c2n(c1=O)C)C#N)N1CCCC(C1)N,0,COc1cccc(C(=O)Cn2c(=O)c3c(c(C#N)c(N4CCCC(N)C4)n3CC=C(C)C)n(C)c2=O)c1,1
N#Cc1c(N2CCCC(C2)N)n(c2c1n(C)c(=O)n(c2=O)CC(=O)c1cccc(c1)OC)Cc1ccccc1,0,COc1cccc(C(=O)Cn2c(=O)c3c(c(C#N)c(N4CCCC(N)C4)n3Cc3ccccc3)n(C)c2=O)c1,1
COc1cccc(c1)C(N1C2CCC1CC(C2)Oc1cccc(c1)C(=O)N)C,0,COc1cccc(C(C)N2C3CCC2CC(Oc2cccc(C(N)=O)c2)C3)c1,1
COc1cccc(n1)C1(O)CCC(CC1)N1CC(C1)NC(=O)CNc1ncnc2c1cc(cc2)C(F)(F)F,1,COc1cccc(C2(O)CCC(N3CC(NC(=O)CNc4ncnc5ccc(C(F)(F)F)cc45)C3)CC2)n1,0
COc1cccc(c1)[C@]1(O)CCN(CC1)[C@@H]([C@H](c1ccc2c(c1)CCC(=O)N2)O)C,1,COc1cccc(C2(O)CCN([C@H](C)[C@@H](O)c3ccc4c(c3)CCC(=O)N4)CC2)c1,0
COc4cccc(C3(O)CCN([C@H](C)[C@H](O)c2ccc1NC(=O)CCc1c2)CC3)c4,1,COc1cccc(C2(O)CCN([C@H](C)[C@H](O)c3ccc4c(c3)CCC(=O)N4)CC2)c1,0
COc1cccc(c1)C1CCN(CC1)C1CCC(C1)(C(C)C)C(=O)NCc1cc(cc(c1)C(F)(F)F)C(F)(F)F,0,COc1cccc(C2CCN(C3CCC(C(=O)NCc4cc(C(F)(F)F)cc(C(F)(F)F)c4)(C(C)C)C3)CC2)c1,1
COc1cccc(c1)CN(c1cccc2c1cc[nH]2)C1CCNCC1,0,COc1cccc(CN(c2cccc3[nH]ccc23)C2CCNCC2)c1,1
COc1cccc(c1)CN1CCC(CC1)NC(=O)C1=CC(=O)c2c(C1)cc(cc2)F,1,COc1cccc(CN2CCC(NC(=O)C3=CC(=O)c4ccc(F)cc4C3)CC2)c1,0
COc1cccc(c1)N1CCC2C1CN(C2)CCCSc1nnc(n1C)c1nccnc1,0,COc1cccc(N2CCC3CN(CCCSc4nnc(-c5cnccn5)n4C)CC32)c1,1
COc1cccc(c1)N1CCN(C1=O)CCN(CC12CCC(C2(C)C)CC1)C,0,COc1cccc(N2CCN(CCN(C)CC34CCC(CC3)C4(C)C)C2=O)c1,1
COc1cccc(c1)S(=O)(=O)N1CCC2=C[C@H]3[C@@H](C[C@]2(C1)C(=O)c1ccccn1)C=NN3c1ccc(cc1)F,1,COc1cccc(S(=O)(=O)N2CCC3=C[C@H]4[C@H](C=NN4c4ccc(F)cc4)C[C@@]3(C(=O)c3ccccn3)C2)c1,0
ONC(=O)C=Cc1ccc2c(c1)CN(C2)S(=O)(=O)c1cccc(c1)OC,1,COc1cccc(S(=O)(=O)N2Cc3ccc(C=CC(=O)NO)cc3C2)c1,0
COc1cccc(c1)[C@@]12CN(C[C@H]2C1)CCCSc1nnc(n1C)c1ocnc1C,0,COc1cccc([C@@]23C[C@@H]2CN(CCCSc2nnc(-c4ocnc4C)n2C)C3)c1,1
OCC(=O)[C@@]1(O)C[C@H](O[C@H]2C[C@H](N)[C@H]([C@@H](O2)C)O)c2c(C1)c(O)c1c(c2O)C(=O)c2c(C1=O)cccc2OC,1,COc1cccc2c1C(=O)c1c(O)c3c(c(O)c1C2=O)C[C@@](O)(C(=O)CO)C[C@@H]3O[C@H]1C[C@H](N)[C@@H](O)[C@H](C)O1,0
OCC(=O)[C@@]1(O)C[C@H](O[C@H]2C[C@H](N)[C@@H]([C@@H](O2)C)O)c2c(C1)c(O)c1c(c2O)C(=O)c2c(C1=O)cccc2OC,1,COc1cccc2c1C(=O)c1c(O)c3c(c(O)c1C2=O)C[C@@](O)(C(=O)CO)C[C@@H]3O[C@H]1C[C@H](N)[C@H](O)[C@H](C)O1,0
COc1cccc2c1OC(c1ccc(cc1)OCCCN1CCCC(C1)C)C(S2(=O)=O)C,0,COc1cccc2c1OC(c1ccc(OCCCN3CCCC(C)C3)cc1)C(C)S2(=O)=O,1
COc1cccc2c1OC(c1ccc(cc1)OCCCN1CCCC1C)C(S2(=O)=O)C,0,COc1cccc2c1OC(c1ccc(OCCCN3CCCC3C)cc1)C(C)S2(=O)=O,1
COc1ccccc1c1nnc(n1C)CCCCN1CC2[C@@](C1)(C2)c1ccc(cc1)C(F)(F)F,0,COc1ccccc1-c1nnc(CCCCN2CC3C[C@]3(c3ccc(C(F)(F)F)cc3)C2)n1C,1
COc1ccccc1N1CCC2C1CN(C2)CCCSc1nnc(n1C)c1nccnc1,0,COc1ccccc1N1CCC2CN(CCCSc3nnc(-c4cnccn4)n3C)CC21,1
COc1ccccc1N1CCN(CC1)CC(COc1ccc(cc1)C(F)(F)F)O,0,COc1ccccc1N1CCN(CC(O)COc2ccc(C(F)(F)F)cc2)CC1,1
COc1ccccc1N1CCN(CC1)CCCCCC(=O)n1c2ccccc2c2c1cccc2,0,COc1ccccc1N1CCN(CCCCCC(=O)n2c3ccccc3c3ccccc32)CC1,1
COc1ccccc1OCC(CN1CCN(CC1)CC(=O)Nc1c(C)cccc1C)O,1,COc1ccccc1OCC(O)CN1CCN(CC(=O)Nc2c(C)cccc2C)CC1,0
c12c3c(cccc3)[nH]c1cccc2OC[C@@H](CNCCOc1c(cccc1)OC)O,1,COc1ccccc1OCCNC[C@@H](O)COc1cccc2[nH]c3ccccc3c12,0
COc1cccnc1C(c1c(CCN(C)C)sc2c1cccc2)C,0,COc1cccnc1C(C)c1c(CCN(C)C)sc2ccccc12,1
COc1ccnc2c1c(c[nH]2)C(=O)C(=O)N1CCN(CC1C)C(=O)c1ccccc1,1,COc1ccnc2[nH]cc(C(=O)C(=O)N3CCN(C(=O)c4ccccc4)CC3C)c12,0
ONC(=O)C=Cc1ccc(cc1)CNCCc1c([nH]c2c1cccc2)c1cnccc1OC,0,COc1ccncc1-c1[nH]c2ccccc2c1CCNCc1ccc(C=CC(=O)NO)cc1,1
COc1ccncc1c1nnc(n1C)SCCCN1CCc2c(CC1)ccc(c2)c1noc(c1)C,0,COc1ccncc1-c1nnc(SCCCN2CCc3ccc(-c4cc(C)on4)cc3CC2)n1C,1
COc1ncc(nc1)c1cccc2c1CC(CO2)NC(=O)c1ccc(nc1)COCC(F)(F)F,1,COc1cnc(-c2cccc3c2CC(NC(=O)c2ccc(COCC(F)(F)F)nc2)CO3)cn1,0
COc1ncc(nc1)c1cccc2c1CC(CO2)NC(=O)c1ccc(nc1)OCC(F)(F)F,1,COc1cnc(-c2cccc3c2CC(NC(=O)c2ccc(OCC(F)(F)F)nc2)CO3)cn1,0
COc1cnc2c(c1)n(C[C@H](C1CCC(CC1)NCc1ccc3c(n1)NC(=O)CO3)N)c(=O)cc2,1,COc1cnc2ccc(=O)n(C[C@@H](N)C3CCC(NCc4ccc5c(n4)NC(=O)CO5)CC3)c2c1,0
COc1cnc2c(c1)n(C[C@@H](C1CCC(CC1)NCc1ccc3c(n1)NC(=O)CO3)N)c(=O)cc2,1,COc1cnc2ccc(=O)n(C[C@H](N)C3CCC(NCc4ccc5c(n4)NC(=O)CO5)CC3)c2c1,0
COc1cnccc1C1CCC(CC1)N1CC(C1)NC(=O)CNC(=O)c1cccc(c1)C(F)(F)F,0,COc1cnccc1C1CCC(N2CC(NC(=O)CNC(=O)c3cccc(C(F)(F)F)c3)C2)CC1,1
COc1cnccc1C1CCC(CC1)N1CC(C1)NC(=O)CNc1ncnc2c1cc(cc2)C(F)(F)F,1,COc1cnccc1C1CCC(N2CC(NC(=O)CNc3ncnc4ccc(C(F)(F)F)cc34)C2)CC1,0
COc4ncc(c3ccc([C@@H]2CC([N@@]1CCC[C@H]1C)C2)cc3)cn4,0,COc1ncc(-c2ccc(C3CC(N4CCC[C@H]4C)C3)cc2)cn1,1
C1CC[C@@H](C)N1[C@@H](C2)C[C@H]2c(cc3)ccc3-c(cn4)cnc4OC,0,COc1ncc(-c2ccc([C@H]3C[C@H](N4CCC[C@H]4C)C3)cc2)cn1,1
COc1ncc(cn1)c1cccc2c1CC(CO2)NC(=O)c1ccc(nc1)COCC(F)(F)F,1,COc1ncc(-c2cccc3c2CC(NC(=O)c2ccc(COCC(F)(F)F)nc2)CO3)cn1,0
COc1ncc(cc1F)c1cccc2c1CC(CO2)NC(=O)c1ccc(nc1)OCC(F)(F)F,1,COc1ncc(-c2cccc3c2CC(NC(=O)c2ccc(OCC(F)(F)F)nc2)CO3)cc1F,0
COc1ncc(cn1)c1cccc2c1CC(CO2)NC(=O)c1ccc(nc1)OCC(F)(F)F,0,COc1ncc(-c2cccc3c2CC(NC(=O)c2ccc(OCC(F)(F)F)nc2)CO3)cn1,1
COc1ncc(cn1)c1cccc2c1CC(CO2)NC(=O)c1ccc(nc1)OCCC(F)(F)F,1,COc1ncc(-c2cccc3c2CC(NC(=O)c2ccc(OCCC(F)(F)F)nc2)CO3)cn1,0
COc1ncc(cn1)C=C1CC2C(C1O)(C)CCC1C2CCC2C1(C)C=CC(=O)N2C,0,COc1ncc(C=C2CC3C4CCC5N(C)C(=O)C=CC5(C)C4CCC3(C)C2O)cn1,1
COc1cnc(c2c1c(c[nH]2)C(=O)C(=O)N1CCN(CC1)C(=O)c1ccccc1)OC,1,COc1ncc(OC)c2c(C(=O)C(=O)N3CCN(C(=O)c4ccccc4)CC3)c[nH]c12,0
COc1ncccc1C(=O)N1CCC(C1)NCc1cncn1Cc1ccc(cc1)C#N,1,COc1ncccc1C(=O)N1CCC(NCc2cncn2Cc2ccc(C#N)cc2)C1,0
COc1ncccc1C(c1c(CCN(C)C)sc2c1cccc2)C,0,COc1ncccc1C(C)c1c(CCN(C)C)sc2ccccc12,1
CS(=O)(=O)Cc1cc(nc(n1)c1ccc2c(c1)cc[nH]2)N1CCOCC1,1,CS(=O)(=O)Cc1cc(N2CCOCC2)nc(-c2ccc3[nH]ccc3c2)n1,0
CS(=O)(=O)Cc1cc(nc(n1)c1cccc2c1cc[nH]2)N1CCOCC1,1,CS(=O)(=O)Cc1cc(N2CCOCC2)nc(-c2cccc3[nH]ccc23)n1,0
NC(=O)c1cccc(c1)OC1CC2CCC(C1)N2Cc1ccc(cc1)CS(=O)(=O)C,0,CS(=O)(=O)Cc1ccc(CN2C3CCC2CC(Oc2cccc(C(N)=O)c2)C3)cc1,1
CS(=O)(=O)N1CCC(CC1)C1NC(Cc2c1[nH]c1c2cccc1)c1[nH]cc(n1)c1ccccc1,0,CS(=O)(=O)N1CCC(C2NC(c3nc(-c4ccccc4)c[nH]3)Cc3c2[nH]c2ccccc32)CC1,1
Nc1ncc(cc1c1nc2c(o1)cccc2)c1cnn(c1)C1CCN(CC1)S(=O)(=O)C,1,CS(=O)(=O)N1CCC(n2cc(-c3cnc(N)c(-c4nc5ccccc5o4)c3)cn2)CC1,0
CS(=O)(=O)N5CCN(Cc4ccc3CC([N@]2CCN(CCc1ccc(F)cc1)CC2=O)CCc3c4)CC5,1,CS(=O)(=O)N1CCN(Cc2ccc3c(c2)CCC(N2CCN(CCc4ccc(F)cc4)CC2=O)C3)CC1,0
CS(=O)(=O)N1CCN(CC1)Cc1ccnc(c1)Nc1ncc(s1)c1ccccc1,0,CS(=O)(=O)N1CCN(Cc2ccnc(Nc3ncc(-c4ccccc4)s3)c2)CC1,1
ONC(=O)C=Cc1ccc2c(c1)CN(C2)S(=O)(=O)C,1,CS(=O)(=O)N1Cc2ccc(C=CC(=O)NO)cc2C1,0
Clc1ccc(cc1)C(NC(=O)C1(N)CCCN(C1)c1ncnc2c1cc[nH]2)CNS(=O)(=O)C,1,CS(=O)(=O)NCC(NC(=O)C1(N)CCCN(c2ncnc3[nH]ccc23)C1)c1ccc(Cl)cc1,0
Clc1ccc(cc1)C(NC(=O)C1(N)CCCN(C1)c1ncnc2c1cc[nH]2)CCNS(=O)(=O)C,1,CS(=O)(=O)NCCC(NC(=O)C1(N)CCCN(c2ncnc3[nH]ccc23)C1)c1ccc(Cl)cc1,0
O=C(c1ccc(cc1)NS(=O)(=O)C)C1CCN(CC1)CCCc1ccccc1,0,CS(=O)(=O)Nc1ccc(C(=O)C2CCN(CCCc3ccccc3)CC2)cc1,1
O=C(c1ccc(cc1)NS(=O)(=O)C)C1CCN(CC1)CCc1ccccc1,0,CS(=O)(=O)Nc1ccc(C(=O)C2CCN(CCc3ccccc3)CC2)cc1,1
O=C(c1ccc(cc1)NS(=O)(=O)C)C1CCN(CC1)CCc1ccccn1,0,CS(=O)(=O)Nc1ccc(C(=O)C2CCN(CCc3ccccn3)CC2)cc1,1
NC1Cn2c(CC1c1cc(F)c(cc1F)F)nc1c2ccc(c1)NS(=O)(=O)C,0,CS(=O)(=O)Nc1ccc2c(c1)nc1n2CC(N)C(c2cc(F)c(F)cc2F)C1,1
CS(=O)(=O)Nc4ccc3nc(CN2CCC(Cc1ccccc1)CC2)[nH]c3c4,0,CS(=O)(=O)Nc1ccc2nc(CN3CCC(Cc4ccccc4)CC3)[nH]c2c1,1
CS(=O)(=O)Nc1ccc2c(c1)[nH]c(n2)Cc1ccc(cc1)Oc1ccccc1,0,CS(=O)(=O)Nc1ccc2nc(Cc3ccc(Oc4ccccc4)cc3)[nH]c2c1,1
CS(=O)(=O)c5ccc(c4cccc(n3cc(C(=O)NC1CC1)c(=O)c2cccnc23)c4)cn5,1,CS(=O)(=O)c1ccc(-c2cccc(-n3cc(C(=O)NC4CC4)c(=O)c4cccnc43)c2)cn1,0
FC1CCN(C1)C(=O)C(C(c1onc(n1)c1ccc(cc1F)S(=O)(=O)C)CC1CC1)N,1,CS(=O)(=O)c1ccc(-c2noc(C(CC3CC3)C(N)C(=O)N3CCC(F)C3)n2)c(F)c1,0
NC(C(=C1CCCC1)F)C(c1onc(n1)c1ccc(cc1Cl)S(=O)(=O)C)CC1CC1,0,CS(=O)(=O)c1ccc(-c2noc(C(CC3CC3)C(N)C(F)=C3CCCC3)n2)c(Cl)c1,1
[H][N+]([H])([H])C(C(F)=C1CCCC1)C(CC2CC2)c4nc(c3ccc(S(C)(=O)=O)cc3Cl)no4,0,CS(=O)(=O)c1ccc(-c2noc(C(CC3CC3)C([NH3+])C(F)=C3CCCC3)n2)c(Cl)c1,1
OCCC(C(C(=C1CCCC1)F)N)c1onc(n1)c1ccc(cc1Cl)S(=O)(=O)C,1,CS(=O)(=O)c1ccc(-c2noc(C(CCO)C(N)C(F)=C3CCCC3)n2)c(Cl)c1,0
[H][N+]([H])([H])C(C(F)=C1CCCC1)C(CCO)c3nc(c2ccc(S(C)(=O)=O)cc2Cl)no3,1,CS(=O)(=O)c1ccc(-c2noc(C(CCO)C([NH3+])C(F)=C3CCCC3)n2)c(Cl)c1,0
[H][N+]([H])([H])[C@H](C(=O)N1CC[C@H](F)C1)[C@H](CC2CC2)c4nc(c3ccc(S(C)(=O)=O)cc3F)no4,1,CS(=O)(=O)c1ccc(-c2noc([C@@H](CC3CC3)[C@H]([NH3+])C(=O)N3CC[C@H](F)C3)n2)c(F)c1,0
[H][N+]([H])([H])[C@H](C(=O)N1CC[C@H](F)C1)[C@H](CC2CC2)c4nc(c3ccc(S(C)(=O)=O)cc3)no4,1,CS(=O)(=O)c1ccc(-c2noc([C@@H](CC3CC3)[C@H]([NH3+])C(=O)N3CC[C@H](F)C3)n2)cc1,0
O=C1OCC(=C1c1ccccc1)c1ccc(cc1)S(=O)(=O)C,1,CS(=O)(=O)c1ccc(C2=C(c3ccccc3)C(=O)OC2)cc1,0
NC1Cn2c(CC1c1cc(F)c(cc1F)F)nc1c2ccc(c1)S(=O)(=O)C,1,CS(=O)(=O)c1ccc2c(c1)nc1n2CC(N)C(c2cc(F)c(F)cc2F)C1,0
Clc1ccccc1c1nc(nc2c1CNC(=O)N2c1c(Cl)cccc1Cl)S(=O)(=O)C,0,CS(=O)(=O)c1nc(-c2ccccc2Cl)c2c(n1)N(c1c(Cl)cccc1Cl)C(=O)NC2,1
CSc1ccc(cc1)C1N=C(OCc2ccc(cc2)NS(=O)(=O)C)N(Cc2c1cccc2)C,0,CSc1ccc(C2N=C(OCc3ccc(NS(C)(=O)=O)cc3)N(C)Cc3ccccc32)cc1,1
CN1CCCC[C@H]1CCN2c(cccc3)c3Sc(c24)ccc(c4)SC,0,CSc1ccc2c(c1)N(CC[C@@H]1CCCCN1C)c1ccccc1S2,1
CN1CCCC[C@@H]1CCN2c(cccc3)c3Sc(c24)ccc(c4)SC,0,CSc1ccc2c(c1)N(CC[C@H]1CCCCN1C)c1ccccc1S2,1
CSc1ccccc1C(=O)N(C1CCNC1)C1CCC1,1,CSc1ccccc1C(=O)N(C1CCC1)C1CCNC1,0
CSc1ccccc1C(=O)N(C1CCNC1)C1CCCC1,1,CSc1ccccc1C(=O)N(C1CCCC1)C1CCNC1,0
CSc1ccccc1C(=O)N(C1CNCC1)CC1CCC1,1,CSc1ccccc1C(=O)N(CC1CCC1)C1CCNC1,0
CSc1ccccc1C(=O)N(c1ccccc1)C1CNCC1,1,CSc1ccccc1C(=O)N(c1ccccc1)C1CCNC1,0
CSc1nc(c2ccccc2Cl)c2c(n1)N(C(=O)NC2)c1c(Cl)cccc1Cl,0,CSc1nc(-c2ccccc2Cl)c2c(n1)N(c1c(Cl)cccc1Cl)C(=O)NC2,1
CSc1ncccc1C(=O)N1CCC(C1)NCc1cncn1Cc1ccc(cc1)C#N,0,CSc1ncccc1C(=O)N1CCC(NCc2cncn2Cc2ccc(C#N)cc2)C1,1
[H][N+]([H])([H])[C@H](C(=O)N1CC[C@H](F)C1)[C@@H](C)C3CCC(N(C)C(=O)C2CC2)CC3,1,C[C@@H](C1CCC(N(C)C(=O)C2CC2)CC1)[C@H]([NH3+])C(=O)N1CC[C@H](F)C1,0
[H][N+]([H])([H])[C@H](C(=O)N1CC[C@H](F)C1)[C@@H](C)C3CCC(N(C)C(=O)c2cccc(F)c2)CC3,1,C[C@@H](C1CCC(N(C)C(=O)c2cccc(F)c2)CC1)[C@H]([NH3+])C(=O)N1CC[C@H](F)C1,0
C1COCCC1Cn2cc(c(c23)cccc3Cl)-c4scc(n4)C[C@H](C)NCCO,0,C[C@@H](Cc1csc(-c2cn(CC3CCOCC3)c3c(Cl)cccc23)n1)NCCO,1
N#Cc1cncc(c1)c1nn2c(n1)CN(CC2)[C@@H]([C@@](c1ccc(cc1F)F)(Cn1cncn1)O)C,1,C[C@@H](N1CCn2nc(-c3cncc(C#N)c3)nc2C1)[C@](O)(Cn1cncn1)c1ccc(F)cc1F,0
OC[C@@H]1OC(=O)N2[C@@H]1COc1c2ccc(c1)c1ccc(nc1)C(=O)[C@H](O)C,1,C[C@@H](O)C(=O)c1ccc(-c2ccc3c(c2)OC[C@@H]2[C@H](CO)OC(=O)N32)cn1,0
Clc1cccc(c1)c1nnc(o1)[C@H](Oc1nnc(n1C)c1ccncc1)C,1,C[C@@H](Oc1nnc(-c2ccncc2)n1C)c1nnc(-c2cccc(Cl)c2)o1,0
[H][N+]([H])([H])[C@H](C(=O)N1CC[C@H](F)C1)[C@@H](C)c3ccc(c2ccc(=O)[nH]c2)cc3,0,C[C@@H](c1ccc(-c2ccc(=O)[nH]c2)cc1)[C@H]([NH3+])C(=O)N1CC[C@H](F)C1,1
[H][N+]([H])([H])[C@H](C(=O)N1CC[C@H](F)C1)[C@@H](C)c3ccc(c2ccc(=O)n(C)c2)cc3,1,C[C@@H](c1ccc(-c2ccc(=O)n(C)c2)cc1)[C@H]([NH3+])C(=O)N1CC[C@H](F)C1,0
[H][N+]([H])([H])[C@H](C(=O)N1CC[C@H](F)C1)[C@@H](C)c3ccc(c2ccc(=O)n(C)c2F)cc3,1,C[C@@H](c1ccc(-c2ccc(=O)n(C)c2F)cc1)[C@H]([NH3+])C(=O)N1CC[C@H](F)C1,0
[H][N+]([H])([H])[C@H](C(=O)N1CC[C@H](F)C1)[C@@H](C)c3ccc(c2ccc(F)cc2)cc3,0,C[C@@H](c1ccc(-c2ccc(F)cc2)cc1)[C@H]([NH3+])C(=O)N1CC[C@H](F)C1,1
F[C@H]1CCN(C1)C(=O)[C@H]([C@H](c1ccc(cc1)c1cccc(c1)c1nnn[nH]1)C)N,1,C[C@@H](c1ccc(-c2cccc(-c3nnn[nH]3)c2)cc1)[C@H](N)C(=O)N1CC[C@H](F)C1,0
[H][N+]([H])([H])[C@H](C(=O)N1CC[C@H](F)C1)[C@@H](C)c4ccc(c3cccc(c2nnn[nH]2)c3)cc4,1,C[C@@H](c1ccc(-c2cccc(-c3nnn[nH]3)c2)cc1)[C@H]([NH3+])C(=O)N1CC[C@H](F)C1,0
[H][N+]([H])([H])[C@H](C(=O)N1CC[C@H](F)C1)[C@@H](C)c4ccc(c3cccc(c2noc(=O)[nH]2)c3)cc4,1,C[C@@H](c1ccc(-c2cccc(-c3noc(=O)[nH]3)c2)cc1)[C@H]([NH3+])C(=O)N1CC[C@H](F)C1,0
[H][N+]([H])([H])[C@H](C(=O)N1CC[C@H](F)C1)[C@@H](C)c3ccc(c2cccc(C(=O)O)c2)cc3,1,C[C@@H](c1ccc(-c2cccc(C(=O)O)c2)cc1)[C@H]([NH3+])C(=O)N1CC[C@H](F)C1,0
[H][N+]([H])([H])[C@H](C(=O)N1CC[C@H](F)C1)[C@@H](C)c3ccc(c2cn(C)c(=O)cc2CO)cc3,1,C[C@@H](c1ccc(-c2cn(C)c(=O)cc2CO)cc1)[C@H]([NH3+])C(=O)N1CC[C@H](F)C1,0
c1cc(Cl)ccc1-c2nc(no2)COc(c3)ccc(c34)CC[C@H]4N5CCN(CC5)[C@@H]6C[C@@H](C)[C@@H](C6)C,0,C[C@@H]1CC(N2CCN([C@@H]3CCc4ccc(OCc5noc(-c6ccc(Cl)cc6)n5)cc43)CC2)C[C@H]1C,1
C[C@@H]1CCCN1C1CC(C1)c1ccc(cc1)c1cncnc1,0,C[C@@H]1CCCN1C1CC(c2ccc(-c3cncnc3)cc2)C1,1
C1CC[C@@H](C)N1CCc(cc2)cc(c23)ccc(n3)-c4csc(n4)-c5ccccc5,0,C[C@@H]1CCCN1CCc1ccc2nc(-c3csc(-c4ccccc4)n3)ccc2c1,1
C1CC[C@@H](C)N1[C@@H](C2)C[C@H]2c(cc3)ccc3-c4cncnc4,0,C[C@@H]1CCCN1[C@H]1C[C@H](c2ccc(-c3cncnc3)cc2)C1,1
Fc1ccc(cc1)CCN1CCN(C(=O)C1)[C@H]1CCc2c(C1)ccc(c2)CN1[C@H](C)CCC[C@@H]1C,0,C[C@@H]1CCC[C@H](C)N1Cc1ccc2c(c1)CC[C@H](N1CCN(CCc3ccc(F)cc3)CC1=O)C2,1
Fc1cc(F)c(cc1)[C@H]2CN(C(C)(C)C)C[C@@H]2C(=O)N(C[C@H]3C)C[C@H](C)[C@@]3(O)c4c(F)cccc4F,0,C[C@@H]1CN(C(=O)[C@H]2CN(C(C)(C)C)C[C@@H]2c2ccc(F)cc2F)C[C@H](C)[C@@]1(O)c1c(F)cccc1F,1
Fc1cc(F)c(cc1)[C@H]2CN(C(C)(C)C)C[C@@H]2C(=O)N(C[C@H]3C)C[C@H](C)[C@@]3(O)c(cc4)ccc4F,0,C[C@@H]1CN(C(=O)[C@H]2CN(C(C)(C)C)C[C@@H]2c2ccc(F)cc2F)C[C@H](C)[C@@]1(O)c1ccc(F)cc1,1
N#Cc1cc(ccc1COc1cnc(nc1)N1CCN(C[C@H]1C)c1nnc(o1)C(F)(F)F)S(=O)(=O)C,0,C[C@@H]1CN(c2nnc(C(F)(F)F)o2)CCN1c1ncc(OCc2ccc(S(C)(=O)=O)cc2C#N)cn1,1
C[C@@H]1COCCN1c1nc(cc2c1ncn2C)c1c(F)ncc2c1cc[nH]2,1,C[C@@H]1COCCN1c1nc(-c2c(F)ncc3[nH]ccc23)cc2c1ncn2C,0
C[C@@H]1COCCN1c1nc(cc2c1ncn2[C@@H](S(=O)(=O)C)C)c1cncc2c1cc[nH]2,0,C[C@@H]1COCCN1c1nc(-c2cncc3[nH]ccc23)cc2c1ncn2[C@H](C)S(C)(=O)=O,1
C[C@@H]1COCCN1c1nc(cc2c1ncn2C)c1nncc2c1cc[nH]2,1,C[C@@H]1COCCN1c1nc(-c2nncc3[nH]ccc23)cc2c1ncn2C,0
OCCNC(=O)c1cccc(c1)c1ccc2c(n1)nc(nc2N1CCOC[C@H]1C)N1CCOC[C@H]1C,1,C[C@@H]1COCCN1c1nc(N2CCOC[C@H]2C)c2ccc(-c3cccc(C(=O)NCCO)c3)nc2n1,0
C[C@@H]1O[C@@H](C)CN(C1)c1nc2nc(ccc2c(n1)N1CCOC[C@H]1C)c1ccccc1,0,C[C@@H]1COCCN1c1nc(N2C[C@H](C)O[C@@H](C)C2)nc2nc(-c3ccccc3)ccc12,1
C[C@@H]1O[C@@H](C)CN(C1)c1nc2nc(cnc2c(n1)N1CCOC[C@H]1C)c1ccccc1,1,C[C@@H]1COCCN1c1nc(N2C[C@H](C)O[C@@H](C)C2)nc2nc(-c3ccccc3)cnc12,0
C[C@H]1NCc2c(C1)c(ncn2)Oc1cc2c(cc1O)ccn2C(=O)Nc1noc(c1)C1(CC1)C(F)(F)F,0,C[C@@H]1Cc2c(ncnc2Oc2cc3c(ccn3C(=O)Nc3cc(C4(C(F)(F)F)CC4)on3)cc2O)CN1,1
C[C@H]1NCc2c(C1)c(ncn2)Oc1ccc2c(c1)n(cc2)C(=O)Nc1noc(c1)C1(CC1)C(F)(F)F,0,C[C@@H]1Cc2c(ncnc2Oc2ccc3ccn(C(=O)Nc4cc(C5(C(F)(F)F)CC5)on4)c3c2)CN1,1
C[C@@H]1Cc2c(O1)c(ccc2)CN1CCC2(CC1)CCN(CC2)C(=O)c1ccncc1,1,C[C@@H]1Cc2cccc(CN3CCC4(CC3)CCN(C(=O)c3ccncc3)CC4)c2O1,0
Fc1ncc2c(c1)CO[C@@]12CCN(CC1)Cc1ccc(cc1)[C@](c1ccc(c(c1)F)F)(O)C,0,C[C@@](O)(c1ccc(CN2CCC3(CC2)OCc2cc(F)ncc23)cc1)c1ccc(F)c(F)c1,1
C1COCCC1Cn2cc(c(c23)cccc3Cl)-c4sc(Cl)c(n4)C[C@@H](C)NCCO,0,C[C@H](Cc1nc(-c2cn(CC3CCOCC3)c3c(Cl)cccc23)sc1Cl)NCCO,1
[H][C@@]4([C@H](C)N)CCN(c2c(F)cc1c(=O)c(C(=O)O)cn3c1c2OC[C@@H]3C)C4,1,C[C@H](N)[C@@H]1CCN(c2c(F)cc3c(=O)c(C(=O)O)cn4c3c2OC[C@@H]4C)C1,0
[H][C@@]4([C@H](C)NCCC#N)CCN(c2c(F)cc1c(=O)c(C(=O)O)cn3c1c2OC[C@@H]3C)C4,1,C[C@H](NCCC#N)[C@@H]1CCN(c2c(F)cc3c(=O)c(C(=O)O)cn4c3c2OC[C@@H]4C)C1,0
C[C@H](N[C@@H](CCc1ccccc1)C(=O)O)C(=O)N2CCC[C@H]2C(=O)O,1,C[C@H](N[C@@H](CCc1ccccc1)C(=O)O)C(=O)N1CCC[C@H]1C(=O)O,0
N#Cc1cnc(s1)Nc1nc(N[C@H](c2ccc(cn2)F)C)nc(c1)N1CCOCC1,1,C[C@H](Nc1nc(Nc2ncc(C#N)s2)cc(N2CCOCC2)n1)c1ccc(F)cn1,0
c1cccc([C@H](C)O)c1S(=O)(=O)c(cc2)ccc2/C=C/c(cc3)ccc3F,0,C[C@H](O)c1ccccc1S(=O)(=O)c1ccc(/C=C/c2ccc(F)cc2)cc1,1
c1c(Cl)ccc(c12)n(cc2[C@H](C)O)-c3ccc(F)cc3,0,C[C@H](O)c1cn(-c2ccc(F)cc2)c2ccc(Cl)cc12,1
Fc1ccc(cc1)[C@]1(O)CCN(CC1)[C@@H]([C@H](c1ccc2c(c1)oc(=O)[nH]2)O)C,0,C[C@H]([C@@H](O)c1ccc2[nH]c(=O)oc2c1)N1CCC(O)(c2ccc(F)cc2)CC1,1
O=C1CCc2c(N1)ccc(c2)[C@@H]([C@H](N1CC[C@](CC1)(O)c1ccc(cc1)Cl)C)O,0,C[C@H]([C@@H](O)c1ccc2c(c1)CCC(=O)N2)N1CCC(O)(c2ccc(Cl)cc2)CC1,1
O=C1CCc2c(N1)ccc(c2)[C@@H]([C@H](N1CC[C@](CC1)(O)c1ccc(cc1)F)C)O,0,C[C@H]([C@@H](O)c1ccc2c(c1)CCC(=O)N2)N1CCC(O)(c2ccc(F)cc2)CC1,1
O=C1CCc2c(N1)ccc(c2)[C@@H]([C@H](N1CC[C@](CC1)(O)c1ccc2c(c1)COCC2)C)O,1,C[C@H]([C@@H](O)c1ccc2c(c1)CCC(=O)N2)N1CCC(O)(c2ccc3c(c2)COCC3)CC1,0
O=C1CCc2c(N1)ccc(c2)[C@@H]([C@H](N1CC[C@](CC1)(O)c1cccc(c1)COc1ccccc1)C)O,0,C[C@H]([C@@H](O)c1ccc2c(c1)CCC(=O)N2)N1CCC(O)(c2cccc(COc3ccccc3)c2)CC1,1
O=C1CCc2c(N1)ccc(c2)[C@@H]([C@H](N1CC[C@](CC1)(O)c1cccc(c1)F)C)O,0,C[C@H]([C@@H](O)c1ccc2c(c1)CCC(=O)N2)N1CCC(O)(c2cccc(F)c2)CC1,1
Fc1ccc(cc1)[C@]1(O)CCN(CC1)[C@@H]([C@H](c1ccc2c(c1)CN(C(=O)N2)C)O)C,0,C[C@H]([C@@H](O)c1ccc2c(c1)CN(C)C(=O)N2)N1CCC(O)(c2ccc(F)cc2)CC1,1
O=C1NCc2c(N1)ccc(c2)[C@@H]([C@H](N1CC[C@](CC1)(O)c1ccc(cc1)F)C)O,0,C[C@H]([C@@H](O)c1ccc2c(c1)CNC(=O)N2)N1CCC(O)(c2ccc(F)cc2)CC1,1
O=C1OCc2c(N1)ccc(c2)[C@@H]([C@H](N1CC[C@](CC1)(O)c1ccc(cc1)F)C)O,0,C[C@H]([C@@H](O)c1ccc2c(c1)COC(=O)N2)N1CCC(O)(c2ccc(F)cc2)CC1,1
O=C1COc2c(N1)ccc(c2)[C@@H]([C@H](N1CC[C@](CC1)(O)c1ccc(cc1)F)C)O,0,C[C@H]([C@@H](O)c1ccc2c(c1)OCC(=O)N2)N1CCC(O)(c2ccc(F)cc2)CC1,1
C[C@H]([C@H](O)c2ccc1NC(=O)CCc1c2)N4CCC(O)(c3ccc(Cl)cc3)CC4,0,C[C@H]([C@H](O)c1ccc2c(c1)CCC(=O)N2)N1CCC(O)(c2ccc(Cl)cc2)CC1,1
C[C@H]([C@H](O)c2ccc1NC(=O)CCc1c2)N4CCC(O)(c3ccc(F)cc3)CC4,0,C[C@H]([C@H](O)c1ccc2c(c1)CCC(=O)N2)N1CCC(O)(c2ccc(F)cc2)CC1,1
C[C@H]([C@H](O)c2ccc1NC(=O)CCc1c2)N5CCC(O)(c4ccc3CCOCc3c4)CC5,1,C[C@H]([C@H](O)c1ccc2c(c1)CCC(=O)N2)N1CCC(O)(c2ccc3c(c2)COCC3)CC1,0
C[C@H]([C@H](O)c2ccc1NC(=O)CCc1c2)N5CCC(O)(c4cccc(COc3ccccc3)c4)CC5,0,C[C@H]([C@H](O)c1ccc2c(c1)CCC(=O)N2)N1CCC(O)(c2cccc(COc3ccccc3)c2)CC1,1
C[C@H]([C@H](O)c2ccc1NC(=O)CCc1c2)N4CCC(O)(c3cccc(F)c3)CC4,0,C[C@H]([C@H](O)c1ccc2c(c1)CCC(=O)N2)N1CCC(O)(c2cccc(F)c2)CC1,1
C[C@H]([C@H](O)c2ccc1NC(=O)N(C)Cc1c2)N4CCC(O)(c3ccc(F)cc3)CC4,0,C[C@H]([C@H](O)c1ccc2c(c1)CN(C)C(=O)N2)N1CCC(O)(c2ccc(F)cc2)CC1,1
C[C@H]([C@H](O)c2ccc1NC(=O)NCc1c2)N4CCC(O)(c3ccc(F)cc3)CC4,0,C[C@H]([C@H](O)c1ccc2c(c1)CNC(=O)N2)N1CCC(O)(c2ccc(F)cc2)CC1,1
C[C@H]([C@H](O)c2ccc1NC(=O)OCc1c2)N4CCC(O)(c3ccc(F)cc3)CC4,0,C[C@H]([C@H](O)c1ccc2c(c1)COC(=O)N2)N1CCC(O)(c2ccc(F)cc2)CC1,1
C[C@H]([C@H](O)c2ccc1NC(=O)COc1c2)N4CCC(O)(c3ccc(F)cc3)CC4,0,C[C@H]([C@H](O)c1ccc2c(c1)OCC(=O)N2)N1CCC(O)(c2ccc(F)cc2)CC1,1
[H][N+]([H])([H])[C@H](C(=O)N1CCCC1)[C@H](C)c3nc(c2ccc(Cl)cc2Cl)no3,1,C[C@H](c1nc(-c2ccc(Cl)cc2Cl)no1)[C@H]([NH3+])C(=O)N1CCCC1,0
OCCNCc1cccc(c1)c1ccc2c(n1)nc(nc2N1CCOCC1)N1C[C@H](C)O[C@H](C1)C,1,C[C@H]1CN(c2nc(N3CCOCC3)c3ccc(-c4cccc(CNCCO)c4)nc3n2)C[C@H](C)O1,0
CN1CCN(CC1)c1c(F)c(N)c2c3c1OC[C@@H](n3cc(c2=O)C(=O)O)C,1,C[C@H]1COc2c(N3CCN(C)CC3)c(F)c(N)c3c(=O)c(C(=O)O)cn1c23,0
[H][C@@]4([C@@H](N)CC#N)CCN(c2c(F)cc1c(=O)c(C(=O)O)cn3c1c2OC[C@@H]3C)C4,1,C[C@H]1COc2c(N3CC[C@@H]([C@@H](N)CC#N)C3)c(F)cc3c(=O)c(C(=O)O)cn1c23,0
Oc1ccc2c(c1)CC[C@@H]1[C@@H]2CC[C@]2([C@H]1CC[C@@H]2O)C,1,C[C@]12CC[C@@H]3c4ccc(O)cc4CC[C@H]3[C@@H]1CC[C@@H]2O,0
c1cc(Cl)ccc1C(=O)[C@H](CC2)CC[N@@+]2(C)CCc3ccccc3,0,C[N@+]1(CCc2ccccc2)CC[C@@H](C(=O)c2ccc(Cl)cc2)CC1,1
Clc1ccc(cc1)-c2ccc(cc2)C#Cc([n+]3C)cccc3C#Cc(cc4)ccc4-c(cc5)ccc5Cl,0,C[n+]1c(C#Cc2ccc(-c3ccc(Cl)cc3)cc2)cccc1C#Cc1ccc(-c2ccc(Cl)cc2)cc1,1
Oc1ccc(cc1)-c2ccc(cc2)C#Cc([n+]3C)cccc3C#Cc(cc4)ccc4-c(cc5)ccc5O,0,C[n+]1c(C#Cc2ccc(-c3ccc(O)cc3)cc2)cccc1C#Cc1ccc(-c2ccc(O)cc2)cc1,1
c1c(Cl)cccc1-c2ccc(cc2)C#Cc([n+]3C)cccc3C#Cc(cc4)ccc4-c5cccc(Cl)c5,0,C[n+]1c(C#Cc2ccc(-c3cccc(Cl)c3)cc2)cccc1C#Cc1ccc(-c2cccc(Cl)c2)cc1,1
C[n+]1c(cccc1C#Cc1ccc(cc1)c1ccccc1)C#Cc1ccc(cc1)c1ccccc1,0,C[n+]1c(C#Cc2ccc(-c3ccccc3)cc2)cccc1C#Cc1ccc(-c2ccccc2)cc1,1
Clc1ccc(cc1)C#Cc1cccc([n+]1C)C#Cc1ccc(cc1)Cl,0,C[n+]1c(C#Cc2ccc(Cl)cc2)cccc1C#Cc1ccc(Cl)cc1,1
Clc1cccc(c1)C#Cc1cccc([n+]1C)C#Cc1cccc(c1)Cl,0,C[n+]1c(C#Cc2cccc(Cl)c2)cccc1C#Cc1cccc(Cl)c1,1
C[n+]1c(cccc1C#Cc1ccccc1)C#Cc1ccccc1,0,C[n+]1c(C#Cc2ccccc2)cccc1C#Cc1ccccc1,1
C[n+]1c(cccc1C#Cc1ccccc1Cl)C#Cc1ccccc1Cl,0,C[n+]1c(C#Cc2ccccc2Cl)cccc1C#Cc1ccccc1Cl,1
N#Cc1cc(c2ccncc2)c([nH]c1=O)C,1,Cc1[nH]c(=O)c(C#N)cc1-c1ccncc1,0
ONC(=O)/C=C/c1ccc(cc1)CN1CCC(C1)c1c(C)[nH]c2c1cccc2,1,Cc1[nH]c2ccccc2c1C1CCN(Cc2ccc(/C=C/C(=O)NO)cc2)C1,0
ONC(=O)/C=C/c1ccc(cc1)CN(CCc1c(C)[nH]c2c1cccc2)CCC(F)F,1,Cc1[nH]c2ccccc2c1CCN(CCC(F)F)Cc1ccc(/C=C/C(=O)NO)cc1,0
FCCN(Cc1ccc(cc1)C=CC(=O)NO)CCc1c(C)[nH]c2c1cccc2,0,Cc1[nH]c2ccccc2c1CCN(CCF)Cc1ccc(C=CC(=O)NO)cc1,1
ONC(=O)/C=C/c1ccc(cc1)CN(CC(F)F)CCc1c(C)[nH]c2c1cccc2,1,Cc1[nH]c2ccccc2c1CCN(Cc1ccc(/C=C/C(=O)NO)cc1)CC(F)F,0
Clc1ccc(cc1)c1cc2C(NC(=O)c3n[nH]c(c3C)C)CC(Oc2nc1c1ccc(cc1Cl)Cl)(C)C,0,Cc1[nH]nc(C(=O)NC2CC(C)(C)Oc3nc(-c4ccc(Cl)cc4Cl)c(-c4ccc(Cl)cc4)cc32)c1C,1
NCC(Cn1c2cc3CCCCc3cc2c2c(c1=O)c(C)[nH]n2)F,1,Cc1[nH]nc2c1c(=O)n(CC(F)CN)c1cc3c(cc21)CCCC3,0
Cc3[nH]nc4c2cc1CCCCc1cc2n(CCCN)c(=O)c34,0,Cc1[nH]nc2c1c(=O)n(CCCN)c1cc3c(cc21)CCCC3,1
Cc3[nH]nc4c2cc1CCCCc1cc2n(C[C@@H](F)CN)c(=O)c34,1,Cc1[nH]nc2c1c(=O)n(C[C@@H](F)CN)c1cc3c(cc21)CCCC3,0
O=C(C1CC1c1ccc(cc1)C(F)(F)F)N1CCN(CC1)S(=O)(=O)c1cc(cc(c1)C(F)(F)F)c1cn[nH]c1C,0,Cc1[nH]ncc1-c1cc(C(F)(F)F)cc(S(=O)(=O)N2CCN(C(=O)C3CC3c3ccc(C(F)(F)F)cc3)CC2)c1,1
CC1CCCN1CCc1ccc2c(c1)ccc(n2)c1cnn(c1C)C,1,Cc1c(-c2ccc3cc(CCN4CCCC4C)ccc3n2)cnn1C,0
Cc3c(C(=O)c1ccc(Cl)cc1)c2ccc(OC(F)(F)F)cc2n3Cc4cccc(O[C@@H](C)C(=O)O)c4,0,Cc1c(C(=O)c2ccc(Cl)cc2)c2ccc(OC(F)(F)F)cc2n1Cc1cccc(O[C@@H](C)C(=O)O)c1,1
O=C(N1CCC(CC1)CCc1ccc2c(c1C)COC2=O)Cc1ccc(cc1)n1cnnn1,0,Cc1c(CCC2CCN(C(=O)Cc3ccc(-n4cnnn4)cc3)CC2)ccc2c1COC2=O,1
O=C(N1CCN(CC1)CCc1ccc2c(c1C)COC2=O)Cc1ccc(cn1)n1cnnn1,1,Cc1c(CCN2CCN(C(=O)Cc3ccc(-n4cnnn4)cn3)CC2)ccc2c1COC2=O,0
O=C(N1CCN(CC1)CCc1ccc2c(c1C)COC2=O)Cc1ccc(nc1)n1cnnn1,1,Cc1c(CCN2CCN(C(=O)Cc3ccc(-n4cnnn4)nc3)CC2)ccc2c1COC2=O,0
Cc1c(cccc1C(F)(F)F)CN(C1CCOCC1)C1CCNC1,0,Cc1c(CN(C2CCOCC2)C2CCNC2)cccc1C(F)(F)F,1
N#CCCn1nc(c(c1c1cc(F)cc(c1)F)C)CNC1CCC(C1)F,0,Cc1c(CNC2CCC(F)C2)nn(CCC#N)c1-c1cc(F)cc(F)c1,1
CC(CN(C(=O)c1cccc(c1C)Cl)C1CNCC1)C,1,Cc1c(Cl)cccc1C(=O)N(CC(C)C)C1CCNC1,0
CC1NCCN(C1)c1cc2c(c(c1F)C)c(=O)c(cn2C1CC1)C(=O)O,1,Cc1c(F)c(N2CCNC(C)C2)cc2c1c(=O)c(C(=O)O)cn2C1CC1,0
C[C@H]1CN(CCN1)c2cc3c(-c(C)c2F)c(=O)c(cn3C4CC4)C(O)=O,1,Cc1c(F)c(N2CCN[C@@H](C)C2)cc2c1c(=O)c(C(=O)O)cn2C1CC1,0
c1(c(c2c(c(F)c(cc2n(c1)C1CC1)N1C[C@@H](C)NCC1)C)=O)C(=O)O,1,Cc1c(F)c(N2CCN[C@H](C)C2)cc2c1c(=O)c(C(=O)O)cn2C1CC1,0
O=C(c1cc(F)c(c(c1)c1cc2nnc(n2n(c1=O)C)c1c(F)cccc1Cl)C)NC1CC1,1,Cc1c(F)cc(C(=O)NC2CC2)cc1-c1cc2nnc(-c3c(F)cccc3Cl)n2n(C)c1=O,0
CC(C1CCN(C1)c1c(F)cc2c(c1C)n(cc(c2=O)C(=O)O)C1CC1)N,1,Cc1c(N2CCC(C(C)N)C2)c(F)cc2c(=O)c(C(=O)O)cn(C3CC3)c12,0
N#CCCNC(C1CCN(C1)c1c(F)cc2c(c1C)n(cc(c2=O)C(=O)O)C1CC1)C,1,Cc1c(N2CCC(C(C)NCCC#N)C2)c(F)cc2c(=O)c(C(=O)O)cn(C3CC3)c12,0
Fc1ccc2c(c1)c(C)c(s2)S(=O)(=O)NCCCCN1CCN(CC1)c1nsc2c1cccc2,1,Cc1c(S(=O)(=O)NCCCCN2CCN(c3nsc4ccccc34)CC2)sc2ccc(F)cc12,0
O=C(N1CCN(CC1)C[C@H](c1ccc2c(c1C)COC2=O)C)Cc1ccc(nc1)n1cnnn1,1,Cc1c([C@H](C)CN2CCN(C(=O)Cc3ccc(-n4cnnn4)nc3)CC2)ccc2c1COC2=O,0
O=C(N1CCN(CC1)C[C@H](c1ccc2c(c1C)COC2=O)F)Cc1ccc(nc1)n1cnnn1,1,Cc1c([C@H](F)CN2CCN(C(=O)Cc3ccc(-n4cnnn4)nc3)CC2)ccc2c1COC2=O,0
O=C(N1CCN(CC1)C[C@H](c1ccc2c(c1C)COC2=O)O)Cc1ccc(nc1)n1cnnn1,1,Cc1c([C@H](O)CN2CCN(C(=O)Cc3ccc(-n4cnnn4)nc3)CC2)ccc2c1COC2=O,0
FC1CN2C(C1)CNc1cc(n3c(CCC2)c(C)c2c3CC(CC2=O)(C)C)ccc1C(=O)N,1,Cc1c2c(n3c1CCCN1CC(F)CC1CNc1cc-3ccc1C(N)=O)CC(C)(C)CC2=O,0
NC(=O)c1ccc2cc1NCC1CCCN1CCCc1n2c2CC(C)(C)CC(=O)c2c1C,0,Cc1c2c(n3c1CCCN1CCCC1CNc1cc-3ccc1C(N)=O)CC(C)(C)CC2=O,1
CC1Nc2cc(ccc2C(=O)N)n2c(CCCN3C1CCCC3)c(c1c2CC(C)(C)CC1=O)C,0,Cc1c2c(n3c1CCCN1CCCCC1C(C)Nc1cc-3ccc1C(N)=O)CC(C)(C)CC2=O,1
NC(=O)c1ccc2cc1NCC1CCCCN1CCCc1n2c2CC(C)(C)CC(=O)c2c1C,0,Cc1c2c(n3c1CCCN1CCCCC1CNc1cc-3ccc1C(N)=O)CC(C)(C)CC2=O,1
O=C1NCCCc2c(C)c3c(n2c2cc(N[C@H]1C)c(cc2)C(=O)N)CC(CC3=O)(C)C,1,Cc1c2c(n3c1CCCNC(=O)[C@H](C)Nc1cc-3ccc1C(N)=O)CC(C)(C)CC2=O,0
CC1NCCCc2c(C)c3c(n2c2cc(NC1)c(cc2)C(=O)N)CC(CC3=O)(C)C,0,Cc1c2c(n3c1CCCNC(C)CNc1cc-3ccc1C(N)=O)CC(C)(C)CC2=O,1
N[C@@H]1CCCC[C@H]1Nc1cc2cc[nH]c(=O)c2c(n1)Nc1cccc2c1[nH]cc2C,0,Cc1c[nH]c2c(Nc3nc(N[C@@H]4CCCC[C@H]4N)cc4cc[nH]c(=O)c34)cccc12,1
N[C@@H]1CCCC[C@H]1Nc1nc(Nc2cccc3c2[nH]cc3C)c2c(c1)nc[nH]c2=O,1,Cc1c[nH]c2c(Nc3nc(N[C@@H]4CCCC[C@H]4N)cc4nc[nH]c(=O)c34)cccc12,0
N[C@@H]1COCC[C@H]1Nc1nc(Nc2cccc3c2[nH]cc3C)c2c(c1)nc[nH]c2=O,1,Cc1c[nH]c2c(Nc3nc(N[C@@H]4CCOC[C@H]4N)cc4nc[nH]c(=O)c34)cccc12,0
Clc1ccc(cc1)c1cc2C(NC(=O)c3n[nH]cc3C)CC(Oc2nc1c1ccc(cc1Cl)Cl)(C)C,0,Cc1c[nH]nc1C(=O)NC1CC(C)(C)Oc2nc(-c3ccc(Cl)cc3Cl)c(-c3ccc(Cl)cc3)cc21,1
Cc5cc(c4ccc3CCN(CCCSc2nnc(c1ccccc1F)n2C)CCc3c4)no5,0,Cc1cc(-c2ccc3c(c2)CCN(CCCSc2nnc(-c4ccccc4F)n2C)CC3)no1,1
O=C(N1CCN(CC1)CCc1ccc2c(c1C)COC2=O)Cc1ncc(cc1C)n1cnnn1,1,Cc1cc(-n2cnnn2)cnc1CC(=O)N1CCN(CCc2ccc3c(c2C)COC3=O)CC1,0
O=C(N1CCN(CC1)CCc1ccc2c(c1C)COC2=O)Cc1cnc(cc1C)n1cnnn1,0,Cc1cc(-n2cnnn2)ncc1CC(=O)N1CCN(CCc2ccc3c(c2C)COC3=O)CC1,1
O=C([C@@H](c1cnc(cc1C)n1cnnn1)C)N1CCN(CC1)CCc1ccc2c(c1C)COC2=O,1,Cc1cc(-n2cnnn2)ncc1[C@@H](C)C(=O)N1CCN(CCc2ccc3c(c2C)COC3=O)CC1,0
O=C1COc2c(N1)nc(cc2)CNC1CCC(CC1)[C@H](Cn1c(=O)cc(c2c1cc(F)cc2)C)N,1,Cc1cc(=O)n(C[C@H](N)C2CCC(NCc3ccc4c(n3)NC(=O)CO4)CC2)c2cc(F)ccc12,0
O=C1COc2c(N1)nc(nc2)CNC1CCC(CC1)[C@H](Cn1c(=O)cc(c2c1cc(F)cc2)C)N,1,Cc1cc(=O)n(C[C@H](N)C2CCC(NCc3ncc4c(n3)NC(=O)CO4)CC2)c2cc(F)ccc12,0
O=C1COc2c(N1)nc(cc2)CNC12CCC(CC1)(OC2)CC1(O)Cn2c3c1c(F)cnc3c(cc2=O)C,1,Cc1cc(=O)n2c3c(c(F)cnc13)C(O)(CC13CCC(NCc4ccc5c(n4)NC(=O)CO5)(CC1)CO3)C2,0
NC1CN(CCC1c1cc(F)c(cc1F)F)c1ccc2n(n1)c(=O)cc(n2)C,1,Cc1cc(=O)n2nc(N3CCC(c4cc(F)c(F)cc4F)C(N)C3)ccc2n1,0
Clc1ccc(cc1)c1cc2C(NC(=O)c3n[nH]c(c3)C)CC(Oc2nc1c1ccc(cc1Cl)Cl)(C)C,0,Cc1cc(C(=O)NC2CC(C)(C)Oc3nc(-c4ccc(Cl)cc4Cl)c(-c4ccc(Cl)cc4)cc32)n[nH]1,1
O=C(C(n1c(nc2c1cc(F)c(c2)F)c1ccc(cc1)Cl)C1CCCCC1)Nc1ccc(cc1C)C(=O)O,0,Cc1cc(C(=O)O)ccc1NC(=O)C(C1CCCCC1)n1c(-c2ccc(Cl)cc2)nc2cc(F)c(F)cc21,1
Cc1cc(ccc1[C@@]12CN(C[C@H]2C1)CCCSc1nnc(n1C)c1ocnc1C)C(F)(F)F,0,Cc1cc(C(F)(F)F)ccc1[C@@]12C[C@@H]1CN(CCCSc1nnc(-c3ocnc3C)n1C)C2,1
O=C(NC1CCC(CC1)(O)c1ccc(c(c1)C)O)CCc1ccccc1,1,Cc1cc(C2(O)CCC(NC(=O)CCc3ccccc3)CC2)ccc1O,0
NC1=N[C@@]2([C@H](C(S1)C)CC(OC2)c1onc(c1)C)c1ccc(cc1F)F,0,Cc1cc(C2C[C@H]3C(C)SC(N)=N[C@@]3(c3ccc(F)cc3F)CO2)on1,1
FCC1SC(=N[C@@]2([C@H]1CC(OC2)c1onc(c1)C)c1ccc(cc1F)F)N,1,Cc1cc(C2C[C@H]3C(CF)SC(N)=N[C@@]3(c3ccc(F)cc3F)CO2)on1,0
CN(Cc1ccc(c(c1)C)C(=O)Cn1ncc(cc1=O)OCc1ccc(cn1)Br)C,0,Cc1cc(CN(C)C)ccc1C(=O)Cn1ncc(OCc2ccc(Br)cn2)cc1=O,1
CN(Cc1ccc(c(c1)C)OC1CN(C1)C(=O)c1nnc(o1)c1ccccc1)C,0,Cc1cc(CN(C)C)ccc1OC1CN(C(=O)c2nnc(-c3ccccc3)o2)C1,1
[H][C@H]1CC[C@@H](C#N)C1C(=O)C3CN(Cc2cc(C)c(C#N)c(C)c2)C[C@@H]3N,1,Cc1cc(CN2CC(C(=O)C3CCC[C@H]3C#N)[C@@H](N)C2)cc(C)c1C#N,0
[H][C@H]1CC[C@@H](C#N)C1C(=O)C3CN(Cc2ccc(C#N)c(C)c2)C[C@@H]3N,1,Cc1cc(CN2CC(C(=O)C3CCC[C@H]3C#N)[C@@H](N)C2)ccc1C#N,0
CN1CCN(CC1)c1ccc(cc1)c1nc2c([nH]1)c(N1CCN(CC1)Cc1noc(c1)C)c(cn2)Cl,0,Cc1cc(CN2CCN(c3c(Cl)cnc4nc(-c5ccc(N6CCN(C)CC6)cc5)[nH]c34)CC2)no1,1
N#C[C@@H]1CCCN1C(=O)[C@@H]1CN(C[C@@H]1N)Cc1ccc(c(c1)C)C#N,1,Cc1cc(CN2C[C@H](N)[C@H](C(=O)N3CCC[C@H]3C#N)C2)ccc1C#N,0
Cc2cc(CNN1CCC1)cnc2c4ccc(C(=O)Nc3ccccc3N)cc4,1,Cc1cc(CNN2CCC2)cnc1-c1ccc(C(=O)Nc2ccccc2N)cc1,0
Cc2cc(CNN1CCN(C(C)C)CC1)cnc2c4ccc(C(=O)Nc3ccccc3N)cc4,1,Cc1cc(CNN2CCN(C(C)C)CC2)cnc1-c1ccc(C(=O)Nc2ccccc2N)cc1,0
OC(=O)CCNC(=O)N(C1CCN(CC1)[C@@H](CCNC(=O)c1c(C)cc(nc1C)Cl)C)Cc1ccsc1,1,Cc1cc(Cl)nc(C)c1C(=O)NCC[C@@H](C)N1CCC(N(Cc2ccsc2)C(=O)NCCC(=O)O)CC1,0
OC(=O)CCCCNC(=O)N(C1CCN(CC1)[C@@H](CCNC(=O)c1c(C)cc(nc1C)Cl)C)Cc1ccsc1,1,Cc1cc(Cl)nc(C)c1C(=O)NCC[C@@H](C)N1CCC(N(Cc2ccsc2)C(=O)NCCCCC(=O)O)CC1,0
O=C(C1CNCCC1(O)c1ccc(c(c1)F)F)N(C1CC1)Cc1cn(c2c1c(F)ccc2)Cc1ccnc(c1)C,0,Cc1cc(Cn2cc(CN(C(=O)C3CNCCC3(O)c3ccc(F)c(F)c3)C3CC3)c3c(F)cccc32)ccn1,1
O=C(C1CNCCC1(O)c1ccc(c(c1)F)F)N(C1CC1)Cc1cn(c2c1c(F)ccc2)Cc1noc(c1)C,0,Cc1cc(Cn2cc(CN(C(=O)C3CNCCC3(O)c3ccc(F)c(F)c3)C3CC3)c3c(F)cccc32)no1,1
Cc1cc(F)ccc1C4CCN(C[C@@H]3CCc2cccnc2[C@@H](O)C3)CC4O,1,Cc1cc(F)ccc1C1CCN(C[C@@H]2CCc3cccnc3[C@@H](O)C2)CC1O,0
Fc1ccc(c(c1)C)[C@@H]1CCN(CC1)C[C@H]1NCc2c(C1)c(Cl)ccc2O,0,Cc1cc(F)ccc1C1CCN(C[C@@H]2Cc3c(Cl)ccc(O)c3CN2)CC1,1
Fc1ccc(c(c1)C)[C@@H]1CCN(CC1)C[C@H]1NCc2c(C1)cccc2,0,Cc1cc(F)ccc1C1CCN(C[C@@H]2Cc3ccccc3CN2)CC1,1
Nc1ccc(cc1)S(=O)(=O)Nc1noc(c1)C,1,Cc1cc(NS(=O)(=O)c2ccc(N)cc2)no1,0
O=C(NC1CCC(CC1)(O)c1ccc(cc1C)O)CCc1ccccc1,1,Cc1cc(O)ccc1C1(O)CCC(NC(=O)CCc2ccccc2)CC1,0
O=C(NC1CCC(CC1)c1ccc(cc1C)O)CCc1ccccc1,1,Cc1cc(O)ccc1C1CCC(NC(=O)CCc2ccccc2)CC1,0
Cc1cc(O)ccc1[C@]3(O)CC[C@@H](NC(=O)CCc2ccccc2)CC3,1,Cc1cc(O)ccc1[C@]1(O)CC[C@@H](NC(=O)CCc2ccccc2)CC1,0
Cc3cc([C@@]2(O)CC[C@H](NC(=O)CCc1ccccc1)CC2)ccc3O,1,Cc1cc([C@]2(O)CC[C@@H](NC(=O)CCc3ccccc3)CC2)ccc1O,0
N#Cc1ccccc1Cn1c(nc2c(c1=O)cc([nH]2)C)N1CCCC(C1)N,1,Cc1cc2c(=O)n(Cc3ccccc3C#N)c(N3CCCC(N)C3)nc2[nH]1,0
CC(COc1cn2c(c1C)c(ncn2)Oc1ccc2c(c1F)cc([nH]2)C)O,1,Cc1cc2c(F)c(Oc3ncnn4cc(OCC(C)O)c(C)c34)ccc2[nH]1,0
Cc1[nH]c2c(c1)c(F)c(cc2)Oc1ncnn2c1c(C)c(c2)OCCCS(=O)(=O)C,1,Cc1cc2c(F)c(Oc3ncnn4cc(OCCCS(C)(=O)=O)c(C)c34)ccc2[nH]1,0
Cc4cc3c(F)c(Oc1ncnn2cc(OC[C@@H](C)O)c(C)c12)ccc3[nH]4,1,Cc1cc2c(F)c(Oc3ncnn4cc(OC[C@@H](C)O)c(C)c34)ccc2[nH]1,0
O=C1COc2c(N1)nc(c(c2)C)CNC12CCC(CC1)(OC2)CC1(O)Cn2c3c1c(F)cnc3ccc2=O,1,Cc1cc2c(nc1CNC13CCC(CC4(O)Cn5c(=O)ccc6ncc(F)c4c65)(CC1)OC3)NC(=O)CO2,0
Cc1cc2c3cc(F)ccc3[n+](c3c2c(c1)n(C)c1c3cc(cc1)F)C,0,Cc1cc2c3c([n+](C)c4ccc(F)cc4c3c1)-c1cc(F)ccc1N2C,1
CN1CC2CC1CN2c1ccc(nn1)c1ccc2c(c1)cc([nH]2)C,1,Cc1cc2cc(-c3ccc(N4CC5CC4CN5C)nn3)ccc2[nH]1,0
N[C@H](C1CCN(CC1)C(=O)c1cnc2n(c1C)nc(c2)C)Cc1cc(F)c(cc1F)F,1,Cc1cc2ncc(C(=O)N3CCC([C@@H](N)Cc4cc(F)c(F)cc4F)CC3)c(C)n2n1,0
N#CC1CCCN1C(=O)CNC(CNC(=O)c1cnc2n(c1)nc(c2)C)(C)C,1,Cc1cc2ncc(C(=O)NCC(C)(C)NCC(=O)N3CCCC3C#N)cn2n1,0
FC1CCC(C1)NCc1nn(c(c1C)c1ccc(nc1)C)c1ncccc1Cl,1,Cc1ccc(-c2c(C)c(CNC3CCC(F)C3)nn2-c2ncccc2Cl)cn1,0
Cc1ccc(cc1)c1c[nH]c(n1)[C@@H]1N[C@H](C2CCOCC2)c2c(C1)c1ccccc1[nH]2,0,Cc1ccc(-c2c[nH]c([C@H]3Cc4c([nH]c5ccccc45)[C@@H](C4CCOCC4)N3)n2)cc1,1
CC1=CC=C(C=C1)C2=CC(=NN2C3=CC=C(C=C3)S(=O)(=O)N)C(F)(F)F,0,Cc1ccc(-c2cc(C(F)(F)F)nn2-c2ccc(S(N)(=O)=O)cc2)cc1,1
Cc1ccc(cc1)-c2ccc(cc2)C#Cc([n+]3C)cccc3C#Cc(cc4)ccc4-c(cc5)ccc5C,0,Cc1ccc(-c2ccc(C#Cc3cccc(C#Cc4ccc(-c5ccc(C)cc5)cc4)[n+]3C)cc2)cc1,1
Cc1ccc(cn1)c1nnc(n1C)CCCCN1CC2[C@@](C1)(C2)c1ccc(cc1)C(F)(F)F,0,Cc1ccc(-c2nnc(CCCCN3CC4C[C@]4(c4ccc(C(F)(F)F)cc4)C3)n2C)cn1,1
Cc1ccc(cn1)c1nnc(n1C)SCCCN1C[C@@H]2[C@](C1)(C2)c1ccc(cc1)C(F)(F)F,0,Cc1ccc(-c2nnc(SCCCN3C[C@H]4C[C@@]4(c4ccc(C(F)(F)F)cc4)C3)n2C)cn1,1
Cc1ccc(cn1)c1noc(n1)C1=CC2(c3c1cccc3)CCN(CC2)CC1CCCO1,0,Cc1ccc(-c2noc(C3=CC4(CCN(CC5CCCO5)CC4)c4ccccc43)n2)cn1,1
FC1CCC(C1)NCc1nc(n(c1C(C)C)c1ccc(nc1)C)c1ncccc1Cl,1,Cc1ccc(-n2c(-c3ncccc3Cl)nc(CNC3CCC(F)C3)c2C(C)C)cn1,0
FC1CCC(C1)NCc1nc(n(c1C)c1ccc(nc1)C)c1ncccc1Cl,1,Cc1ccc(-n2c(-c3ncccc3Cl)nc(CNC3CCC(F)C3)c2C)cn1,0
CN1CCN(CC1)c1cccc2c1CC(CO2)NC(=O)c1nn(nc1C)c1ccc(cc1C)C,0,Cc1ccc(-n2nc(C)c(C(=O)NC3COc4cccc(N5CCN(C)CC5)c4C3)n2)c(C)c1,1
Cc1ccc(cc1)C#Cc1cccc([n+]1C)C#Cc1ccc(cc1)C,0,Cc1ccc(C#Cc2cccc(C#Cc3ccc(C)cc3)[n+]2C)cc1,1
Cc1ccc(cc1)C(=O)C1CCN(CC1)CCc1ccccc1,0,Cc1ccc(C(=O)C2CCN(CCc3ccccc3)CC2)cc1,1
c1cccc(c12)snc2N(CC3)CCN3CCc(c4)ccc(c45)CC[C@@H]5NC(=O)c(cc6)ccc6C,0,Cc1ccc(C(=O)N[C@H]2CCc3ccc(CCN4CCN(c5nsc6ccccc56)CC4)cc32)cc1,1
Cc1ccc(cn1)C(N1C2CCC1CC(C2)Oc1cccc(c1)C(=O)N)C,0,Cc1ccc(C(C)N2C3CCC2CC(Oc2cccc(C(N)=O)c2)C3)cn1,1
Cc1ccc(s1)C(N1C2CCC1CC(C2)Oc1cccc(c1)C(=O)N)C,0,Cc1ccc(C(C)N2C3CCC2CC(Oc2cccc(C(N)=O)c2)C3)s1,1
NC(C(=O)O)CSC(c1ccc(c(c1)C)C)(c1ccccc1)c1ccccc1,1,Cc1ccc(C(SCC(N)C(=O)O)(c2ccccc2)c2ccccc2)cc1C,0
O=C(NC1CN(C1)C1CC[C@](CC1)(O)c1ccc(nc1)C)CNc1n[nH]c2c1cc(cc2)C(F)(F)F,1,Cc1ccc(C2(O)CCC(N3CC(NC(=O)CNc4n[nH]c5ccc(C(F)(F)F)cc45)C3)CC2)cn1,0
O=C(NC1CCN(C1)C1CCC(CC1)(O)c1ccc(cc1)C)CNC(=O)c1cccc(c1)C(F)(F)F,1,Cc1ccc(C2(O)CCC(N3CCC(NC(=O)CNC(=O)c4cccc(C(F)(F)F)c4)C3)CC2)cc1,0
O=C1CCc2c(N1)ccc(c2)[C@@H]([C@H](N1CC[C@](CC1)(O)c1ccc(cc1)C)C)O,0,Cc1ccc(C2(O)CCN([C@H](C)[C@@H](O)c3ccc4c(c3)CCC(=O)N4)CC2)cc1,1
Cc4ccc(C3(O)CCN([C@H](C)[C@H](O)c2ccc1NC(=O)CCc1c2)CC3)cc4,0,Cc1ccc(C2(O)CCN([C@H](C)[C@H](O)c3ccc4c(c3)CCC(=O)N4)CC2)cc1,1
Cc1ccc(cc1)C1=CC(=NCCN1)NC(Cc1ccccc1)(C)C,0,Cc1ccc(C2=CC(NC(C)(C)Cc3ccccc3)=NCCN2)cc1,1
Cc1ccc(cc1)C1CC2CCC(C1)N2CCCSc1nnc(n1C)c1ocnc1C,0,Cc1ccc(C2CC3CCC(C2)N3CCCSc2nnc(-c3ocnc3C)n2C)cc1,1
Cc1ccc(cc1C)C1CCN(CC1)CCC1CCOc2c1cccc2,0,Cc1ccc(C2CCN(CCC3CCOc4ccccc43)CC2)cc1C,1
Cc1ccc(cc1)CC1(O)CCN(CC1)CCOc1ccc(cc1)O,0,Cc1ccc(CC2(O)CCN(CCOc3ccc(O)cc3)CC2)cc1,1
Cc1ccc(cc1)CC1CCN(CC1O)CCS(=O)(=O)c1ccc(cc1)O,0,Cc1ccc(CC2CCN(CCS(=O)(=O)c3ccc(O)cc3)CC2O)cc1,1
CN(CCc1ccc(cc1)C)CCOc1ccccc1,0,Cc1ccc(CCN(C)CCOc2ccccc2)cc1,1
Cc1ccc(cc1)CCN1CCC(CC1)C(=O)c1ccc(cc1)Cl,0,Cc1ccc(CCN2CCC(C(=O)c3ccc(Cl)cc3)CC2)cc1,1
Cc1ccc(cc1)CN1C2CCC1CC(C2)Oc1cccc(c1)C(=O)N,0,Cc1ccc(CN2C3CCC2CC(Oc2cccc(C(N)=O)c2)C3)cc1,1
Cc1ccc(cc1)COC(=O)N1CCC(CC1)CN(c1ncccn1)C,1,Cc1ccc(COC(=O)N2CCC(CN(C)c3ncccn3)CC2)cc1,0
Cc1ccc(cc1)COC(=O)N1CCC(CC1)CNc1ncccn1,1,Cc1ccc(COC(=O)N2CCC(CNc3ncccn3)CC2)cc1,0
Cc3ccc(C[C@H]2CCN(CCS(=O)(=O)c1ccc(O)cc1)C[C@H]2O)cc3,0,Cc1ccc(C[C@H]2CCN(CCS(=O)(=O)c3ccc(O)cc3)C[C@H]2O)cc1,1
Cc1ccc(cc1)Cn1c(nc2c1cccc2)C1CNCCO1,0,Cc1ccc(Cn2c(C3CNCCO3)nc3ccccc32)cc1,1
Cc1ccc(cc1C)Cn1c(nc2c1cccc2)[C@H]1CNCCO1,0,Cc1ccc(Cn2c([C@H]3CNCCO3)nc3ccccc32)cc1C,1
Cc1ccc(cc1)Cn1c(nc2c1cccc2)[C@H]1CNCCS1,0,Cc1ccc(Cn2c([C@H]3CNCCS3)nc3ccccc32)cc1,1
Cc1ccc(cn1)Cn1cc(c2c1cccc2F)CN(C(=O)C1CNCCC1(O)c1ccc(c(c1)F)F)C1CC1,0,Cc1ccc(Cn2cc(CN(C(=O)C3CNCCC3(O)c3ccc(F)c(F)c3)C3CC3)c3c(F)cccc32)cn1,1
CN(C(=O)c1c(C)onc1c1ccccc1Cl)c1ccc(c(c1)Cl)C,1,Cc1ccc(N(C)C(=O)c2c(-c3ccccc3Cl)noc2C)cc1Cl,0
Cc1ccc(cc1)N1CCC2C1CN(C2)CCCSc1nnc(n1C)c1nccnc1,0,Cc1ccc(N2CCC3CN(CCCSc4nnc(-c5cnccn5)n4C)CC32)cc1,1
CN(CC12CCC(C2(C)C)CC1)CCN1CCN(C1=O)c1ccc(cc1)C,0,Cc1ccc(N2CCN(CCN(C)CC34CCC(CC3)C4(C)C)C2=O)cc1,1
CC1CCCN(C1C)C(=O)c1csc(n1)Nc1ccc(cc1)C,1,Cc1ccc(Nc2nc(C(=O)N3CCCC(C)C3C)cs2)cc1,0
ONC(=O)CCCCCCC(=O)Nc1ccc2c(c1)c(ncc2)Nc1ccc(cc1)C,1,Cc1ccc(Nc2nccc3ccc(NC(=O)CCCCCCC(=O)NO)cc23)cc1,0
c1([C@H](c2ccccc2)CCN(C(C)C)C(C)C)c(ccc(c1)C)O,0,Cc1ccc(O)c([C@@H](CCN(C(C)C)C(C)C)c2ccccc2)c1,1
Cc1ccc(cc1)OCCCc1cccc([n+]1C)C#CCOc1ccccc1,0,Cc1ccc(OCCCc2cccc(C#CCOc3ccccc3)[n+]2C)cc1,1
Cc1ccc(cc1)OCCCc1cccc([n+]1C)CCCOc1ccc(cc1)C,0,Cc1ccc(OCCCc2cccc(CCCOc3ccc(C)cc3)[n+]2C)cc1,1
CN(CCc1ccc(cc1)N)CCOc1ccc(cc1C(=O)N)C,0,Cc1ccc(OCCN(C)CCc2ccc(N)cc2)c(C(N)=O)c1,1
CN(CCc1ccc(cc1)NS(=O)(=O)C)CCOc1ccc(cc1C(=O)N)C,0,Cc1ccc(OCCN(C)CCc2ccc(NS(C)(=O)=O)cc2)c(C(N)=O)c1,1
CN(CCc1ccccc1)CCOc1ccc(cc1)C,0,Cc1ccc(OCCN(C)CCc2ccccc2)cc1,1
Cc1ccc(cc1)OCc1cccc([n+]1C)COc1ccc(cc1)C,0,Cc1ccc(OCc2cccc(COc3ccc(C)cc3)[n+]2C)cc1,1
Cc4ccc(Oc3ccc(Nc1ncnc2cccc(OC(C)C(=O)N(C)C)c12)cc3C)cn4,0,Cc1ccc(Oc2ccc(Nc3ncnc4cccc(OC(C)C(=O)N(C)C)c34)cc2C)cn1,1
Cc4ccc(Oc3ccc(Nc1ncnc2cccc(OC(C)C(=O)N(C)CCO)c12)cc3C)cn4,1,Cc1ccc(Oc2ccc(Nc3ncnc4cccc(OC(C)C(=O)N(C)CCO)c34)cc2C)cn1,0
O=C(C1SCCN1S(=O)(=O)c1ccc(cc1)C)NC1C2CC3CC1CC(C2)(C3)C(=O)N,1,Cc1ccc(S(=O)(=O)N2CCSC2C(=O)NC2C3CC4CC2CC(C(N)=O)(C4)C3)cc1,0
ONC(=O)C=Cc1ccc2c(c1)CN(C2)S(=O)(=O)c1ccc(cc1)C,1,Cc1ccc(S(=O)(=O)N2Cc3ccc(C=CC(=O)NO)cc3C2)cc1,0
Cc1ccc(c(c1)F)[C@@]12CN(C[C@H]2C1)CCCSc1nnc(n1C)c1ocnc1C,0,Cc1ccc([C@@]23C[C@@H]2CN(CCCSc2nnc(-c4ocnc4C)n2C)C3)c(F)c1,1
Cc1ccc2c(n1)cccc2c1nnc(n1C)SCCC(N1CCc2c(CC1)c(C)c1c(c2)nc(o1)C)C,1,Cc1ccc2c(-c3nnc(SCCC(C)N4CCc5cc6nc(C)oc6c(C)c5CC4)n3C)cccc2n1,0
N#Cc1ccc(cc1)[C@@]12CN(C[C@H]2C1)CCCSc1nnc(n1C)c1cccc2c1ccc(n2)C,0,Cc1ccc2c(-c3nnc(SCCCN4C[C@H]5C[C@@]5(c5ccc(C#N)cc5)C4)n3C)cccc2n1,1
Cc1ccc2c(n1)cccc2c1nnc(n1C)SCCCN1C[C@@H]2[C@](C1)(C2)c1ccc(cc1)C(C)(C)C,0,Cc1ccc2c(-c3nnc(SCCCN4C[C@H]5C[C@@]5(c5ccc(C(C)(C)C)cc5)C4)n3C)cccc2n1,1
Cc1ccc2c(n1)cccc2c1nnc(n1C)SCCCN1C[C@@H]2[C@](C1)(C2)c1ccc(cc1)C(F)(F)F,0,Cc1ccc2c(-c3nnc(SCCCN4C[C@H]5C[C@@]5(c5ccc(C(F)(F)F)cc5)C4)n3C)cccc2n1,1
Cc1ccc2c(n1)cccc2c1nnc(n1C)SCCCN1C[C@@H]2[C@](C1)(C2)c1ccc(c(c1)Cl)Cl,0,Cc1ccc2c(-c3nnc(SCCCN4C[C@H]5C[C@@]5(c5ccc(Cl)c(Cl)c5)C4)n3C)cccc2n1,1
Clc1ccc(cc1)[C@@]12CN(C[C@H]2C1)CCCSc1nnc(n1C)c1cccc2c1ccc(n2)C,0,Cc1ccc2c(-c3nnc(SCCCN4C[C@H]5C[C@@]5(c5ccc(Cl)cc5)C4)n3C)cccc2n1,1
Cc1ccc2c(n1)cccc2c1nnc(n1C)SCCCN1C[C@@H]2[C@](C1)(C2)c1ccccc1,0,Cc1ccc2c(-c3nnc(SCCCN4C[C@H]5C[C@@]5(c5ccccc5)C4)n3C)cccc2n1,1
c1cc(C)nc(c12)cccc2N(CC3)CCN3CCc(c(C)cc4)c(c45)ccc(=O)[nH]5,1,Cc1ccc2c(N3CCN(CCc4c(C)ccc5[nH]c(=O)ccc45)CC3)cccc2n1,0
c1cc(C)nc(c12)cccc2N(CC3)CCN3CCc(c(C)cc4)c(c45)CCC(=O)N5,0,Cc1ccc2c(N3CCN(CCc4c(C)ccc5c4CCC(=O)N5)CC3)cccc2n1,1
c1cc(C)nc(c12)cccc2N(CC3)CCN3CCc(c(C)cc4)c(c45)CCC(=O)N5C,0,Cc1ccc2c(N3CCN(CCc4c(C)ccc5c4CCC(=O)N5C)CC3)cccc2n1,1
c1cc(C)nc(c12)cc(F)cc2N(CC3)CCN3CCc(c(C)cc4)c(c45)ccc(=O)n5C,0,Cc1ccc2c(N3CCN(CCc4c(C)ccc5c4ccc(=O)n5C)CC3)cc(F)cc2n1,1
c1cc(C)nc(c12)cc(F)cc2N(C[C@@H]3C)CCN3CCc(c(C)cc4)c(c45)ccc(=O)n5C,0,Cc1ccc2c(N3CCN(CCc4c(C)ccc5c4ccc(=O)n5C)[C@@H](C)C3)cc(F)cc2n1,1
c1cc(C)nc(c12)cccc2N(C[C@@H]3C)CCN3CCc(c(C)cc4)c(c45)ccc(=O)n5C,0,Cc1ccc2c(N3CCN(CCc4c(C)ccc5c4ccc(=O)n5C)[C@@H](C)C3)cccc2n1,1
c1cc(C)nc(c12)cccc2N(C[C@H]3C)CCN3CCc(c(C)cc4)c(c45)ccc(=O)n5C,0,Cc1ccc2c(N3CCN(CCc4c(C)ccc5c4ccc(=O)n5C)[C@H](C)C3)cccc2n1,1
c1cc(C)nc(c12)cccc2N(CC3)CCN3CCc(c(Cl)cc4)c(c45)ccc(=O)n5C,0,Cc1ccc2c(N3CCN(CCc4c(Cl)ccc5c4ccc(=O)n5C)CC3)cccc2n1,1
c1cc(C)nc(c12)cccc2N(CC3)CCN3CCc(c(F)cc4)c(c45)ccc(=O)n5C,1,Cc1ccc2c(N3CCN(CCc4c(F)ccc5c4ccc(=O)n5C)CC3)cccc2n1,0
c1cc(C)nc(c12)cccc2N(CC3)CCN3CCc(ccc4)c(c45)CCC(=O)N5,0,Cc1ccc2c(N3CCN(CCc4cccc5c4CCC(=O)N5)CC3)cccc2n1,1
c1cc(C)nc(c12)cccc2N(CC3)CCN3CCc(ccc4)c(c45)CCC(=O)N5C,0,Cc1ccc2c(N3CCN(CCc4cccc5c4CCC(=O)N5C)CC3)cccc2n1,1
Cc1ccc2c(n1)cccc2N1CCN(CC1)CCc1cccc2c1OCC(=O)N2C(F)F,0,Cc1ccc2c(N3CCN(CCc4cccc5c4OCC(=O)N5C(F)F)CC3)cccc2n1,1
Cc1ccc2c(n1)cccc2N1CCN(CC1)CCc1cccc2c1OCc1n2ccc1C(=O)N,1,Cc1ccc2c(N3CCN(CCc4cccc5c4OCc4c(C(N)=O)ccn4-5)CC3)cccc2n1,0
c1cc(C)nc(c12)cccc2N(C3)CCN(C3(C)C)CCc(ccc4)c(c45)ccc(=O)n5C,0,Cc1ccc2c(N3CCN(CCc4cccc5c4ccc(=O)n5C)C(C)(C)C3)cccc2n1,1
c1cc(C)nc(c12)cc(F)cc2N(C[C@@H]3C)CCN3CCc(ccc4)c(c45)ccc(=O)n5C,0,Cc1ccc2c(N3CCN(CCc4cccc5c4ccc(=O)n5C)[C@@H](C)C3)cc(F)cc2n1,1
c1cc(C)nc(c12)cccc2N(C[C@@H]3C)CCN3CCc(ccc4)c(c45)ccc(=O)n5C,0,Cc1ccc2c(N3CCN(CCc4cccc5c4ccc(=O)n5C)[C@@H](C)C3)cccc2n1,1
c1cc(C)nc(c12)cc(F)cc2N(C[C@H]3C)CCN3CCc(ccc4)c(c45)ccc(=O)n5C,0,Cc1ccc2c(N3CCN(CCc4cccc5c4ccc(=O)n5C)[C@H](C)C3)cc(F)cc2n1,1
CC1CCCN1CCc1ccc2c(c1)ccc(n2)C,1,Cc1ccc2cc(CCN3CCCC3C)ccc2n1,0
c1c(C)ccc(c12)ccc(c2)OCC3CCNCC3,0,Cc1ccc2ccc(OCC3CCNCC3)cc2c1,1
c1c(C)cccc1-c2ccc(cc2)C#Cc([n+]3C)cccc3C#Cc(cc4)ccc4-c5cccc(c5)C,0,Cc1cccc(-c2ccc(C#Cc3cccc(C#Cc4ccc(-c5cccc(C)c5)cc4)[n+]3C)cc2)c1,1
Cc1cccc(c1)C(c1ccccc1)(c1ccccc1)CCC(C(=O)O)N,1,Cc1cccc(C(CCC(N)C(=O)O)(c2ccccc2)c2ccccc2)c1,0
O=C(NC1CN(C1)C1CC[C@](CC1)(O)c1c(C)cccc1C)CNC(=O)c1cccc(c1)C(F)(F)F,0,Cc1cccc(C)c1C1(O)CCC(N2CC(NC(=O)CNC(=O)c3cccc(C(F)(F)F)c3)C2)CC1,1
C1CC2(CCCN2C1)CC(Nc1c(C)cccc1C)=O,1,Cc1cccc(C)c1NC(=O)CC12CCCN1CCC2,0
Cc1cccc(C)c1OCC(=O)N[C@@H](Cc2ccccc2)[C@@H](O)C[C@H](Cc3ccccc3)NC(=O)C(C(C)C)N4CCCNC4=O,0,Cc1cccc(C)c1OCC(=O)N[C@@H](Cc1ccccc1)[C@@H](O)C[C@H](Cc1ccccc1)NC(=O)C(C(C)C)N1CCCNC1=O,1
N#Cc1cc(C(C)C)c2c(c1)nc(o2)c1ccc(cc1)C(=O)NCC1CCC(CC1)c1cccc(c1)C,1,Cc1cccc(C2CCC(CNC(=O)c3ccc(-c4nc5cc(C#N)cc(C(C)C)c5o4)cc3)CC2)c1,0
Cc1cccc(c1)CCN1CCC(CC1)C(=O)c1ccc(cc1)NS(=O)(=O)C,0,Cc1cccc(CCN2CCC(C(=O)c3ccc(NS(C)(=O)=O)cc3)CC2)c1,1
Cc3cccc(CN(C1CCOCC1)C2CCNC2)c3C,1,Cc1cccc(CN(C2CCOCC2)C2CCNC2)c1C,0
Cc1cccc(c1)CN1C2CCC1CC(C2)Oc1cccc(c1)C(=O)N,0,Cc1cccc(CN2C3CCC2CC(Oc2cccc(C(N)=O)c2)C3)c1,1
O=C1OC2(CN1c1cccc(n1)C)CCC(CC2)c1nc2c([nH]1)cc(cc2)OC(F)(F)F,0,Cc1cccc(N2CC3(CCC(c4nc5ccc(OC(F)(F)F)cc5[nH]4)CC3)OC2=O)n1,1
Cc1cccc(c1)N1CCC2C1CN(C2)CCCSc1nnc(n1C)c1nccnc1,0,Cc1cccc(N2CCC3CN(CCCSc4nnc(-c5cnccn5)n4C)CC32)c1,1
Cc1cccc(n1)N1CCN(CC1)CCCCCCN1CCN(CC1)c1ccccc1,0,Cc1cccc(N2CCN(CCCCCCN3CCN(c4ccccc4)CC3)CC2)n1,1
CN(CC12CCC(C2(C)C)CC1)CCN1CCN(C1=O)c1cccc(c1)C,0,Cc1cccc(N2CCN(CCN(C)CC34CCC(CC3)C4(C)C)C2=O)c1,1
[H]N(C(=NC#N)c2ccc(c1ccc(Cl)cc1)o2)c3cccc(C)c3,1,Cc1cccc(NC(=NC#N)c2ccc(-c3ccc(Cl)cc3)o2)c1,0
OC[C@H](NCCOCCOc1cccc(c1C)C)C,1,Cc1cccc(OCCOCCN[C@H](C)CO)c1C,0
ONC(=O)C=Cc1ccc2c(c1)CN(C2)S(=O)(=O)c1cccc(c1)C,1,Cc1cccc(S(=O)(=O)N2Cc3ccc(C=CC(=O)NO)cc3C2)c1,0
Cc1ccccc1-c2ccc(cc2)C#Cc([n+]3C)cccc3C#Cc(cc4)ccc4-c5ccccc5C,0,Cc1ccccc1-c1ccc(C#Cc2cccc(C#Cc3ccc(-c4ccccc4C)cc3)[n+]2C)cc1,1
Cc1ccccc1C(=O)N(C1CNCC1)CC1CCC1,1,Cc1ccccc1C(=O)N(CC1CCC1)C1CCNC1,0
Cc1ccccc1C(N1C2CCC1CC(C2)Oc1cccc(c1)C(=O)N)C,0,Cc1ccccc1C(C)N1C2CCC1CC(Oc1cccc(C(N)=O)c1)C2,1
Cc1ccccc1C1CCN(CC1)CC1CCc2c(C(C1)O)cccc2C,0,Cc1ccccc1C1CCN(CC2CCc3c(C)cccc3C(O)C2)CC1,1
Cc1ccccc1C4CCN(C[C@@H]3CCc2cccnc2[C@@H](O)C3)CC4CO,1,Cc1ccccc1C1CCN(C[C@@H]2CCc3cccnc3[C@@H](O)C2)CC1CO,0
Cc1ccccc1C4CCN(C[C@@H]3CCc2cccnc2[C@@H](O)C3)CC4O,1,Cc1ccccc1C1CCN(C[C@@H]2CCc3cccnc3[C@@H](O)C2)CC1O,0
Cc1ccccc1C4CCN(C[C@@H]3Cc2cccnc2[C@@H](O)C3)CC4O,1,Cc1ccccc1C1CCN(C[C@@H]2Cc3cccnc3[C@@H](O)C2)CC1O,0
Cc1ccccc1CN1C2CCC1CC(C2)Oc1cccc(c1)C(=O)N,0,Cc1ccccc1CN1C2CCC1CC(Oc1cccc(C(N)=O)c1)C2,1
Cc1ccccc1COC(=O)N3CCC(CNc2ncccn2)CC3,1,Cc1ccccc1COC(=O)N1CCC(CNc2ncccn2)CC1,0
Cc1ccccc1N1CCC2C1CN(C2)CCCSc1nnc(n1C)c1nccnc1,0,Cc1ccccc1N1CCC2CN(CCCSc3nnc(-c4cnccn4)n3C)CC21,1
ONC(=O)C=Cc1ccc2c(c1)CN(C2)S(=O)(=O)c1ccccc1C,1,Cc1ccccc1S(=O)(=O)N1Cc2ccc(C=CC(=O)NO)cc2C1,0
CN(CCc1sc2c(c1C(c1ncccc1C)C)cccc2)C,0,Cc1cccnc1C(C)c1c(CCN(C)C)sc2ccccc12,1
O=c1[nH]cnc(c1)N1C(=O)N(C(=O)C21CCN(CC2)Cc1ncccc1C)c1ccc(cc1)c1ccc(cc1)C(=O)O,1,Cc1cccnc1CN1CCC2(CC1)C(=O)N(c1ccc(-c3ccc(C(=O)O)cc3)cc1)C(=O)N2c1cc(=O)[nH]cn1,0
OC(=O)c1ccc(cc1)c1ccc(cc1)N1C(=O)N(C2(C1=O)CCN(CC2)Cc1ncccc1C)c1nccnc1,1,Cc1cccnc1CN1CCC2(CC1)C(=O)N(c1ccc(-c3ccc(C(=O)O)cc3)cc1)C(=O)N2c1cnccn1,0
O=c1[nH]cnc(c1)N1C(=O)N(C(=O)C21CCN(CC2)Cc1ncccc1C)c1ccc(cc1)c1ccccc1,0,Cc1cccnc1CN1CCC2(CC1)C(=O)N(c1ccc(-c3ccccc3)cc1)C(=O)N2c1cc(=O)[nH]cn1,1
Fc1ccc(cc1)Cn(c(c23)cccc2)c(n3)N(CC4)CCC4n5ccc(n5)C,0,Cc1ccn(C2CCN(c3nc4ccccc4n3Cc3ccc(F)cc3)CC2)n1,1
Cc1ccncc1c1noc(n1)C1=CC2(c3c1cccc3)CCN(CC2)CC1CCCO1,0,Cc1ccncc1-c1noc(C2=CC3(CCN(CC4CCCO4)CC3)c3ccccc32)n1,1
O=C([C@H](Oc1cccc2c1c(ncn2)Nc1ccc(c(c1)C)OCc1cnccc1C)C)N(C)C,0,Cc1ccncc1COc1ccc(Nc2ncnc3cccc(O[C@H](C)C(=O)N(C)C)c23)cc1C,1
OCCN(C(=O)[C@H](Oc1cccc2c1c(ncn2)Nc1ccc(c(c1)C)OCc1cnccc1C)C)C,1,Cc1ccncc1COc1ccc(Nc2ncnc3cccc(O[C@H](C)C(=O)N(C)CCO)c23)cc1C,0
O=C1[C@@H](CCc2c(N1CC(F)(F)F)cccc2F)n1nnc(c1)c1ccc(cc1F)n1cnc(c1)C,0,Cc1cn(-c2ccc(-c3cn([C@@H]4CCc5c(F)cccc5N(CC(F)(F)F)C4=O)nn3)c(F)c2)cn1,1
O=C1[C@@H](CCc2c(N1CC(F)(F)F)cccc2F)n1nnc(c1)c1ccc(cc1)n1cnc(c1)C,0,Cc1cn(-c2ccc(-c3cn([C@@H]4CCc5c(F)cccc5N(CC(F)(F)F)C4=O)nn3)cc2)cn1,1
O=C1[C@@H](CCc2c(N1CC(F)(F)F)cccc2F)n1nnc(c1)c1ccc(c(c1)OCC(F)(F)F)n1cnc(c1)C,0,Cc1cn(-c2ccc(-c3cn([C@@H]4CCc5c(F)cccc5N(CC(F)(F)F)C4=O)nn3)cc2OCC(F)(F)F)cn1,1
Cc1ncc(nc1)c1cccc2c1CC(CO2)NC(=O)c1ccc(nc1)OCC(F)(F)F,1,Cc1cnc(-c2cccc3c2CC(NC(=O)c2ccc(OCC(F)(F)F)nc2)CO3)cn1,0
Fc1ccc(nc1)[C@@H](Nc1nc(Nc2ncc(s2)C)cc(n1)N1CCOCC1)C,1,Cc1cnc(Nc2cc(N3CCOCC3)nc(N[C@@H](C)c3ccc(F)cn3)n2)s1,0
CC1SC(=N[C@@]2([C@H]1CC(OC2)c1occ(n1)C)c1ccc(cc1F)F)N,0,Cc1coc(C2C[C@H]3C(C)SC(N)=N[C@@]3(c3ccc(F)cc3F)CO2)n1,1
FCC1SC(=N[C@@]2([C@H]1CC(OC2)c1occ(n1)C)c1ccc(cc1F)F)N,1,Cc1coc(C2C[C@H]3C(CF)SC(N)=N[C@@]3(c3ccc(F)cc3F)CO2)n1,0
Fc1ccc(c(c1)F)[C@@]12CO[C@@H](C[C@H]2CSC(=N1)N)c1occ(n1)C,0,Cc1coc([C@@H]2C[C@H]3CSC(N)=N[C@@]3(c3ccc(F)cc3F)CO2)n1,1
CC1CCCN1CCc1ccc2c(c1)ccc(n2)c1c(C)n[nH]c1C,1,Cc1n[nH]c(C)c1-c1ccc2cc(CCN3CCCC3C)ccc2n1,0
Clc1ccc(cc1)c1cc2C(NC(=O)c3c(C)n[nH]c3C)CC(Oc2nc1c1ccc(cc1Cl)Cl)(C)C,0,Cc1n[nH]c(C)c1C(=O)NC1CC(C)(C)Oc2nc(-c3ccc(Cl)cc3Cl)c(-c3ccc(Cl)cc3)cc21,1
Clc1ccc(cc1)c1cc2C(NC(=O)c3c[nH]nc3C)CC(Oc2nc1c1ccc(cc1Cl)Cl)(C)C,0,Cc1n[nH]cc1C(=O)NC1CC(C)(C)Oc2nc(-c3ccc(Cl)cc3Cl)c(-c3ccc(Cl)cc3)cc21,1
O=C(N1CCN(CC1)CCc1ccc2c(c1C)COC2=O)Cc1ccc(nc1C)n1cnnn1,0,Cc1nc(-n2cnnn2)ccc1CC(=O)N1CCN(CCc2ccc3c(c2C)COC3=O)CC1,1
O=C([C@@H](c1ccc(nc1C)n1cnnn1)C)N1CCN(CC1)CCc1ccc2c(c1C)COC2=O,0,Cc1nc(-n2cnnn2)ccc1[C@@H](C)C(=O)N1CCN(CCc2ccc3c(c2C)COC3=O)CC1,1
Cn1c(CCCCN2CC3[C@@](C2)(C3)c2ccc(cc2)C(F)(F)F)nnc1c1ccc(nc1C)C(F)(F)F,0,Cc1nc(C(F)(F)F)ccc1-c1nnc(CCCCN2CC3C[C@]3(c3ccc(C(F)(F)F)cc3)C2)n1C,1
Cc1nc(c(s1)c1nnc(n1C)CCCCN1CC2[C@@](C1)(C2)c1ccc(cc1)C(F)(F)F)C,0,Cc1nc(C)c(-c2nnc(CCCCN3CC4C[C@]4(c4ccc(C(F)(F)F)cc4)C3)n2C)s1,1
Fc1ccc2c(c1)CCC12CCN(C1)CCCSc1nnc(n1C)c1sc(nc1C)C,0,Cc1nc(C)c(-c2nnc(SCCCN3CCC4(CCc5cc(F)ccc54)C3)n2C)s1,1
Cc1nc(c(o1)c1nnc(n1C)SCCCN1CC[C@@H]2[C@](CC1)(C2)c1ccc(cc1)C(F)(F)F)C,0,Cc1nc(C)c(-c2nnc(SCCCN3CC[C@H]4C[C@@]4(c4ccc(C(F)(F)F)cc4)CC3)n2C)o1,1
FC1CCC(C1)NCc1nc(n(c1C(C)C)c1cc(F)cc(c1)F)C,1,Cc1nc(CNC2CCC(F)C2)c(C(C)C)n1-c1cc(F)cc(F)c1,0
N#CC1(CC1)NC(=O)[C@@H]1CCCC[C@H]1C(=O)N1CCN(CC1)c1sc(c(n1)C)C,1,Cc1nc(N2CCN(C(=O)[C@@H]3CCCC[C@H]3C(=O)NC3(C#N)CC3)CC2)sc1C,0
O=C(NC1CN(C1)C1CCC(CC1)(O)c1cncs1)CNc1nc(C)nc2c1cc(cc2)C(F)(F)F,1,Cc1nc(NCC(=O)NC2CN(C3CCC(O)(c4cncs4)CC3)C2)c2cc(C(F)(F)F)ccc2n1,0
Fc1ccc(nc1)c1c[nH]c(n1)[C@H]1Cc2c3ccccc3[nH]c2[C@](N1)(c1noc(n1)C)c1cnn(c1)C,0,Cc1nc([C@@]2(c3cnn(C)c3)N[C@@H](c3nc(-c4ccc(F)cn4)c[nH]3)Cc3c2[nH]c2ccccc32)no1,1
Cc1onc(n1)[C@]1(N[C@H](Cc2c1[nH]c1c2cccc1)c1[nH]cc(n1)c1ccccn1)c1cnn(c1)C,0,Cc1nc([C@@]2(c3cnn(C)c3)N[C@@H](c3nc(-c4ccccn4)c[nH]3)Cc3c2[nH]c2ccccc32)no1,1
Cc1onc(n1)[C@@]1(N[C@H](Cc2c1[nH]c1c2cccc1)c1[nH]cc(n1)c1ccccc1)c1cnn(c1)C,0,Cc1nc([C@]2(c3cnn(C)c3)N[C@@H](c3nc(-c4ccccc4)c[nH]3)Cc3c2[nH]c2ccccc32)no1,1
Cc1onc(n1)[C@@]1(N[C@H](Cc2c1[nH]c1c2cccc1)c1[nH]cc(n1)c1ccccn1)c1cnn(c1)C,0,Cc1nc([C@]2(c3cnn(C)c3)N[C@@H](c3nc(-c4ccccn4)c[nH]3)Cc3c2[nH]c2ccccc32)no1,1
NCc1c(C)nc2c(c1c1ccc(cc1Cl)Cl)CN(C2=O)CC(=O)N(C)C,1,Cc1nc2c(c(-c3ccc(Cl)cc3Cl)c1CN)CN(CC(=O)N(C)C)C2=O,0
NCc1c(C)nc2c(c1c1ccc(cc1Cl)Cl)CN(C2=O)CC(=O)N1CCN(CC1)C,1,Cc1nc2c(c(-c3ccc(Cl)cc3Cl)c1CN)CN(CC(=O)N1CCN(C)CC1)C2=O,0
NCc1c(C)nc2c(c1c1ccc(cc1Cl)Cl)CN(C2=O)CC(=O)N1CCN(CC1)S(=O)(=O)C,1,Cc1nc2c(c(-c3ccc(Cl)cc3Cl)c1CN)CN(CC(=O)N1CCN(S(C)(=O)=O)CC1)C2=O,0
NCc1c(C)nc2c(c1c1ccc(cc1Cl)Cl)CN(C2=O)CC(=O)O,1,Cc1nc2c(c(-c3ccc(Cl)cc3Cl)c1CN)CN(CC(=O)O)C2=O,0
NCc1c(C)nc2c(c1c1ccc(cc1Cl)Cl)CN(C2=O)CC(=O)N,1,Cc1nc2c(c(-c3ccc(Cl)cc3Cl)c1CN)CN(CC(N)=O)C2=O,0
NCc1c(C)nc2c(c1c1ccc(cc1Cl)Cl)CN(C2=O)c1ccc(cc1)C#N,0,Cc1nc2c(c(-c3ccc(Cl)cc3Cl)c1CN)CN(c1ccc(C#N)cc1)C2=O,1
NCc1c(C)nc2c(c1c1ccc(cc1Cl)Cl)CN(C2=O)c1ccc(cc1)F,0,Cc1nc2c(c(-c3ccc(Cl)cc3Cl)c1CN)CN(c1ccc(F)cc1)C2=O,1
O=C(C1CCS(=O)(=O)CC1)N[C@H](c1ccc(cc1)F)CCN1[C@@H]2CC[C@@H]1C[C@@H](C2)n1c(C)nc2c1ccc(c2)F,1,Cc1nc2cc(F)ccc2n1C1C[C@H]2CC[C@H](C1)N2CC[C@H](NC(=O)C1CCS(=O)(=O)CC1)c1ccc(F)cc1,0
[O-][S@@+]1CC[C@H](CC1)C(=O)N[C@H](c1ccc(cc1)F)CCN1[C@@H]2CC[C@@H]1C[C@@H](C2)n1c(C)nc2c1ccc(c2)F,1,Cc1nc2cc(F)ccc2n1C1C[C@H]2CC[C@H](C1)N2CC[C@H](NC(=O)[C@H]1CC[S@@+]([O-])CC1)c1ccc(F)cc1,0
Fc1ccc(cc1)[C@@H](NC(=O)c1cc[n+](cc1)[O-])CCN1[C@@H]2CC[C@@H]1C[C@@H](C2)n1c(C)nc2c1ccc(c2)F,0,Cc1nc2cc(F)ccc2n1C1C[C@H]2CC[C@H](C1)N2CC[C@H](NC(=O)c1cc[n+]([O-])cc1)c1ccc(F)cc1,1
Fc1ccc(cc1)[C@@H](NC(=O)c1ccc(cc1)S(=O)(=O)C)CCN1[C@@H]2CC[C@@H]1C[C@@H](C2)n1c(C)nc2c1ccc(c2)F,0,Cc1nc2cc(F)ccc2n1C1C[C@H]2CC[C@H](C1)N2CC[C@H](NC(=O)c1ccc(S(C)(=O)=O)cc1)c1ccc(F)cc1,1
Fc1ccc(cc1)[C@@H](NC(=O)c1ccc[n+](c1)[O-])CCN1[C@@H]2CC[C@@H]1C[C@@H](C2)n1c(C)nc2c1ccc(c2)F,0,Cc1nc2cc(F)ccc2n1C1C[C@H]2CC[C@H](C1)N2CC[C@H](NC(=O)c1ccc[n+]([O-])c1)c1ccc(F)cc1,1
O=C(C1CCS(=O)(=O)CC1)N[C@H](c1ccc(cc1)F)CCN1[C@@H]2CC[C@@H]1C[C@@H](C2)n1c(C)nc2c1cc(F)cc2,1,Cc1nc2ccc(F)cc2n1C1C[C@H]2CC[C@H](C1)N2CC[C@H](NC(=O)C1CCS(=O)(=O)CC1)c1ccc(F)cc1,0
[O-][S@@+]1CC[C@H](CC1)C(=O)N[C@H](c1ccc(cc1)F)CCN1[C@@H]2CC[C@@H]1C[C@@H](C2)n1c(C)nc2c1cc(F)cc2,1,Cc1nc2ccc(F)cc2n1C1C[C@H]2CC[C@H](C1)N2CC[C@H](NC(=O)[C@H]1CC[S@@+]([O-])CC1)c1ccc(F)cc1,0
Fc1ccc(cc1)[C@@H](NC(=O)c1ccc(cc1)[S@+](C)[O-])CCN1[C@@H]2CC[C@@H]1C[C@@H](C2)n1c(C)nc2c1cc(F)cc2,0,Cc1nc2ccc(F)cc2n1C1C[C@H]2CC[C@H](C1)N2CC[C@H](NC(=O)c1ccc([S@+](C)[O-])cc1)c1ccc(F)cc1,1
Fc1ccc(cc1)[C@@H](NC(=O)c1ccc[n+](c1)[O-])CCN1[C@@H]2CC[C@@H]1C[C@@H](C2)n1c(C)nc2c1cc(F)cc2,1,Cc1nc2ccc(F)cc2n1C1C[C@H]2CC[C@H](C1)N2CC[C@H](NC(=O)c1ccc[n+]([O-])c1)c1ccc(F)cc1,0
Clc1ccc(c(c1)F)Oc1ccc2c(n1)c(=O)n(c(n2)C)CC1CCCN(C1)C(C)C,0,Cc1nc2ccc(Oc3ccc(Cl)cc3F)nc2c(=O)n1CC1CCCN(C(C)C)C1,1
CC(N1CCCC(C1)Cn1c(C)nc2c(c1=O)nc(cc2)Oc1ccc(c2c1nccc2)F)C,0,Cc1nc2ccc(Oc3ccc(F)c4cccnc34)nc2c(=O)n1CC1CCCN(C(C)C)C1,1
Fc1ccc(cc1)Oc1ccc2c(n1)c(=O)n(c(n2)C)CC1CCCN(C1)C(C)C,0,Cc1nc2ccc(Oc3ccc(F)cc3)nc2c(=O)n1CC1CCCN(C(C)C)C1,1
Cc1nc2ccccc2c(=O)n1c1ccc(cc1)OC1CCC(CC1)N1CCCC1,0,Cc1nc2ccccc2c(=O)n1-c1ccc(OC2CCC(N3CCCC3)CC2)cc1,1
CC1CCCN(C1)CCCOc1ccc(cc1)n1c(C)nc2c(c1=O)cccc2,0,Cc1nc2ccccc2c(=O)n1-c1ccc(OCCCN2CCCC(C)C2)cc1,1
CC1CCCN1CCCOc1ccc(cc1)n1c(C)nc2c(c1=O)cccc2,0,Cc1nc2ccccc2c(=O)n1-c1ccc(OCCCN2CCCC2C)cc1,1
Fc1cccc(c1)C1(CCN2[C@@H]3CC[C@@H]2C[C@@H](C3)n2c(C)nc3c2cccc3)CCN(CC1)C(=O)C(C(=O)O)(C)C,1,Cc1nc2ccccc2n1C1C[C@H]2CC[C@H](C1)N2CCC1(c2cccc(F)c2)CCN(C(=O)C(C)(C)C(=O)O)CC1,0
Fc1cccc(c1)C1(CCN2[C@@H]3CC[C@@H]2C[C@@H](C3)n2c(C)nc3c2cccc3)CCN(CC1)C(=O)C(C)(C)C,0,Cc1nc2ccccc2n1C1C[C@H]2CC[C@H](C1)N2CCC1(c2cccc(F)c2)CCN(C(=O)C(C)(C)C)CC1,1
Fc1cccc(c1)C1(CCN2[C@@H]3CC[C@@H]2C[C@@H](C3)n2c(C)nc3c2cccc3)CCN(CC1)C(=O)c1c(Cl)ccc(c1Cl)S(=O)(=O)N,1,Cc1nc2ccccc2n1C1C[C@H]2CC[C@H](C1)N2CCC1(c2cccc(F)c2)CCN(C(=O)c2c(Cl)ccc(S(N)(=O)=O)c2Cl)CC1,0
Fc1cccc(c1)C1(CCN2[C@@H]3CC[C@@H]2C[C@@H](C3)n2c(C)nc3c2cccc3)CCN(CC1)C(=O)c1cc(NS(=O)(=O)C(C)C)c(cc1F)F,0,Cc1nc2ccccc2n1C1C[C@H]2CC[C@H](C1)N2CCC1(c2cccc(F)c2)CCN(C(=O)c2cc(NS(=O)(=O)C(C)C)c(F)cc2F)CC1,1
Fc1cccc(c1)C1(CCN2[C@@H]3CC[C@@H]2C[C@@H](C3)n2c(C)nc3c2cccc3)CCN(CC1)C(=O)c1cc(NS(=O)(=O)C)c(cc1Cl)F,1,Cc1nc2ccccc2n1C1C[C@H]2CC[C@H](C1)N2CCC1(c2cccc(F)c2)CCN(C(=O)c2cc(NS(C)(=O)=O)c(F)cc2Cl)CC1,0
Fc1cccc(c1)C1(CCN2[C@@H]3CC[C@@H]2C[C@@H](C3)n2c(C)nc3c2cccc3)CCN(CC1)C(=O)c1cc(NS(=O)(=O)C)c(cc1F)F,1,Cc1nc2ccccc2n1C1C[C@H]2CC[C@H](C1)N2CCC1(c2cccc(F)c2)CCN(C(=O)c2cc(NS(C)(=O)=O)c(F)cc2F)CC1,0
CC(NS(=O)(=O)c1cc(c(cc1F)Cl)C(=O)N1CCC(CC1)(CCN1[C@@H]2CC[C@@H]1C[C@@H](C2)n1c(C)nc2c1cccc2)c1cccc(c1)F)C,1,Cc1nc2ccccc2n1C1C[C@H]2CC[C@H](C1)N2CCC1(c2cccc(F)c2)CCN(C(=O)c2cc(S(=O)(=O)NC(C)C)c(F)cc2Cl)CC1,0
Fc1cccc(c1)C1(CCN(CC1)C(=O)c1cc(c(cc1Cl)F)S(=O)(=O)NCC(F)(F)F)CCN1[C@@H]2CC[C@@H]1C[C@@H](C2)n1c(C)nc2c1cccc2,0,Cc1nc2ccccc2n1C1C[C@H]2CC[C@H](C1)N2CCC1(c2cccc(F)c2)CCN(C(=O)c2cc(S(=O)(=O)NCC(F)(F)F)c(F)cc2Cl)CC1,1
Fc1cccc(c1)C1(CCN2[C@@H]3CC[C@@H]2C[C@@H](C3)n2c(C)nc3c2cccc3)CCN(CC1)C(=O)c1cc(c(cc1Cl)F)S(=O)(=O)N,1,Cc1nc2ccccc2n1C1C[C@H]2CC[C@H](C1)N2CCC1(c2cccc(F)c2)CCN(C(=O)c2cc(S(N)(=O)=O)c(F)cc2Cl)CC1,0
Fc1cccc(c1)C1(CCN2[C@@H]3CC[C@@H]2C[C@@H](C3)n2c(C)nc3c2cccc3)CCN(CC1)C(=O)c1cc(ccc1Cl)S(=O)(=O)N,1,Cc1nc2ccccc2n1C1C[C@H]2CC[C@H](C1)N2CCC1(c2cccc(F)c2)CCN(C(=O)c2cc(S(N)(=O)=O)ccc2Cl)CC1,0
Fc1cccc(c1)C1(CCN2[C@@H]3CC[C@@H]2C[C@@H](C3)n2c(C)nc3c2cccc3)CCN(CC1)C(=O)c1cc(ccc1F)S(=O)(=O)N,1,Cc1nc2ccccc2n1C1C[C@H]2CC[C@H](C1)N2CCC1(c2cccc(F)c2)CCN(C(=O)c2cc(S(N)(=O)=O)ccc2F)CC1,0
Fc1cccc(c1)C1(CCN2[C@@H]3CC[C@@H]2C[C@@H](C3)n2c(C)nc3c2cccc3)CCN(CC1)C(=O)c1ccc(c(c1)S(=O)(=O)N)Cl,1,Cc1nc2ccccc2n1C1C[C@H]2CC[C@H](C1)N2CCC1(c2cccc(F)c2)CCN(C(=O)c2ccc(Cl)c(S(N)(=O)=O)c2)CC1,0
Fc1cccc(c1)C1(CCN2[C@@H]3CC[C@@H]2C[C@@H](C3)n2c(C)nc3c2cccc3)CCN(CC1)C(=O)c1ccc(c(c1F)NS(=O)(=O)C)F,1,Cc1nc2ccccc2n1C1C[C@H]2CC[C@H](C1)N2CCC1(c2cccc(F)c2)CCN(C(=O)c2ccc(F)c(NS(C)(=O)=O)c2F)CC1,0
Fc1cccc(c1)C1(CCN2[C@@H]3CC[C@@H]2C[C@@H](C3)n2c(C)nc3c2cccc3)CCN(CC1)C(=O)c1ccc(cc1Cl)NS(=O)(=O)C,0,Cc1nc2ccccc2n1C1C[C@H]2CC[C@H](C1)N2CCC1(c2cccc(F)c2)CCN(C(=O)c2ccc(NS(C)(=O)=O)cc2Cl)CC1,1
O=C(C(C)(C)C)N1CCC(CC1)(CCN1[C@@H]2CC[C@@H]1C[C@@H](C2)n1c(C)nc2c1cccc2)c1ccccc1,0,Cc1nc2ccccc2n1C1C[C@H]2CC[C@H](C1)N2CCC1(c2ccccc2)CCN(C(=O)C(C)(C)C)CC1,1
OCC(C(=O)N1CCC(CC1)(CCN1[C@@H]2CC[C@@H]1C[C@@H](C2)n1c(C)nc2c1cccc2)c1ccccc1)(C)C,0,Cc1nc2ccccc2n1C1C[C@H]2CC[C@H](C1)N2CCC1(c2ccccc2)CCN(C(=O)C(C)(C)CO)CC1,1
O=C(C(NS(=O)(=O)C)(C)C)N1CCC(CC1)(CCN1[C@@H]2CC[C@@H]1C[C@@H](C2)n1c(C)nc2c1cccc2)c1ccccc1,1,Cc1nc2ccccc2n1C1C[C@H]2CC[C@H](C1)N2CCC1(c2ccccc2)CCN(C(=O)C(C)(C)NS(C)(=O)=O)CC1,0
O=C(c1ccc(cc1)S(=O)(=O)N)N1CCC(CC1)(CCN1[C@@H]2CC[C@@H]1C[C@@H](C2)n1c(C)nc2c1cccc2)c1ccccc1,1,Cc1nc2ccccc2n1C1C[C@H]2CC[C@H](C1)N2CCC1(c2ccccc2)CCN(C(=O)c2ccc(S(N)(=O)=O)cc2)CC1,0
ONC(=O)c1cccc(c1)C(=O)N1CCC(CC1)(CCN1[C@@H]2CC[C@@H]1C[C@@H](C2)n1c(C)nc2c1cccc2)c1ccccc1,1,Cc1nc2ccccc2n1C1C[C@H]2CC[C@H](C1)N2CCC1(c2ccccc2)CCN(C(=O)c2cccc(C(=O)NO)c2)CC1,0
O=C(c1cccc(c1)C(=O)O)N1CCC(CC1)(CCN1[C@@H]2CC[C@@H]1C[C@@H](C2)n1c(C)nc2c1cccc2)c1ccccc1,1,Cc1nc2ccccc2n1C1C[C@H]2CC[C@H](C1)N2CCC1(c2ccccc2)CCN(C(=O)c2cccc(C(=O)O)c2)CC1,0
O=C(c1cccc(c1)C(=O)N)N1CCC(CC1)(CCN1[C@@H]2CC[C@@H]1C[C@@H](C2)n1c(C)nc2c1cccc2)c1ccccc1,1,Cc1nc2ccccc2n1C1C[C@H]2CC[C@H](C1)N2CCC1(c2ccccc2)CCN(C(=O)c2cccc(C(N)=O)c2)CC1,0
O=C(c1cccc(c1)S(=O)(=O)N(C)C)N1CCC(CC1)(CCN1[C@@H]2CC[C@@H]1C[C@@H](C2)n1c(C)nc2c1cccc2)c1ccccc1,0,Cc1nc2ccccc2n1C1C[C@H]2CC[C@H](C1)N2CCC1(c2ccccc2)CCN(C(=O)c2cccc(S(=O)(=O)N(C)C)c2)CC1,1
O=C(c1cccc(c1)S(=O)(=O)N)N1CCC(CC1)(CCN1[C@@H]2CC[C@@H]1C[C@@H](C2)n1c(C)nc2c1cccc2)c1ccccc1,1,Cc1nc2ccccc2n1C1C[C@H]2CC[C@H](C1)N2CCC1(c2ccccc2)CCN(C(=O)c2cccc(S(N)(=O)=O)c2)CC1,0
O=C(c1ccccc1)N1CCC(CC1)(CCN1[C@@H]2CC[C@@H]1C[C@@H](C2)n1c(C)nc2c1cccc2)c1ccccc1,0,Cc1nc2ccccc2n1C1C[C@H]2CC[C@H](C1)N2CCC1(c2ccccc2)CCN(C(=O)c2ccccc2)CC1,1
OC(=O)c1ccccc1C(=O)N1CCC(CC1)(CCN1[C@@H]2CC[C@@H]1C[C@@H](C2)n1c(C)nc2c1cccc2)c1ccccc1,1,Cc1nc2ccccc2n1C1C[C@H]2CC[C@H](C1)N2CCC1(c2ccccc2)CCN(C(=O)c2ccccc2C(=O)O)CC1,0
O=C(C1CCS(=O)(=O)CC1)N[C@H](c1ccc(cc1)F)CCN1[C@@H]2CC[C@@H]1C[C@@H](C2)n1c(C)nc2c1cccc2,1,Cc1nc2ccccc2n1C1C[C@H]2CC[C@H](C1)N2CC[C@H](NC(=O)C1CCS(=O)(=O)CC1)c1ccc(F)cc1,0
[O-][S@@+]1CC[C@H](CC1)C(=O)N[C@H](c1ccc(cc1)F)CCN1[C@@H]2CC[C@@H]1C[C@@H](C2)n1c(C)nc2c1cccc2,1,Cc1nc2ccccc2n1C1C[C@H]2CC[C@H](C1)N2CC[C@H](NC(=O)[C@H]1CC[S@@+]([O-])CC1)c1ccc(F)cc1,0
Fc1ccc(cc1)[C@@H](NC(=O)c1cc[n+](cc1)[O-])CCN1[C@@H]2CC[C@@H]1C[C@@H](C2)n1c(C)nc2c1cccc2,0,Cc1nc2ccccc2n1C1C[C@H]2CC[C@H](C1)N2CC[C@H](NC(=O)c1cc[n+]([O-])cc1)c1ccc(F)cc1,1
Fc1ccc(cc1)[C@@H](NC(=O)c1ccc(cc1)S(=O)(=O)C)CCN1[C@@H]2CC[C@@H]1C[C@@H](C2)n1c(C)nc2c1cccc2,0,Cc1nc2ccccc2n1C1C[C@H]2CC[C@H](C1)N2CC[C@H](NC(=O)c1ccc(S(C)(=O)=O)cc1)c1ccc(F)cc1,1
Fc1ccc(cc1)[C@@H](NC(=O)c1ccc[n+](c1)[O-])CCN1[C@@H]2CC[C@@H]1C[C@@H](C2)n1c(C)nc2c1cccc2,0,Cc1nc2ccccc2n1C1C[C@H]2CC[C@H](C1)N2CC[C@H](NC(=O)c1ccc[n+]([O-])c1)c1ccc(F)cc1,1
Fc1ccc(cc1)[C@@H](NC(=O)c1ccc(cc1)S(=O)(=O)C)CCN1[C@@H]2CC[C@@H]1C[C@@H](C2)n1c(C)nc2c1cncc2,0,Cc1nc2ccncc2n1C1C[C@H]2CC[C@H](C1)N2CC[C@H](NC(=O)c1ccc(S(C)(=O)=O)cc1)c1ccc(F)cc1,1
Fc1ccc(cc1)[C@@H](NC(=O)c1ccc(cc1)[S@+](C)[O-])CCN1[C@@H]2CC[C@@H]1C[C@@H](C2)n1c(C)nc2c1cncc2,1,Cc1nc2ccncc2n1C1C[C@H]2CC[C@H](C1)N2CC[C@H](NC(=O)c1ccc([S@+](C)[O-])cc1)c1ccc(F)cc1,0
Clc1ccc(c(c1)F)Oc1ncc2c(c1)c(=O)n(c(n2)C)CC1CCCN(C1)C(C)C,0,Cc1nc2cnc(Oc3ccc(Cl)cc3F)cc2c(=O)n1CC1CCCN(C(C)C)C1,1
CC(N1CCCC(C1)Cn1c(C)nc2c(c1=O)cc(nc2)Oc1ccc(c2c1nccc2)F)C,0,Cc1nc2cnc(Oc3ccc(F)c4cccnc34)cc2c(=O)n1CC1CCCN(C(C)C)C1,1
Fc1ccc(cc1)Oc1ncc2c(c1)c(=O)n(c(n2)C)CC1CCCN(C1)C(C)C,0,Cc1nc2cnc(Oc3ccc(F)cc3)cc2c(=O)n1CC1CCCN(C(C)C)C1,1
CC(N1CCCC(C1)Cn1c(C)nc2c(c1=O)cc(nc2)Oc1cccc2c1nccc2)C,1,Cc1nc2cnc(Oc3cccc4cccnc34)cc2c(=O)n1CC1CCCN(C(C)C)C1,0
OC1CCc2n(C1)c(=O)c(c(n2)C)CCN1CCC(CC1)c1noc2c1ccc(c2)F,0,Cc1nc2n(c(=O)c1CCN1CCC(c3noc4cc(F)ccc34)CC1)CC(O)CC2,1
Clc1ccc(c(c1)F)Oc1cnc2c(n1)c(=O)n(c(n2)C)CC1CCCN(C1)C(C)C,1,Cc1nc2ncc(Oc3ccc(Cl)cc3F)nc2c(=O)n1CC1CCCN(C(C)C)C1,0
Fc1ccc(cc1)Oc1cnc2c(c1)c(=O)n(c(n2)C)CC1CCCN(C1)C(C)C,0,Cc1nc2ncc(Oc3ccc(F)cc3)cc2c(=O)n1CC1CCCN(C(C)C)C1,1
Fc1ccc(cc1)Oc1cnc2c(n1)c(=O)n(c(n2)C)CC1CCCN(C1)C(C)C,1,Cc1nc2ncc(Oc3ccc(F)cc3)nc2c(=O)n1CC1CCCN(C(C)C)C1,0
c1cc2c(c3c(CCN(C3=O)Cc3c(nc[nH]3)C)n2C)cc1,0,Cc1nc[nH]c1CN1CCc2c(c3ccccc3n2C)C1=O,1
FC1CCC(C1)NCc1nn(c(c1C)c1cnc(c(c1)F)C)c1ncccc1Cl,1,Cc1ncc(-c2c(C)c(CNC3CCC(F)C3)nn2-c2ncccc2Cl)cc1F,0
Cc1ncc(cn1)c1cccc2c1CC(CO2)NC(=O)c1ccc(nc1)OCC(F)(F)F,0,Cc1ncc(-c2cccc3c2CC(NC(=O)c2ccc(OCC(F)(F)F)nc2)CO3)cn1,1
CC(C(=O)N1CCN(CC1)c1ccc(cc1)Nc1nccc(n1)c1cnc(n1C(C)C)C)O,1,Cc1ncc(-c2ccnc(Nc3ccc(N4CCN(C(=O)C(C)O)CC4)cc3)n2)n1C(C)C,0
CC(n1c(C)ncc1c1ccnc(n1)Nc1ccc(cc1)N1CCN(CC1)S(=O)(=O)C)C,0,Cc1ncc(-c2ccnc(Nc3ccc(N4CCN(S(C)(=O)=O)CC4)cc3)n2)n1C(C)C,1
CN(C(=O)c1ccc(cc1)Nc1ncc(c(n1)c1cnc(n1C(C)C)C)F)C,1,Cc1ncc(-c2nc(Nc3ccc(C(=O)N(C)C)cc3)ncc2F)n1C(C)C,0
CN(C1CCN(C1)C(=O)c1ccc(cc1)Nc1ncc(c(n1)c1cnc(n1C(C)C)C)F)C,1,Cc1ncc(-c2nc(Nc3ccc(C(=O)N4CCC(N(C)C)C4)cc3)ncc2F)n1C(C)C,0
CN(CCNC(=O)c1ccc(cc1)Nc1ncc(c(n1)c1cnc(n1C(C)C)C)F)C,1,Cc1ncc(-c2nc(Nc3ccc(C(=O)NCCN(C)C)cc3)ncc2F)n1C(C)C,0
Cc1ncc(s1)c1nnc(n1C)CCCCN1CC2[C@@](C1)(C2)c1ccc(cc1)C(F)(F)F,0,Cc1ncc(-c2nnc(CCCCN3CC4C[C@]4(c4ccc(C(F)(F)F)cc4)C3)n2C)s1,1
O=C(NC1CN(C1)C1CCC(CC1)(O)c1cnc(s1)C)CNc1ncnc2c1cc(cc2)C(F)(F)F,1,Cc1ncc(C2(O)CCC(N3CC(NC(=O)CNc4ncnc5ccc(C(F)(F)F)cc45)C3)CC2)s1,0
O=C1C=CC2(C(N1C)CCC1C2CCC2(C1CC(=Cc1cnc(nc1)C)C2O)C)C,1,Cc1ncc(C=C2CC3C4CCC5N(C)C(=O)C=CC5(C)C4CCC3(C)C2O)cn1,0
Clc1ccc2c(c1)C(=NCc1n2c(C)nc1)c1ccccc1F,1,Cc1ncc2n1-c1ccc(Cl)cc1C(c1ccccc1F)=NC2,0
Cn1c(CCCCN2CC3[C@@](C2)(C3)c2ccc(cc2)C(F)(F)F)nnc1c1cccnc1C,0,Cc1ncccc1-c1nnc(CCCCN2CC3C[C@]3(c3ccc(C(F)(F)F)cc3)C2)n1C,1
Cn1c(SCCCN2C[C@@H]3[C@](C2)(C3)c2ccc(cc2)C(F)(F)F)nnc1c1cccnc1C,0,Cc1ncccc1-c1nnc(SCCCN2C[C@H]3C[C@@]3(c3ccc(C(F)(F)F)cc3)C2)n1C,1
N#Cc1ccc(cc1)Cn1cncc1CNC1CCN(C1)C(=O)c1cccnc1C,1,Cc1ncccc1C(=O)N1CCC(NCc2cncn2Cc2ccc(C#N)cc2)C1,0
O=C1OC2(CN1c1cccnc1C)CCC(CC2)c1nc2c([nH]1)cc(cc2)OC(F)(F)F,1,Cc1ncccc1N1CC2(CCC(c3nc4ccc(OC(F)(F)F)cc4[nH]3)CC2)OC1=O,0
Cc1nccn1c1ncnc(c1)N1CCC(CC1)CCNS(=O)(=O)N,1,Cc1nccn1-c1cc(N2CCC(CCNS(N)(=O)=O)CC2)ncn1,0
Cc1nccn1c1ncnc(c1)N1CCC(CC1)CNS(=O)(=O)N,1,Cc1nccn1-c1cc(N2CCC(CNS(N)(=O)=O)CC2)ncn1,0
Cn1c(SCCCN2C3CCC2CC(C3)c2ccc(cc2)C(F)(F)F)nnc1c1ocnc1C,0,Cc1ncoc1-c1nnc(SCCCN2C3CCC2CC(c2ccc(C(F)(F)F)cc2)C3)n1C,1
Fc1cc(ccc1C1CC2CCC(C1)N2CCCSc1nnc(n1C)c1ocnc1C)C(F)(F)F,0,Cc1ncoc1-c1nnc(SCCCN2C3CCC2CC(c2ccc(C(F)(F)F)cc2F)C3)n1C,1
Cn1c(SCCCN2C3CCC2CC(C3)c2cccc(c2)C(F)(F)F)nnc1c1ocnc1C,0,Cc1ncoc1-c1nnc(SCCCN2C3CCC2CC(c2cccc(C(F)(F)F)c2)C3)n1C,1
Fc1cccc(c1N1CCC2C1CN(C2)CCCSc1nnc(n1C)c1ocnc1C)F,0,Cc1ncoc1-c1nnc(SCCCN2CC3CCN(c4c(F)cccc4F)C3C2)n1C,1
Clc1cc(Cl)cc(c1)N1CCC2C1CN(C2)CCCSc1nnc(n1C)c1ocnc1C,0,Cc1ncoc1-c1nnc(SCCCN2CC3CCN(c4cc(Cl)cc(Cl)c4)C3C2)n1C,1
Cc1ncoc1c1nnc(n1C)SCCCN1CC2C(C1)N(CC2)c1ccc(cc1)C(F)(F)F,0,Cc1ncoc1-c1nnc(SCCCN2CC3CCN(c4ccc(C(F)(F)F)cc4)C3C2)n1C,1
Clc1ccc(c(c1)Cl)N1CCC2C1CN(C2)CCCSc1nnc(n1C)c1ocnc1C,0,Cc1ncoc1-c1nnc(SCCCN2CC3CCN(c4ccc(Cl)cc4Cl)C3C2)n1C,1
Fc1ccc(cc1)N1CCC2C1CN(C2)CCCSc1nnc(n1C)c1ocnc1C,0,Cc1ncoc1-c1nnc(SCCCN2CC3CCN(c4ccc(F)cc4)C3C2)n1C,1
Cc1ncoc1c1nnc(n1C)SCCCN1CC2C(C1)N(CC2)c1ccc(cc1)OC(F)(F)F,0,Cc1ncoc1-c1nnc(SCCCN2CC3CCN(c4ccc(OC(F)(F)F)cc4)C3C2)n1C,1
N#Cc1cccc(c1)N1CCC2C1CN(C2)CCCSc1nnc(n1C)c1ocnc1C,0,Cc1ncoc1-c1nnc(SCCCN2CC3CCN(c4cccc(C#N)c4)C3C2)n1C,1
Fc1cccc(c1)N1CCC2C1CN(C2)CCCSc1nnc(n1C)c1ocnc1C,0,Cc1ncoc1-c1nnc(SCCCN2CC3CCN(c4cccc(F)c4)C3C2)n1C,1
Cc1ncoc1c1nnc(n1C)SCCCN1CC2C(C1)N(CC2)c1ccccc1,0,Cc1ncoc1-c1nnc(SCCCN2CC3CCN(c4ccccc4)C3C2)n1C,1
Cc1ncoc1c1nnc(n1C)SCCCN1CC2C(C1)N(CC2)c1ccccc1OC(F)(F)F,0,Cc1ncoc1-c1nnc(SCCCN2CC3CCN(c4ccccc4OC(F)(F)F)C3C2)n1C,1
Cc1ncoc1c1nnc(n1C)SCCCN1CC[C@@H]2[C@](CC1)(C2)c1ccc(cc1)C(F)(F)F,0,Cc1ncoc1-c1nnc(SCCCN2CC[C@H]3C[C@@]3(c3ccc(C(F)(F)F)cc3)CC2)n1C,1
Cn1c(SCCCN2CC[C@]3([C@@H](C2)C3)c2ccc(cc2)C(F)(F)F)nnc1c1ocnc1C,0,Cc1ncoc1-c1nnc(SCCCN2CC[C@]3(c4ccc(C(F)(F)F)cc4)C[C@@H]3C2)n1C,1
Cn1c(SCCCN2CC[C@]3([C@@H](C2)C3)c2cccc(c2)C(F)(F)F)nnc1c1ocnc1C,0,Cc1ncoc1-c1nnc(SCCCN2CC[C@]3(c4cccc(C(F)(F)F)c4)C[C@@H]3C2)n1C,1
Cn1c(SCCCN2CC[C@]3([C@@H](C2)C3)c2ccccc2)nnc1c1ocnc1C,0,Cc1ncoc1-c1nnc(SCCCN2CC[C@]3(c4ccccc4)C[C@@H]3C2)n1C,1
Fc1cc(cc(c1)C(F)(F)F)[C@@]12CN(C[C@H]2C1)CCCSc1nnc(n1C)c1ocnc1C,0,Cc1ncoc1-c1nnc(SCCCN2C[C@H]3C[C@@]3(c3cc(F)cc(C(F)(F)F)c3)C2)n1C,1
Brc1ccc(cc1)[C@@]12CN(C[C@H]2C1)CCCSc1nnc(n1C)c1ocnc1C,0,Cc1ncoc1-c1nnc(SCCCN2C[C@H]3C[C@@]3(c3ccc(Br)cc3)C2)n1C,1
Cn1c(SCCCN2C[C@@H]3[C@](C2)(C3)c2ccc(c(c2)F)C(F)(F)F)nnc1c1ocnc1C,0,Cc1ncoc1-c1nnc(SCCCN2C[C@H]3C[C@@]3(c3ccc(C(F)(F)F)c(F)c3)C2)n1C,1
Fc1cc(ccc1[C@@]12CN(C[C@H]2C1)CCCSc1nnc(n1C)c1ocnc1C)C(F)(F)F,0,Cc1ncoc1-c1nnc(SCCCN2C[C@H]3C[C@@]3(c3ccc(C(F)(F)F)cc3F)C2)n1C,1
Cn1c(SCCCN2C[C@@H]3[C@](C2)(C3)c2ccc(c(c2)Cl)Cl)nnc1c1ocnc1C,0,Cc1ncoc1-c1nnc(SCCCN2C[C@H]3C[C@@]3(c3ccc(Cl)c(Cl)c3)C2)n1C,1
Clc1ccc(cc1)[C@@]12CN(C[C@H]2C1)CCCSc1nnc(n1C)c1ocnc1C,0,Cc1ncoc1-c1nnc(SCCCN2C[C@H]3C[C@@]3(c3ccc(Cl)cc3)C2)n1C,1
Clc1ccc(c(c1)F)[C@@]12CN(C[C@H]2C1)CCCSc1nnc(n1C)c1ocnc1C,0,Cc1ncoc1-c1nnc(SCCCN2C[C@H]3C[C@@]3(c3ccc(Cl)cc3F)C2)n1C,1
Fc1ccc(cc1)[C@@]12CN(C[C@H]2C1)CCCSc1nnc(n1C)c1ocnc1C,0,Cc1ncoc1-c1nnc(SCCCN2C[C@H]3C[C@@]3(c3ccc(F)cc3)C2)n1C,1
Cn1c(SCCCN2C[C@@H]3[C@](C2)(C3)c2ccc(cc2)OC(F)(F)F)nnc1c1ocnc1C,0,Cc1ncoc1-c1nnc(SCCCN2C[C@H]3C[C@@]3(c3ccc(OC(F)(F)F)cc3)C2)n1C,1
Cn1c(SCCCN2C[C@@H]3[C@](C2)(C3)c2cccc(c2)C(F)(F)F)nnc1c1ocnc1C,0,Cc1ncoc1-c1nnc(SCCCN2C[C@H]3C[C@@]3(c3cccc(C(F)(F)F)c3)C2)n1C,1
Cn1c(SCCCN2C[C@@H]3[C@](C2)(C3)c2cccc(c2F)C(F)(F)F)nnc1c1ocnc1C,0,Cc1ncoc1-c1nnc(SCCCN2C[C@H]3C[C@@]3(c3cccc(C(F)(F)F)c3F)C2)n1C,1
Clc1cccc(c1)[C@@]12CN(C[C@H]2C1)CCCSc1nnc(n1C)c1ocnc1C,0,Cc1ncoc1-c1nnc(SCCCN2C[C@H]3C[C@@]3(c3cccc(Cl)c3)C2)n1C,1
Fc1cccc(c1)[C@@]12CN(C[C@H]2C1)CCCSc1nnc(n1C)c1ocnc1C,0,Cc1ncoc1-c1nnc(SCCCN2C[C@H]3C[C@@]3(c3cccc(F)c3)C2)n1C,1
Cn1c(SCCCN2C[C@@H]3[C@](C2)(C3)c2cccc(c2)OC(F)(F)F)nnc1c1ocnc1C,0,Cc1ncoc1-c1nnc(SCCCN2C[C@H]3C[C@@]3(c3cccc(OC(F)(F)F)c3)C2)n1C,1
Cn1c(SCCCN2C[C@@H]3[C@](C2)(C3)c2ccccc2)nnc1c1ocnc1C,0,Cc1ncoc1-c1nnc(SCCCN2C[C@H]3C[C@@]3(c3ccccc3)C2)n1C,1
Cn1c(SCCCN2C[C@@H]3[C@](C2)(C3)c2ccccc2C(F)(F)F)nnc1c1ocnc1C,0,Cc1ncoc1-c1nnc(SCCCN2C[C@H]3C[C@@]3(c3ccccc3C(F)(F)F)C2)n1C,1
Cn1c(CCCCN2CC3[C@@](C2)(C3)c2ccc(cc2)C(F)(F)F)nnc1c1scnc1C,0,Cc1ncsc1-c1nnc(CCCCN2CC3C[C@]3(c3ccc(C(F)(F)F)cc3)C2)n1C,1
CN1CCN(CC1)c1cccc2c1CC(CO2)NC(=O)c1nn(nc1C)c1ccccc1,0,Cc1nn(-c2ccccc2)nc1C(=O)NC1COc2cccc(N3CCN(C)CC3)c2C1,1
CC1NCCN(C1)c1nc(Nc2ccncn2)c2c(n1)c(C)nn2CCOCC(F)(F)F,0,Cc1nn(CCOCC(F)(F)F)c2c(Nc3ccncn3)nc(N3CCNC(C)C3)nc12,1
ONC(=O)C=Cc1ccc(cc1)CN(C(C)C)CCc1c(C)nn2c1cccc2,1,Cc1nn2ccccc2c1CCN(Cc1ccc(C=CC(=O)NO)cc1)C(C)C,0
Cc1nnc([nH]1)c1cc(cc(c1)C(F)(F)F)S(=O)(=O)N1CCN(CC1)C(=O)C1CC1c1ccc(cc1)C(F)(F)F,0,Cc1nnc(-c2cc(C(F)(F)F)cc(S(=O)(=O)N3CCN(C(=O)C4CC4c4ccc(C(F)(F)F)cc4)CC3)c2)[nH]1,1
Cc4nnc(c3ccc(CN2C[C@H](N)C(C(=O)N1CCC[C@H]1C#N)C2)cc3)o4,1,Cc1nnc(-c2ccc(CN3CC(C(=O)N4CCC[C@H]4C#N)[C@@H](N)C3)cc2)o1,0
CC(N1CCC(CC1)n1c(C)nnc1C(C)C)CC(c1ccccc1)NC(=O)C1CC(C1)(F)F,0,Cc1nnc(C(C)C)n1C1CCN(C(C)CC(NC(=O)C2CC(F)(F)C2)c2ccccc2)CC1,1
CC(N1CCC(CC1)n1c(C)nnc1C(C)C)CC(c1ccccc1)NC(=O)C1CCC1,0,Cc1nnc(C(C)C)n1C1CCN(C(C)CC(NC(=O)C2CCC2)c2ccccc2)CC1,1
CC(N1CCC(CC1)n1c(C)nnc1C)CC(c1ccccc1)NC(=O)C1CCC1,0,Cc1nnc(C)n1C1CCN(C(C)CC(NC(=O)C2CCC2)c2ccccc2)CC1,1
FC1CCN(C1)c1nnc(c2c1nn(c2C)c1ccc(cc1)OCC(F)(F)F)C,0,Cc1nnc(N2CCC(F)C2)c2nn(-c3ccc(OCC(F)(F)F)cc3)c(C)c12,1
Cc1nnc2n1ccc1c2cc(c(n1)c1ccc(cc1)CN1CCC(CC1)c1nnc([nH]1)c1ccccn1)c1ccccc1,0,Cc1nnc2c3cc(-c4ccccc4)c(-c4ccc(CN5CCC(c6nnc(-c7ccccn7)[nH]6)CC5)cc4)nc3ccn12,1
NC1CN(CCC1c1cc(F)c(cc1F)F)c1ccc2n(n1)c(C)nn2,1,Cc1nnc2ccc(N3CCC(c4cc(F)c(F)cc4F)C(N)C3)nn12,0
CC1=NN=C2N1C3=C(C=C(C=C3)Cl)C(=NC2)C4=CC=CC=C4Cl,1,Cc1nnc2n1-c1ccc(Cl)cc1C(c1ccccc1Cl)=NC2,0
ONC(=O)C=Cc1ccc(cc1)CNCCc1c([nH]c2c1cccc2)c1c(C)noc1C,1,Cc1noc(C)c1-c1[nH]c2ccccc2c1CCNCc1ccc(C=CC(=O)NO)cc1,0
O=CN(C(CS(=O)(=O)N1CCC(CC1)CCc1c(C)noc1C)(CC(c1ncc(cn1)F)C)C)O,1,Cc1noc(C)c1CCC1CCN(S(=O)(=O)CC(C)(CC(C)c2ncc(F)cn2)N(O)C=O)CC1,0
O=C(C1CNCCC1(O)c1ccc(c(c1)F)F)N(C1CC1)Cc1cn(c2c1c(F)ccc2)Cc1c(C)noc1C,0,Cc1noc(C)c1Cn1cc(CN(C(=O)C2CNCCC2(O)c2ccc(F)c(F)c2)C2CC2)c2c(F)cccc21,1
CC1Sc2c(C(=O)O)c(=O)c3cc(F)c(cc3n12)N4CCN(Cc5oc(=O)oc5C)CC4,1,Cc1oc(=O)oc1CN1CCN(c2cc3c(cc2F)c(=O)c(C(=O)O)c2n3C(C)S2)CC1,0
N[C@@H](Cc1c[nH]c2c1cccc2)COc1cc(c2cnc3c(n2)[nH]nc3C)c(nc1N)c1ccoc1C,1,Cc1occc1-c1nc(N)c(OC[C@@H](N)Cc2c[nH]c3ccccc23)cc1-c1cnc2c(C)n[nH]c2n1,0
N[C@@H](Cc1c[nH]c2c1cccc2)COc1cnc(c(c1)c1cnc2c(n1)[nH]nc2C)c1ccoc1C,0,Cc1occc1-c1ncc(OC[C@@H](N)Cc2c[nH]c3ccccc23)cc1-c1cnc2c(C)n[nH]c2n1,1
ClCc1nnc2n1ccc1c2cc(c(n1)c1ccc(cc1)CN1CCC(CC1)c1nnc([nH]1)c1ccccn1)c1ccccc1,0,ClCc1nnc2c3cc(-c4ccccc4)c(-c4ccc(CN5CCC(c6nnc(-c7ccccn7)[nH]6)CC5)cc4)nc3ccn12,1
Clc1cc(cc(c1)Cl)CN(C1CC1)C1CNC1,0,Clc1cc(Cl)cc(CN(C2CC2)C2CNC2)c1,1
Clc1ccc(cc1)c1c[nH]c(n1)[C@@H]1N[C@H](C2CCOCC2)c2c(C1)c1ccccc1[nH]2,0,Clc1ccc(-c2c[nH]c([C@H]3Cc4c([nH]c5ccccc45)[C@@H](C4CCOCC4)N3)n2)cc1,1
Clc1ccc(nc1)c1c[nH]c(n1)[C@@H]1N[C@H](C2CCOCC2)c2c(C1)c1ccccc1[nH]2,0,Clc1ccc(-c2c[nH]c([C@H]3Cc4c([nH]c5ccccc45)[C@@H](C4CCOCC4)N3)n2)nc1,1
Clc1ccc(cc1)C(C(Cl)(Cl)Cl)c1ccccc1Cl,0,Clc1ccc(C(c2ccccc2Cl)C(Cl)(Cl)Cl)cc1,1
Clc1ccc(c(c1)Cl)COC(c1ccc(cc1Cl)Cl)Cn1cncc1,0,Clc1ccc(COC(Cn2ccnc2)c2ccc(Cl)cc2Cl)c(Cl)c1,1
Clc1ccc(cc1Cl)[C@@]12CNCC2CCCC1,0,Clc1ccc([C@@]23CCCCC2CNC3)cc1Cl,1
Clc1ccc(cc1Cl)[C@]12CNCC2CCCC1,0,Clc1ccc([C@]23CCCCC2CNC3)cc1Cl,1
Clc1ccccc1C(n1cncc1)(c1ccccc1)c1ccccc1,0,Clc1ccccc1C(c1ccccc1)(c1ccccc1)n1ccnc1,1
Cn1c(nnc1C(CCCN1CC2[C@@](C1)(C2)c1ccc(cc1)C(F)(F)F)(C)C)c1ccccc1,0,Cn1c(-c2ccccc2)nnc1C(C)(C)CCCN1CC2C[C@]2(c2ccc(C(F)(F)F)cc2)C1,1
Cn1c(nnc1C(CCCN1CC2[C@@](C1)(C2)c1ccc(cc1)C(F)(F)F)(F)F)c1ccccc1,0,Cn1c(-c2ccccc2)nnc1C(F)(F)CCCN1CC2C[C@]2(c2ccc(C(F)(F)F)cc2)C1,1
N#Cc1c2c(n(c1N1CCCC(C1)N)Cc1ccccc1)c(=O)n(c(=O)n2C)C,0,Cn1c(=O)c2c(c(C#N)c(N3CCCC(N)C3)n2Cc2ccccc2)n(C)c1=O,1
N#Cc1ccc(cc1Cn1c(cc2c1c(=O)n(C)c(=O)n2C)N1CCCC(C1)(C)N)F,1,Cn1c(=O)c2c(cc(N3CCCC(C)(N)C3)n2Cc2cc(F)ccc2C#N)n(C)c1=O,0
Cn1cnc2c1c(=O)n(C)c(=O)n2C,1,Cn1c(=O)c2c(ncn2C)n(C)c1=O,0
FC(F)(F)c(c1)ccc(c12)n(C)c(=O)cc2NC3CCN(CC3)Cc(c4)ccc(c45)OCO5,0,Cn1c(=O)cc(NC2CCN(Cc3ccc4c(c3)OCO4)CC2)c2cc(C(F)(F)F)ccc21,1
N#Cc1c2n(C)c(=O)n(c(=O)c2n(c1N1CCCC(C1)N)Cc1ccccc1)Cc1nccc2c1cccc2,0,Cn1c(=O)n(Cc2nccc3ccccc23)c(=O)c2c1c(C#N)c(N1CCCC(N)C1)n2Cc1ccccc1,1
c1cc(Cl)cc(c12)c(nc(=O)n2C)N[C@@H](C[C@@H]34)C[C@H](CC3)N4c(c5)ccc(c56)OCO6,0,Cn1c(=O)nc(N[C@H]2C[C@H]3CC[C@@H](C2)N3c2ccc3c(c2)OCO3)c2cc(Cl)ccc21,1
Clc1ccc(cc1)c1nnc(n1C)CCCCCN1CC2[C@@](C1)(C2)c1ccc(cc1)C(F)(F)F,0,Cn1c(CCCCCN2CC3C[C@]3(c3ccc(C(F)(F)F)cc3)C2)nnc1-c1ccc(Cl)cc1,1
Fc1ccc(c(c1)F)c1nnc(n1C)CCCCCN1CC2[C@@](C1)(C2)c1ccc(cc1)C(F)(F)F,0,Cn1c(CCCCCN2CC3C[C@]3(c3ccc(C(F)(F)F)cc3)C2)nnc1-c1ccc(F)cc1F,1
Cn1c(CCCCCN2CC3[C@@](C2)(C3)c2ccc(cc2)C(F)(F)F)nnc1c1ccccc1,0,Cn1c(CCCCCN2CC3C[C@]3(c3ccc(C(F)(F)F)cc3)C2)nnc1-c1ccccc1,1
Cn1c(CCCCCN2CC3[C@@](C2)(C3)c2ccc(cc2)C(F)(F)F)nnc1c1ccccc1Cl,0,Cn1c(CCCCCN2CC3C[C@]3(c3ccc(C(F)(F)F)cc3)C2)nnc1-c1ccccc1Cl,1
Fc1cc(F)cc(c1)c1nnc(n1C)CCCCN1CC2[C@@](C1)(C2)c1ccc(cc1)C(F)(F)F,0,Cn1c(CCCCN2CC3C[C@]3(c3ccc(C(F)(F)F)cc3)C2)nnc1-c1cc(F)cc(F)c1,1
N#Cc1ccc(cc1)c1nnc(n1C)CCCCN1CC2[C@@](C1)(C2)c1ccc(cc1)C(F)(F)F,0,Cn1c(CCCCN2CC3C[C@]3(c3ccc(C(F)(F)F)cc3)C2)nnc1-c1ccc(C#N)cc1,1
Clc1ccc(cc1)c1nnc(n1C)CCCCN1CC2[C@@](C1)(C2)c1ccc(cc1)C(F)(F)F,0,Cn1c(CCCCN2CC3C[C@]3(c3ccc(C(F)(F)F)cc3)C2)nnc1-c1ccc(Cl)cc1,1
Clc1ccc(c(c1)Cl)c1nnc(n1C)CCCCN1CC2[C@@](C1)(C2)c1ccc(cc1)C(F)(F)F,0,Cn1c(CCCCN2CC3C[C@]3(c3ccc(C(F)(F)F)cc3)C2)nnc1-c1ccc(Cl)cc1Cl,1
Cn1c(CCCCN2CC3[C@@](C2)(C3)c2ccc(cc2)C(F)(F)F)nnc1c1ccc(c(c1)F)F,0,Cn1c(CCCCN2CC3C[C@]3(c3ccc(C(F)(F)F)cc3)C2)nnc1-c1ccc(F)c(F)c1,1
Fc1ccc(cc1)c1nnc(n1C)CCCCN1CC2[C@@](C1)(C2)c1ccc(cc1)C(F)(F)F,0,Cn1c(CCCCN2CC3C[C@]3(c3ccc(C(F)(F)F)cc3)C2)nnc1-c1ccc(F)cc1,1
Fc1ccc(c(c1)F)c1nnc(n1C)CCCCN1CC2[C@@](C1)(C2)c1ccc(cc1)C(F)(F)F,0,Cn1c(CCCCN2CC3C[C@]3(c3ccc(C(F)(F)F)cc3)C2)nnc1-c1ccc(F)cc1F,1
Cn1c(CCCCN2CC3[C@@](C2)(C3)c2ccc(cc2)C(F)(F)F)nnc1c1ccc(cc1)OC(F)(F)F,0,Cn1c(CCCCN2CC3C[C@]3(c3ccc(C(F)(F)F)cc3)C2)nnc1-c1ccc(OC(F)(F)F)cc1,1
N#Cc1cccc(c1)c1nnc(n1C)CCCCN1CC2[C@@](C1)(C2)c1ccc(cc1)C(F)(F)F,0,Cn1c(CCCCN2CC3C[C@]3(c3ccc(C(F)(F)F)cc3)C2)nnc1-c1cccc(C#N)c1,1
Clc1cccc(c1)c1nnc(n1C)CCCCN1CC2[C@@](C1)(C2)c1ccc(cc1)C(F)(F)F,0,Cn1c(CCCCN2CC3C[C@]3(c3ccc(C(F)(F)F)cc3)C2)nnc1-c1cccc(Cl)c1,1
Fc1cccc(c1)c1nnc(n1C)CCCCN1CC2[C@@](C1)(C2)c1ccc(cc1)C(F)(F)F,0,Cn1c(CCCCN2CC3C[C@]3(c3ccc(C(F)(F)F)cc3)C2)nnc1-c1cccc(F)c1,1
Cn1c(CCCCN2CC3[C@@](C2)(C3)c2ccc(cc2)C(F)(F)F)nnc1c1ccccc1,0,Cn1c(CCCCN2CC3C[C@]3(c3ccc(C(F)(F)F)cc3)C2)nnc1-c1ccccc1,1
Cn1c(CCCCN2CC3[C@@](C2)(C3)c2ccc(cc2)C(F)(F)F)nnc1c1ccccc1Cl,0,Cn1c(CCCCN2CC3C[C@]3(c3ccc(C(F)(F)F)cc3)C2)nnc1-c1ccccc1Cl,1
Cn1c(CCCCN2CC3[C@@](C2)(C3)c2ccc(cc2)C(F)(F)F)nnc1c1ccccc1F,0,Cn1c(CCCCN2CC3C[C@]3(c3ccc(C(F)(F)F)cc3)C2)nnc1-c1ccccc1F,1
O=C(c1ccc(cc1)CN(c1nc2c(n1C)ccc(c2)C(F)(F)F)C1CCC(CC1)C(C)(C)C)Nc1nnn[nH]1,1,Cn1c(N(Cc2ccc(C(=O)Nc3nnn[nH]3)cc2)C2CCC(C(C)(C)C)CC2)nc2cc(C(F)(F)F)ccc21,0
Fc1cc(F)c(c(c1)F)N1CCC2C1CN(C2)CCCSc1nnc(n1C)c1nccnc1,0,Cn1c(SCCCN2CC3CCN(c4c(F)cc(F)cc4F)C3C2)nnc1-c1cnccn1,1
Fc1cccc(c1N1CCC2C1CN(C2)CCCSc1nnc(n1C)c1nccnc1)C(F)(F)F,0,Cn1c(SCCCN2CC3CCN(c4c(F)cccc4C(F)(F)F)C3C2)nnc1-c1cnccn1,1
Fc1cccc(c1N1CCC2C1CN(C2)CCCSc1nnc(n1C)c1nccnc1)F,0,Cn1c(SCCCN2CC3CCN(c4c(F)cccc4F)C3C2)nnc1-c1cnccn1,1
N#Cc1ccc(cc1)N1CCC2C1CN(C2)CCCSc1nnc(n1C)c1nccnc1,0,Cn1c(SCCCN2CC3CCN(c4ccc(C#N)cc4)C3C2)nnc1-c1cnccn1,1
O=c1[nH]ccc(c1)c1nnc(n1C)SCCCN1CC2C(C1)N(CC2)c1ccc(cc1)C(F)(F)F,0,Cn1c(SCCCN2CC3CCN(c4ccc(C(F)(F)F)cc4)C3C2)nnc1-c1cc[nH]c(=O)c1,1
O=c1ccc(c[nH]1)c1nnc(n1C)SCCCN1CC2C(C1)N(CC2)c1ccc(cc1)C(F)(F)F,0,Cn1c(SCCCN2CC3CCN(c4ccc(C(F)(F)F)cc4)C3C2)nnc1-c1ccc(=O)[nH]c1,1
O=c1ccc(cn1C)c1nnc(n1C)SCCCN1CC2C(C1)N(CC2)c1ccc(cc1)C(F)(F)F,0,Cn1c(SCCCN2CC3CCN(c4ccc(C(F)(F)F)cc4)C3C2)nnc1-c1ccc(=O)n(C)c1,1
Cn1c(SCCCN2CC3C(C2)N(CC3)c2ccc(cc2)C(F)(F)F)nnc1c1ccccn1,0,Cn1c(SCCCN2CC3CCN(c4ccc(C(F)(F)F)cc4)C3C2)nnc1-c1ccccn1,1
Cn1c(SCCCN2CC3C(C2)N(CC3)c2ccc(cc2)C(F)(F)F)nnc1c1cccnc1,0,Cn1c(SCCCN2CC3CCN(c4ccc(C(F)(F)F)cc4)C3C2)nnc1-c1cccnc1,1
Cn1c(SCCCN2CC3C(C2)N(CC3)c2ccc(cc2)C(F)(F)F)nnc1c1ccncc1,0,Cn1c(SCCCN2CC3CCN(c4ccc(C(F)(F)F)cc4)C3C2)nnc1-c1ccncc1,1
Cn1c(SCCCN2CC3C(C2)N(CC3)c2ccc(cc2)C(F)(F)F)nnc1c1nccnc1,0,Cn1c(SCCCN2CC3CCN(c4ccc(C(F)(F)F)cc4)C3C2)nnc1-c1cnccn1,1
Cn1c(SCCCN2CC3C(C2)N(CC3)c2ccc(cc2)C(F)(F)F)nnc1C1CCCCC1,0,Cn1c(SCCCN2CC3CCN(c4ccc(C(F)(F)F)cc4)C3C2)nnc1C1CCCCC1,1
Fc1ccc(cc1)N1CCC2C1CN(C2)CCCSc1nnc(n1C)c1cc[nH]c(=O)c1,0,Cn1c(SCCCN2CC3CCN(c4ccc(F)cc4)C3C2)nnc1-c1cc[nH]c(=O)c1,1
Fc1ccc(cc1)N1CCC2C1CN(C2)CCCSc1nnc(n1C)c1ccn(c(=O)c1)C,0,Cn1c(SCCCN2CC3CCN(c4ccc(F)cc4)C3C2)nnc1-c1ccn(C)c(=O)c1,1
Fc1ccc(cc1)N1CCC2C1CN(C2)CCCSc1nnc(n1C)c1nccnc1,0,Cn1c(SCCCN2CC3CCN(c4ccc(F)cc4)C3C2)nnc1-c1cnccn1,1
Fc1ccc(cc1)N1CCC2C1CN(C2)CCCSc1nnc(n1C)C1CCCCC1,0,Cn1c(SCCCN2CC3CCN(c4ccc(F)cc4)C3C2)nnc1C1CCCCC1,1
Fc1ccc(cc1)N1CCC2C1CN(C2)CCCSc1nnc(n1C)C1CCOCC1,0,Cn1c(SCCCN2CC3CCN(c4ccc(F)cc4)C3C2)nnc1C1CCOCC1,1
Fc1ccc(c(c1)C(F)(F)F)N1CCC2C1CN(C2)CCCSc1nnc(n1C)c1nccnc1,0,Cn1c(SCCCN2CC3CCN(c4ccc(F)cc4C(F)(F)F)C3C2)nnc1-c1cnccn1,1
Fc1ccc(c(c1)F)N1CCC2C1CN(C2)CCCSc1nnc(n1C)c1nccnc1,0,Cn1c(SCCCN2CC3CCN(c4ccc(F)cc4F)C3C2)nnc1-c1cnccn1,1
Cn1c(SCCCN2CC3C(C2)N(CC3)c2ccc(cc2)OC(F)(F)F)nnc1c1nccnc1,0,Cn1c(SCCCN2CC3CCN(c4ccc(OC(F)(F)F)cc4)C3C2)nnc1-c1cnccn1,1
N#Cc1cccc(c1)N1CCC2C1CN(C2)CCCSc1nnc(n1C)c1nccnc1,0,Cn1c(SCCCN2CC3CCN(c4cccc(C#N)c4)C3C2)nnc1-c1cnccn1,1
Cn1c(SCCCN2CC3C(C2)N(CC3)c2cccc(c2)C(F)(F)F)nnc1c1nccnc1,0,Cn1c(SCCCN2CC3CCN(c4cccc(C(F)(F)F)c4)C3C2)nnc1-c1cnccn1,1
Fc1cccc(c1)N1CCC2C1CN(C2)CCCSc1nnc(n1C)c1nccnc1,0,Cn1c(SCCCN2CC3CCN(c4cccc(F)c4)C3C2)nnc1-c1cnccn1,1
Cn1c(SCCCN2CC3C(C2)N(CC3)c2cccc(c2)OC(F)(F)F)nnc1c1nccnc1,0,Cn1c(SCCCN2CC3CCN(c4cccc(OC(F)(F)F)c4)C3C2)nnc1-c1cnccn1,1
Cn1c(SCCCN2CC3C(C2)N(CC3)c2ccccc2)nnc1C1CCOCC1,0,Cn1c(SCCCN2CC3CCN(c4ccccc4)C3C2)nnc1C1CCOCC1,1
N#Cc1ccccc1N1CCC2C1CN(C2)CCCSc1nnc(n1C)c1nccnc1,0,Cn1c(SCCCN2CC3CCN(c4ccccc4C#N)C3C2)nnc1-c1cnccn1,1
Cn1c(SCCCN2CC3C(C2)N(CC3)c2ccccc2C(F)(F)F)nnc1c1ccccn1,0,Cn1c(SCCCN2CC3CCN(c4ccccc4C(F)(F)F)C3C2)nnc1-c1ccccn1,1
Cn1c(SCCCN2CC3C(C2)N(CC3)c2ccccc2C(F)(F)F)nnc1c1cccnc1,0,Cn1c(SCCCN2CC3CCN(c4ccccc4C(F)(F)F)C3C2)nnc1-c1cccnc1,1
Cn1c(SCCCN2CC3C(C2)N(CC3)c2ccccc2C(F)(F)F)nnc1c1ccncc1,0,Cn1c(SCCCN2CC3CCN(c4ccccc4C(F)(F)F)C3C2)nnc1-c1ccncc1,1
Cn1c(SCCCN2CC3C(C2)N(CC3)c2ccccc2C(F)(F)F)nnc1c1nccnc1,0,Cn1c(SCCCN2CC3CCN(c4ccccc4C(F)(F)F)C3C2)nnc1-c1cnccn1,1
Fc1ccccc1N1CCC2C1CN(C2)CCCSc1nnc(n1C)c1nccnc1,0,Cn1c(SCCCN2CC3CCN(c4ccccc4F)C3C2)nnc1-c1cnccn1,1
Cn1c(SCCCN2CC3C(C2)N(CC3)c2ccccc2OC(F)(F)F)nnc1c1nccnc1,0,Cn1c(SCCCN2CC3CCN(c4ccccc4OC(F)(F)F)C3C2)nnc1-c1cnccn1,1
FCC1SC(=N[C@@]2([C@H]1CC(OC2)c1cnn(c1)C)c1ccc(cc1F)F)N,1,Cn1cc(C2C[C@H]3C(CF)SC(N)=N[C@@]3(c3ccc(F)cc3F)CO2)cn1,0
Fc1ccc(c(c1)F)[C@@]12COC(C[C@H]2CSC(=N1)N)c1cnn(c1)C,0,Cn1cc(C2C[C@H]3CSC(N)=N[C@@]3(c3ccc(F)cc3F)CO2)cn1,1
O=C(C1CNCCC1c1ccn(c(=O)c1)C)N(C1CC1)Cc1c[nH]c2c1c(F)ccc2,1,Cn1ccc(C2CCNCC2C(=O)N(Cc2c[nH]c3cccc(F)c23)C2CC2)cc1=O,0
N#CCCc1cc(CN(C(=O)C2CNCCC2c2ccn(c(=O)c2)C)C2CC2)c(c(c1)Cl)Cl,1,Cn1ccc(C2CCNCC2C(=O)N(Cc2cc(CCC#N)cc(Cl)c2Cl)C2CC2)cc1=O,0
N#CCCCc1cc(CN(C(=O)C2CNCCC2c2ccn(c(=O)c2)C)C2CC2)c(c(c1)Cl)Cl,0,Cn1ccc(C2CCNCC2C(=O)N(Cc2cc(CCCC#N)cc(Cl)c2Cl)C2CC2)cc1=O,1
O=C(C1CNCCC1c1ccn(c(=O)c1)C)N(C1CC1)Cc1cccc(c1Cl)Cl,1,Cn1ccc(C2CCNCC2C(=O)N(Cc2cccc(Cl)c2Cl)C2CC2)cc1=O,0
Fc1ccc(cc1)Cn1cc(c2c1cccc2F)CN(C(=O)C1CNCCC1c1ccn(c(=O)c1)C)C1CC1,0,Cn1ccc(C2CCNCC2C(=O)N(Cc2cn(Cc3ccc(F)cc3)c3cccc(F)c23)C2CC2)cc1=O,1
Fc1cccc(c1)Cn1cc(c2c1cccc2F)CN(C(=O)C1CNCCC1c1ccn(c(=O)c1)C)C1CC1,0,Cn1ccc(C2CCNCC2C(=O)N(Cc2cn(Cc3cccc(F)c3)c3cccc(F)c23)C2CC2)cc1=O,1
O=C(C1CNCCC1c1ccn(c(=O)c1)C)N(C1CC1)Cc1cn(c2c1c(F)ccc2)Cc1ccccc1,0,Cn1ccc(C2CCNCC2C(=O)N(Cc2cn(Cc3ccccc3)c3cccc(F)c23)C2CC2)cc1=O,1
Cn1ccc2c1cccc2N(C1CCNCC1)Cc1ccccc1,1,Cn1ccc2c(N(Cc3ccccc3)C3CCNCC3)cccc21,0
Cn1cnc(c1)C(=O)N(C1CC2C(C1)CNC2)Cc1ccc(c(c1)C(F)(F)F)F,0,Cn1cnc(C(=O)N(Cc2ccc(F)c(C(F)(F)F)c2)C2CC3CNCC3C2)c1,1
Cn1cnc(c1)C(=O)N(Cc1ccc(c(c1)Cl)F)CC1C2C1CNC2,1,Cn1cnc(C(=O)N(Cc2ccc(F)c(Cl)c2)CC2C3CNCC32)c1,0
NC1CCC(CC1)N(C(=O)c1ncn(c1)C)Cc1cccc(c1)Cl,1,Cn1cnc(C(=O)N(Cc2cccc(Cl)c2)C2CCC(N)CC2)c1,0
Cn1cnc(c1)C(=O)N(C1CC2C(C1)CN(C2)CC(O)(C)C)Cc1cccc(c1)OC(F)(F)F,0,Cn1cnc(C(=O)N(Cc2cccc(OC(F)(F)F)c2)C2CC3CN(CC(C)(C)O)CC3C2)c1,1
Cn1cnc(c1)C(=O)N(C1CC2C(C1)CN(C2)CCC(F)(F)F)Cc1cccc(c1)OC(F)(F)F,0,Cn1cnc(C(=O)N(Cc2cccc(OC(F)(F)F)c2)C2CC3CN(CCC(F)(F)F)CC3C2)c1,1
Cn1cnc(c1)C(=O)N(C1CC2C(C1)CNC2)Cc1cccc(c1)OC(F)(F)F,1,Cn1cnc(C(=O)N(Cc2cccc(OC(F)(F)F)c2)C2CC3CNCC3C2)c1,0
N#CC1CCC(CC1)N1CC(C1)NC(=O)CNc1nn(c2c1cc(cc2)C(F)(F)F)C,1,Cn1nc(NCC(=O)NC2CN(C3CCC(C#N)CC3)C2)c2cc(C(F)(F)F)ccc21,0
O=C(NC1CN(C1)C1CCC(CC1)C(=O)O)CNc1nn(c2c1cc(cc2)C(F)(F)F)C,1,Cn1nc(NCC(=O)NC2CN(C3CCC(C(=O)O)CC3)C2)c2cc(C(F)(F)F)ccc21,0
O=C(NC1CN(C1)C1CCC(CC1)C(=O)N)CNc1nn(c2c1cc(cc2)C(F)(F)F)C,1,Cn1nc(NCC(=O)NC2CN(C3CCC(C(N)=O)CC3)C2)c2cc(C(F)(F)F)ccc21,0
OCC1CCC(CC1)N1CC(C1)NC(=O)CNc1nn(c2c1cc(cc2)C(F)(F)F)C,1,Cn1nc(NCC(=O)NC2CN(C3CCC(CO)CC3)C2)c2cc(C(F)(F)F)ccc21,0
NC1CCC(CC1)N1CC(C1)NC(=O)CNc1nn(c2c1cc(cc2)C(F)(F)F)C,1,Cn1nc(NCC(=O)NC2CN(C3CCC(N)CC3)C2)c2cc(C(F)(F)F)ccc21,0
O=C(NC1CN(C1)C1CCC(CC1)NS(=O)(=O)C)CNc1nn(c2c1cc(cc2)C(F)(F)F)C,1,Cn1nc(NCC(=O)NC2CN(C3CCC(NS(C)(=O)=O)CC3)C2)c2cc(C(F)(F)F)ccc21,0
O=C(NC1CN(C1)C1CC[C@](CC1)(O)c1cccnc1)CNc1nn(c2c1cc(cc2)C(F)(F)F)C,1,Cn1nc(NCC(=O)NC2CN(C3CCC(O)(c4cccnc4)CC3)C2)c2cc(C(F)(F)F)ccc21,0
O=C(NC1CN(C1)C1CC[C@](CC1)(O)c1cncs1)CNc1nn(c2c1cc(cc2)C(F)(F)F)C,1,Cn1nc(NCC(=O)NC2CN(C3CCC(O)(c4cncs4)CC3)C2)c2cc(C(F)(F)F)ccc21,0
OC1CCC(CC1)N1CC(C1)NC(=O)CNc1nn(c2c1cc(cc2)C(F)(F)F)C,1,Cn1nc(NCC(=O)NC2CN(C3CCC(O)CC3)C2)c2cc(C(F)(F)F)ccc21,0
O=C(N[C@@H]1CN(C1)[C@@H]1CC[C@H](CC1)c1ccc2c(c1)OCO2)CNc1nn(c2c1cc(cc2)C(F)(F)F)C,0,Cn1nc(NCC(=O)NC2CN([C@H]3CC[C@H](c4ccc5c(c4)OCO5)CC3)C2)c2cc(C(F)(F)F)ccc21,1
FC(Oc1ccc(cc1)c1c[nH]c(n1)[C@@H]1N[C@H](C2CCOCC2)c2c(C1)c1ccccc1[nH]2)(F)F,0,FC(F)(F)Oc1ccc(-c2c[nH]c([C@H]3Cc4c([nH]c5ccccc45)[C@@H](C4CCOCC4)N3)n2)cc1,1
Clc1ccc(cc1CN[C@H]1CCC2N[C@]1(CC2)c1ccccc1)OC(F)(F)F,0,FC(F)(F)Oc1ccc(Cl)c(CN[C@H]2CCC3CC[C@]2(c2ccccc2)N3)c1,1
FC(Oc1ccc(c(c1)CN[C@H]1CCC2N[C@]1(CC2)c1ccccc1)OC1CC1)(F)F,0,FC(F)(F)Oc1ccc(OC2CC2)c(CN[C@H]2CCC3CC[C@]2(c2ccccc2)N3)c1,1
FC(Oc1cccc(c1)c1c[nH]c(n1)[C@@H]1N[C@H](C2CCOCC2)c2c(C1)c1ccccc1[nH]2)(F)F,0,FC(F)(F)Oc1cccc(-c2c[nH]c([C@H]3Cc4c([nH]c5ccccc45)[C@@H](C4CCOCC4)N3)n2)c1,1
FC(c1nc(NCc2ccc3c(c2)OCO3)nc(c1)Nc1ccccc1)(F)F,1,FC(F)(F)c1cc(Nc2ccccc2)nc(NCc2ccc3c(c2)OCO3)n1,0
FC(c1ccc(cc1)c1c[nH]c(n1)[C@@H]1N[C@H](C2CCOCC2)c2c(C1)c1ccccc1[nH]2)(F)F,0,FC(F)(F)c1ccc(-c2c[nH]c([C@H]3Cc4c([nH]c5ccccc45)[C@@H](C4CCOCC4)N3)n2)cc1,1
FC(c1ccccc1CN(C1CCOCC1)C1CCNC1)(F)F,0,FC(F)(F)c1ccccc1CN(C1CCOCC1)C1CCNC1,1
F[C@@H]1CCNCC1c3c(c2ccccc2)[nH]c4c(Cl)cccc34,0,F[C@@H]1CCNCC1c1c(-c2ccccc2)[nH]c2c(Cl)cccc12,1
Clc1cccc(c12)[nH]c(-c3ccccc3)c2[C@H]4C[C@H](F)CNC4,0,F[C@@H]1CNC[C@@H](c2c(-c3ccccc3)[nH]c3cccc(Cl)c23)C1,1
c1cc(F)cc(c12)[nH]c(-c(cc3)ccc3F)c2[C@H]4CCCNC4,0,Fc1ccc(-c2[nH]c3cc(F)ccc3c2[C@H]2CCCNC2)cc1,1
Fc1ccc(c(c1)F)c1c[nH]c(n1)[C@@H]1N[C@H](C2CCOCC2)c2c(C1)c1ccccc1[nH]2,0,Fc1ccc(-c2c[nH]c([C@H]3Cc4c([nH]c5ccccc45)[C@@H](C4CCOCC4)N3)n2)c(F)c1,1
Fc1ccc(cc1F)c1c[nH]c(n1)[C@@H]1N[C@H](C2CCOCC2)c2c(C1)c1ccccc1[nH]2,0,Fc1ccc(-c2c[nH]c([C@H]3Cc4c([nH]c5ccccc45)[C@@H](C4CCOCC4)N3)n2)cc1F,1
Fc1ccc(nc1)c1c[nH]c(n1)[C@@H]1N[C@H](C2CCOCC2)c2c(C1)c1ccccc1[nH]2,0,Fc1ccc(-c2c[nH]c([C@H]3Cc4c([nH]c5ccccc45)[C@@H](C4CCOCC4)N3)n2)nc1,1
Fc1ncc(cc1)-c2ccccc2O[C@H]([C@H]34)C[C@H](C4)CNC3,0,Fc1ccc(-c2ccccc2O[C@H]2C[C@H]3CNC[C@@H]2C3)cn1,1
c1cc(F)ccc1-n(c(c23)cc(Cl)cc3)cc2C4CCNCC4,0,Fc1ccc(-n2cc(C3CCNCC3)c3ccc(Cl)cc32)cc1,1
Fc1ccc(cc1)C(c1ccc(cc1)F)N1CCNCC1,0,Fc1ccc(C(c2ccc(F)cc2)N2CCNCC2)cc1,1
Fc1ccc(cc1)C1(CNC(=N1)c1cnccn1)c1ccc(cc1)F,0,Fc1ccc(C2(c3ccc(F)cc3)CNC(c3cnccn3)=N2)cc1,1
Fc1c(F)ccc(c1F)CN(C1CCOCC1)C1CCNC1,0,Fc1ccc(CN(C2CCOCC2)C2CCNC2)c(F)c1F,1
Fc1ccc(cc1)Cn1c(nc2c1cccc2)C1CCCNC1,1,Fc1ccc(Cn2c(C3CCCNC3)nc3ccccc32)cc1,0
Fc1ccc(cc1)Cn1c(nc2c1cccc2)C1CNCCO1,0,Fc1ccc(Cn2c(C3CNCCO3)nc3ccccc32)cc1,1
Fc1ccc(cc1)Cn(c(c23)cccc2)c(n3)[C@H]4CN(CCC4)C5CCCCC5,0,Fc1ccc(Cn2c([C@@H]3CCCN(C4CCCCC4)C3)nc3ccccc32)cc1,1
FC1CCCNC1c1c([nH]c2c1ccc(c2)F)c1ccccc1,0,Fc1ccc2c(C3NCCCC3F)c(-c3ccccc3)[nH]c2c1,1
Fc1ccc2n(cc(C3CCN(CCN4CCNC4=S)CC3)c2c1)c5ccccc5,0,Fc1ccc2c(c1)c(C1CCN(CCN3CCNC3=S)CC1)cn2-c1ccccc1,1
Fc1cccc(c1)c1c[nH]c(n1)[C@@H]1N[C@H](C2CCOCC2)c2c(C1)c1ccccc1[nH]2,0,Fc1cccc(-c2c[nH]c([C@H]3Cc4c([nH]c5ccccc45)[C@@H](C4CCOCC4)N3)n2)c1,1
Fc1cccc(c1F)c1nc2c(n1)cn(nc2)Cc1onc(c1)c1ccc(cc1C(F)(F)F)C(F)(F)F,1,Fc1cccc(-c2nc3cnn(Cc4cc(-c5ccc(C(F)(F)F)cc5C(F)(F)F)no4)cc-3n2)c1F,0
Fc1cccc(c1C(F)(F)F)CN(C1CCOCC1)C1CCNC1,0,Fc1cccc(CN(C2CCOCC2)C2CCNC2)c1C(F)(F)F,1
Fc1cccc(c12)[nH]c(-c3ccccc3)c2[C@H]4C[C@H](F)CNC4,0,Fc1cccc2[nH]c(-c3ccccc3)c([C@@H]3CNC[C@@H](F)C3)c12,1
FC1CCNCC1c1c([nH]c2c1cccc2F)c1ccccc1,0,Fc1cccc2c(C3CNCCC3F)c(-c3ccccc3)[nH]c12,1
Fc3cccc4c(C1CNCC[C@H]1F)c(c2ccccc2)[nH]c34,0,Fc1cccc2c(C3CNCC[C@H]3F)c(-c3ccccc3)[nH]c12,1
Fc1ccccc1c1c[nH]c(n1)[C@@H]1N[C@H](C2CCOCC2)c2c(C1)c1ccccc1[nH]2,0,Fc1ccccc1-c1c[nH]c([C@H]2Cc3c([nH]c4ccccc34)[C@@H](C3CCOCC3)N2)n1,1
c1cccc(F)c1-c2nc(no2)COc(c3)ccc(c34)CC[C@H]4N5CCN(CC5)C6CCCC6,0,Fc1ccccc1-c1nc(COc2ccc3c(c2)[C@H](N2CCN(C4CCCC4)CC2)CC3)no1,1
Fc1ccncc1c1ccccc1OC1CC2CC1CNC2,0,Fc1ccncc1-c1ccccc1OC1CC2CNCC1C2,1
Fc1cnn(c1)Cc1c(F)ccc2c1CCC2c1ncc[nH]1,1,Fc1cnn(Cc2c(F)ccc3c2CCC3c2ncc[nH]2)c1,0
N#CC1(CC1)NC(=O)[C@@H]1CCCC[C@H]1C(=O)N1CCN(CC1)c1ccc(cc1)F,1,N#CC1(NC(=O)[C@@H]2CCCC[C@H]2C(=O)N2CCN(c3ccc(F)cc3)CC2)CC1,0
N#CC1(CC1)NC(=O)[C@@H]1CCCC[C@H]1C(=O)N1CCN(CC1)c1sc(c(n1)C(F)(F)F)Cl,1,N#CC1(NC(=O)[C@@H]2CCCC[C@H]2C(=O)N2CCN(c3nc(C(F)(F)F)c(Cl)s3)CC2)CC1,0
N#CC1(CC1)NC(=O)[C@@H]1CCCC[C@H]1C(=O)N1CCN(CC1)c1scc(n1)C(F)(F)F,1,N#CC1(NC(=O)[C@@H]2CCCC[C@H]2C(=O)N2CCN(c3nc(C(F)(F)F)cs3)CC2)CC1,0
N#CC1(CC1)NC(=O)[C@@H]1CCCC[C@H]1C(=O)N1CCN(CC1)c1nc2c(s1)COCC2,1,N#CC1(NC(=O)[C@@H]2CCCC[C@H]2C(=O)N2CCN(c3nc4c(s3)COCC4)CC2)CC1,0
N#CC1(CC1)NC(=O)[C@@H]1CCCC[C@H]1C(=O)N1CCN(CC1)c1nc2c(s1)cccc2,0,N#CC1(NC(=O)[C@@H]2CCCC[C@H]2C(=O)N2CCN(c3nc4ccccc4s3)CC2)CC1,1
N#CC1(CC1)NC(=O)[C@@H]1CCCC[C@H]1C(=O)N1CCN(CC1)c1nc2c(s1)nccc2,1,N#CC1(NC(=O)[C@@H]2CCCC[C@H]2C(=O)N2CCN(c3nc4cccnc4s3)CC2)CC1,0
N#CC1(CC1)NC(=O)[C@@H]1CCCC[C@H]1C(=O)N1CCN(CC1)c1nc2c(s1)ccnc2,1,N#CC1(NC(=O)[C@@H]2CCCC[C@H]2C(=O)N2CCN(c3nc4cnccc4s3)CC2)CC1,0
N#CC1(CC1)NC(=O)[C@@H]1CCCC[C@H]1C(=O)N1CCN(CC1)c1nc2c(s1)cccn2,1,N#CC1(NC(=O)[C@@H]2CCCC[C@H]2C(=O)N2CCN(c3nc4ncccc4s3)CC2)CC1,0
N#CC1(CC1)NC(=O)[C@@H]1CCCC[C@H]1C(=O)N1CCN(CC1)c1nccs1,1,N#CC1(NC(=O)[C@@H]2CCCC[C@H]2C(=O)N2CCN(c3nccs3)CC2)CC1,0
N#CC1(CCN(CC1)Cc1cc(C(=O)O)c(=O)n2c1cccc2)c1ccccn1,1,N#CC1(c2ccccn2)CCN(Cc2cc(C(=O)O)c(=O)n3ccccc23)CC1,0
NC(=N)NOCCNC(=O)Cc1c(CC#N)ccc(NCC(F)(F)C2=CC=CC=N2)c1F,0,N#CCc1ccc(NCC(F)(F)c2ccccn2)c(F)c1CC(=O)NCCONC(=N)N,1
N#CN=C(NCc1ccccc1)NN3CCC(CNc2ncccn2)CC3,1,N#CN=C(NCc1ccccc1)NN1CCC(CNc2ncccn2)CC1,0
N#C[C@H]1CN(C[C@H]1F)C(=O)C[C@@H](Cc1cc(F)c(cc1F)F)N,1,N#C[C@H]1CN(C(=O)C[C@H](N)Cc2cc(F)c(F)cc2F)C[C@H]1F,0
N#Cc1c(ncc2c1OCCO2)CNC12CCC(CC1)(OC2)CC1(O)Cn2c3c1c(F)cnc3ccc2=O,1,N#Cc1c(CNC23CCC(CC4(O)Cn5c(=O)ccc6ncc(F)c4c65)(CC2)OC3)ncc2c1OCCO2,0
N#Cc1c(cccc1Cl)OC[C@@H](CN1CCC[C@H]1Cc1ccccc1)O,0,N#Cc1c(Cl)cccc1OC[C@H](O)CN1CCC[C@H]1Cc1ccccc1,1
N#Cc1c(ccn(c1=O)CC1CC1)N1CCC(CC1)c1cc(F)cc(c1)F,0,N#Cc1c(N2CCC(c3cc(F)cc(F)c3)CC2)ccn(CC2CC2)c1=O,1
N#Cc1c(ccn(c1=O)CC1CC1)N1CCC(CC1)c1ccc(cc1)Cl,0,N#Cc1c(N2CCC(c3ccc(Cl)cc3)CC2)ccn(CC2CC2)c1=O,1
N#Cc1c(ccn(c1=O)CC1CC1)N1CCC(CC1)c1cccc(c1)C(F)(F)F,0,N#Cc1c(N2CCC(c3cccc(C(F)(F)F)c3)CC2)ccn(CC2CC2)c1=O,1
c1cc(Cl)cc(c12)c(c(C#N)c(=O)[nH]2)NC3CCN(CC3)Cc(c4)ccc(c45)OCO5,0,N#Cc1c(NC2CCN(Cc3ccc4c(c3)OCO4)CC2)c2cc(Cl)ccc2[nH]c1=O,1
N#Cc2cc(CNN1CCC1)cnc2c4ccc(C(=O)Nc3ccccc3N)cc4,1,N#Cc1cc(CNN2CCC2)cnc1-c1ccc(C(=O)Nc2ccccc2N)cc1,0
NCCC(c1ccccc1)Oc1cc(Cl)c(cc1C#N)F,1,N#Cc1cc(F)c(Cl)cc1OC(CCN)c1ccccc1,0
N#Cc1cc(NCC(=O)NC2CN(C2)C2CCC(CC2)(O)c2cncs2)c2c(n1)ccc(c2)C(F)(F)F,1,N#Cc1cc(NCC(=O)NC2CN(C3CCC(O)(c4cncs4)CC3)C2)c2cc(C(F)(F)F)ccc2n1,0
N#Cc1cc(cc(c1)c1onc(n1)c1ccc2c(c1)CCN2C(=O)CCC(=O)O)OC(F)(F)F,1,N#Cc1cc(OC(F)(F)F)cc(-c2nc(-c3ccc4c(c3)CCN4C(=O)CCC(=O)O)no2)c1,0
N#Cc1cc(cc(c1)c1onc(n1)c1ccc2c(c1)cc1n2CCC1CC(=O)O)OC(F)(F)F,1,N#Cc1cc(OC(F)(F)F)cc(-c2nc(-c3ccc4c(c3)cc3n4CCC3CC(=O)O)no2)c1,0
C1C[C@@H](N2)C[C@@H](C[C@H]12)Oc(cc(c3)C#N)cc3-c4ccccn4,0,N#Cc1cc(O[C@H]2C[C@H]3CC[C@@H](C2)N3)cc(-c2ccccn2)c1,1
C1C[C@@H](N2)C[C@@H](C[C@H]12)Oc(cc(c3)C#N)cc3-c4ncccc4C#N,0,N#Cc1cc(O[C@H]2C[C@H]3CC[C@@H](C2)N3)cc(-c2ncccc2C#N)c1,1
C1C[C@@H](N2)C[C@@H](C[C@H]12)Oc(cc(c3)C#N)nc3-c4ccccc4,0,N#Cc1cc(O[C@H]2C[C@H]3CC[C@@H](C2)N3)nc(-c2ccccc2)c1,1
C1C[C@@H](N2)C[C@@H](C[C@H]12)Oc(cc(c3)C#N)nc3-c4ccccc4C#N,0,N#Cc1cc(O[C@H]2C[C@H]3CC[C@@H](C2)N3)nc(-c2ccccc2C#N)c1,1
OC[C@@H]1OC(=O)N2[C@@H]1COc1c2ccc(c1)c1ccc(nc1)C#N,1,N#Cc1ccc(-c2ccc3c(c2)OC[C@@H]2[C@H](CO)OC(=O)N32)cn1,0
N#Cc1ccc(cn1)C(=O)N1CCC2(CC1)NC(=N)c1c(N2)c(F)ccc1F,0,N#Cc1ccc(C(=O)N2CCC3(CC2)NC(=N)c2c(F)ccc(F)c2N3)cn1,1
NCCC(c1ccno1)Oc1nc(ccc1C#N)C(F)(F)F,1,N#Cc1ccc(C(F)(F)F)nc1OC(CCN)c1ccno1,0
N#Cc3ccc(COC(=O)N2CCC(CNc1ncccn1)CC2)cc3,0,N#Cc1ccc(COC(=O)N2CCC(CNc3ncccn3)CC2)cc1,1
NCCCN(C1CCN(C1=O)Cc1cccc(c1)Cl)Cc1cncn1Cc1ccc(cc1)C#N,0,N#Cc1ccc(Cn2cncc2CN(CCCN)C2CCN(Cc3cccc(Cl)c3)C2=O)cc1,1
N#Cc1ccc(cc1)Cn1cncc1CN(C1CCN(C1=O)Cc1cccc(c1)Cl)CCCNC(=O)OCc1ccccc1,0,N#Cc1ccc(Cn2cncc2CN(CCCNC(=O)OCc2ccccc2)C2CCN(Cc3cccc(Cl)c3)C2=O)cc1,1
N#Cc1ccc(cc1)Cn1cncc1CN(C1CCN(C1=O)Cc1cccc(c1)Cl)CCCc1ccccc1,0,N#Cc1ccc(Cn2cncc2CN(CCCc2ccccc2)C2CCN(Cc3cccc(Cl)c3)C2=O)cc1,1
N#Cc1ccc(cc1)Cn1cncc1CN(C1CCN(C1=O)Cc1cccc(c1)Cl)CCN1CCNCC1,0,N#Cc1ccc(Cn2cncc2CN(CCN2CCNCC2)C2CCN(Cc3cccc(Cl)c3)C2=O)cc1,1
N#Cc1ccc(cc1)Cn1cncc1CN(C1CCN(C1=O)Cc1cccc(c1)Cl)CCN1CCOCC1,0,N#Cc1ccc(Cn2cncc2CN(CCN2CCOCC2)C2CCN(Cc3cccc(Cl)c3)C2=O)cc1,1
N#Cc1ccc(cc1)Cn1cncc1CN(C1CCN(C1=O)Cc1ccccc1)Cc1cccnc1,0,N#Cc1ccc(Cn2cncc2CN(Cc2cccnc2)C2CCN(Cc3ccccc3)C2=O)cc1,1
N#Cc1ccc(cc1)Cn1cncc1CNC1CCN(C1)C(=O)c1ccc[nH]c1=O,1,N#Cc1ccc(Cn2cncc2CNC2CCN(C(=O)c3ccc[nH]c3=O)C2)cc1,0
N#Cc1ccc(cc1)Cn1cncc1CNC1CCN(C1)C(=O)c1ccc[nH]c1=S,1,N#Cc1ccc(Cn2cncc2CNC2CCN(C(=O)c3ccc[nH]c3=S)C2)cc1,0
N#Cc1ccc(cc1)Cn1cncc1CNC1CCN(C1)C(=O)c1cccc(c1)Cl,0,N#Cc1ccc(Cn2cncc2CNC2CCN(C(=O)c3cccc(Cl)c3)C2)cc1,1
N#Cc1ccc(cc1)Cn1cncc1CNC1CCN(C1)C(=O)c1cccnc1N,1,N#Cc1ccc(Cn2cncc2CNC2CCN(C(=O)c3cccnc3N)C2)cc1,0
N#Cc1ccc(cc1)Cn1cncc1CNC1CCN(C1)C(=O)c1cncc(c1)Br,0,N#Cc1ccc(Cn2cncc2CNC2CCN(C(=O)c3cncc(Br)c3)C2)cc1,1
N#Cc1ccc(cc1)Cn1cncc1CNC1CCN(C1=O)Cc1cccc(c1)Cl,0,N#Cc1ccc(Cn2cncc2CNC2CCN(Cc3cccc(Cl)c3)C2=O)cc1,1
N#Cc1ccc(cc1)Cn1cncc1CNC1CCN(C1=O)Cc1ccccc1,0,N#Cc1ccc(Cn2cncc2CNC2CCN(Cc3ccccc3)C2=O)cc1,1
N#Cc1ccc(cc1)Cn1cncc1CNC1CCN(C1=O)c1cccc2c1cccn2,0,N#Cc1ccc(Cn2cncc2CNC2CCN(c3cccc4ncccc34)C2=O)cc1,1
N#Cc1ccc(cc1)Cn1cncc1CNC1CCN(C1=O)c1ccncc1,0,N#Cc1ccc(Cn2cncc2CNC2CCN(c3ccncc3)C2=O)cc1,1
N#Cc1ccc(cc1)N1N=C(C[C@@H]1c1ccc(cc1)c1ccc2c(c1)oc(=O)[nH]2)C(=O)O,1,N#Cc1ccc(N2N=C(C(=O)O)C[C@@H]2c2ccc(-c3ccc4[nH]c(=O)oc4c3)cc2)cc1,0
N#Cc1ccc(cc1)N1N=C(CC1c1ccc(cc1)c1ccc(cc1)C(=O)O)F,1,N#Cc1ccc(N2N=C(F)CC2c2ccc(-c3ccc(C(=O)O)cc3)cc2)cc1,0
N#Cc1ccc(cc1)N1N=C(C[C@@H]1c1ccc(cc1)c1ccc2c(c1)oc(=O)[nH]2)F,0,N#Cc1ccc(N2N=C(F)C[C@@H]2c2ccc(-c3ccc4[nH]c(=O)oc4c3)cc2)cc1,1
N#Cc1ccc(cc1)N1N=C(CC1c1ccc(cc1)F)c1ccc2c(c1)oc(=O)[nH]2,0,N#Cc1ccc(N2N=C(c3ccc4[nH]c(=O)oc4c3)CC2c2ccc(F)cc2)cc1,1
N#Cc1ccc2c(c1)nc([nH]2)C1CCN(CC1)CCn1c(=O)ccc2c1cc(cn2)Oc1ccc(cc1)S(=O)(=O)N,1,N#Cc1ccc2[nH]c(C3CCN(CCn4c(=O)ccc5ncc(Oc6ccc(S(N)(=O)=O)cc6)cc54)CC3)nc2c1,0
N#Cc1ccc2c(c1)CC(=CC2=O)C(=O)NC1CCN(CC1)Cc1ccc2c(c1)OCO2,0,N#Cc1ccc2c(c1)CC(C(=O)NC1CCN(Cc3ccc4c(c3)OCO4)CC1)=CC2=O,1
N#Cc1ccc2c(c1)n(CCN1CCC(C(C1)F)NCc1ncc3c(c1)OCCO3)c(=O)cc2,1,N#Cc1ccc2ccc(=O)n(CCN3CCC(NCc4cc5c(cn4)OCCO5)C(F)C3)c2c1,0
N#Cc1ccc2c(c1)n(CCN1CCC(C(C1)O)NCc1ncc3c(c1)OCCO3)c(=O)cc2,1,N#Cc1ccc2ccc(=O)n(CCN3CCC(NCc4cc5c(cn4)OCCO5)C(O)C3)c2c1,0
N#Cc1ccc2c(c1)n(CCN1CC[C@@H]([C@H](C1)F)NCc1ccc3c(n1)NC(=O)CO3)c(=O)cc2,1,N#Cc1ccc2ccc(=O)n(CCN3CC[C@H](NCc4ccc5c(n4)NC(=O)CO5)[C@@H](F)C3)c2c1,0
N#Cc1ccc2c(c1)n(CCN1CC[C@@H]([C@H](C1)O)NCc1ccc3c(n1)NC(=O)CO3)c(=O)cc2,1,N#Cc1ccc2ccc(=O)n(CCN3CC[C@H](NCc4ccc5c(n4)NC(=O)CO5)[C@@H](O)C3)c2c1,0
N#Cc1ccc2c(c1)[nH]c(n2)C1CCC2(CC1)OC(=O)N(C2)c1ccc(cc1)F,0,N#Cc1ccc2nc(C3CCC4(CC3)CN(c3ccc(F)cc3)C(=O)O4)[nH]c2c1,1
N#Cc1ccc2c(c1)[nH]c(n2)C1CCC2(CC1)OC(=O)N(C2)c1ccccc1,0,N#Cc1ccc2nc(C3CCC4(CC3)CN(c3ccccc3)C(=O)O4)[nH]c2c1,1
N#Cc1ccc2c(c1)[nH]c(n2)C1CCC2(CC1)OC(=O)N(C2)c1ccccn1,1,N#Cc1ccc2nc(C3CCC4(CC3)CN(c3ccccn3)C(=O)O4)[nH]c2c1,0
N#Cc1ccc2c(c1)[nH]c(n2)Cc1ccc(cc1)Oc1ccccc1,0,N#Cc1ccc2nc(Cc3ccc(Oc4ccccc4)cc3)[nH]c2c1,1
N#Cc1cccc(c1)[C@]1(O)CCC(CC1)N1CC(C1)NC(=O)CNC(=O)c1cccc(c1)C(F)(F)F,0,N#Cc1cccc(C2(O)CCC(N3CC(NC(=O)CNC(=O)c4cccc(C(F)(F)F)c4)C3)CC2)c1,1
N#Cc1cccc(c1)CN(c1cccc2c1cc[nH]2)C1CCNCC1,0,N#Cc1cccc(CN(c2cccc3[nH]ccc23)C2CCNCC2)c1,1
N#Cc1cccc2c1ncn2c1ccc(s1)C(=O)NC1CC1,1,N#Cc1cccc2c1ncn2-c1ccc(C(=O)NC2CC2)s1,0
C1C[C@@H](N2)C[C@@H](C[C@H]12)Oc(ccc3)nc3-c4ccccc4C#N,0,N#Cc1ccccc1-c1cccc(O[C@H]2C[C@H]3CC[C@@H](C2)N3)n1,1
N#Cc1ccccc1C1CCC(CC1)N1CC(C1)NC(=O)CNc1ncnc2c1cc(cc2)C(F)(F)F,0,N#Cc1ccccc1C1CCC(N2CC(NC(=O)CNc3ncnc4ccc(C(F)(F)F)cc34)C2)CC1,1
N#Cc1ccccc1Cn1c(nc2c(c1=O)cc([nH]2)c1cccnc1)N1CCCC(C1)N,1,N#Cc1ccccc1Cn1c(N2CCCC(N)C2)nc2[nH]c(-c3cccnc3)cc2c1=O,0
N#Cc1ccccc1Cn1c(nc2c(c1=O)cc([nH]2)Br)N1CCCC(C1)N,1,N#Cc1ccccc1Cn1c(N2CCCC(N)C2)nc2[nH]c(Br)cc2c1=O,0
N#Cc1ccccc1Cn1c(nc2c(c1=O)[nH]cc2Br)N1CCCC(C1)N,1,N#Cc1ccccc1Cn1c(N2CCCC(N)C2)nc2c(Br)c[nH]c2c1=O,0
OCC1NC(=NC1(c1ccc(cc1)F)c1ccc(cc1)F)c1nccc(c1)C#N,0,N#Cc1ccnc(C2=NC(c3ccc(F)cc3)(c3ccc(F)cc3)C(CO)N2)c1,1
N#Cc1ccnc(c1)N1CCC(CC1)C(=O)N1CCC(C1)NC1CCC(CC1)(O)c1ccc(cn1)c1ncccn1,1,N#Cc1ccnc(N2CCC(C(=O)N3CCC(NC4CCC(O)(c5ccc(-c6ncccn6)cn5)CC4)C3)CC2)c1,0
N#Cc3cnc(Nc2cc(CN1CCN(C(=O)CO)CC1)ccn2)s3,0,N#Cc1cnc(Nc2cc(CN3CCN(C(=O)CO)CC3)ccn2)s1,1
N#Cc1cnc(s1)Nc1nccc(c1)CN1CCN(CC1)C(=O)N,1,N#Cc1cnc(Nc2cc(CN3CCN(C(N)=O)CC3)ccn2)s1,0
N#Cc1cnc(s1)Nc1nccc(c1)CN1CCNCC1,0,N#Cc1cnc(Nc2cc(CN3CCNCC3)ccn2)s1,1
N#Cc1cnc(s1)Nc1nccc(c1)CN1CCOCC1,0,N#Cc1cnc(Nc2cc(CN3CCOCC3)ccn2)s1,1
N#Cc1cnc(s1)Nc1ncnc(c1)N,1,N#Cc1cnc(Nc2cc(N)ncn2)s1,0
N#Cc1cnc(s1)Nc1ncnc(c1)N1CCC(C1)N,0,N#Cc1cnc(Nc2cc(N3CCC(N)C3)ncn2)s1,1
NC1CCN(CC1)c1ncnc(c1)Nc1ncc(s1)C#N,0,N#Cc1cnc(Nc2cc(N3CCC(N)CC3)ncn2)s1,1
N#Cc1cnc(s1)Nc1ncnc(c1)N1CCCC(CC1)N,0,N#Cc1cnc(Nc2cc(N3CCCC(N)CC3)ncn2)s1,1
N#Cc1cnc(s1)Nc1ncnc(c1)N1CCNCCC1,0,N#Cc1cnc(Nc2cc(N3CCCNCC3)ncn2)s1,1
N#Cc1cnc(s1)Nc1ncnc(c1)N1CCN(CC1)CCCN1CCOCC1,0,N#Cc1cnc(Nc2cc(N3CCN(CCCN4CCOCC4)CC3)ncn2)s1,1
N#Cc1cnc(s1)Nc1ncnc(c1)N1CCN(CC1)CCN1CCCC1,0,N#Cc1cnc(Nc2cc(N3CCN(CCN4CCCC4)CC3)ncn2)s1,1
N#Cc1cnc(s1)Nc1ncnc(c1)N1CCN(CC1)CCN1CCOCC1,0,N#Cc1cnc(Nc2cc(N3CCN(CCN4CCOCC4)CC3)ncn2)s1,1
N#Cc1cnc(s1)Nc1ncnc(c1)N1CCNCC1,1,N#Cc1cnc(Nc2cc(N3CCNCC3)ncn2)s1,0
N#Cc1cnc(cn1)Nc1ncc(c(c1)NC[C@@H]1CNCCO1)c1cccc(c1)F,0,N#Cc1cnc(Nc2cc(NC[C@@H]3CNCCO3)c(-c3cccc(F)c3)cn2)cn1,1
N#Cc1cnc(cn1)Nc1ncc(c(c1)NC[C@@H]1CNCCO1)C#CC1(O)CCCC1,1,N#Cc1cnc(Nc2cc(NC[C@@H]3CNCCO3)c(C#CC3(O)CCCC3)cn2)cn1,0
N#Cc1cnc(cn1)Nc1ncc(c(c1)NC[C@@H]1CNCCO1)C1CC1,0,N#Cc1cnc(Nc2cc(NC[C@@H]3CNCCO3)c(C3CC3)cn2)cn1,1
N#Cc1cnc(cn1)Nc1ncc(c(c1)NC[C@H]1CNCCO1)c1cccc(c1)F,0,N#Cc1cnc(Nc2cc(NC[C@H]3CNCCO3)c(-c3cccc(F)c3)cn2)cn1,1
N#Cc1cnc(cn1)Nc1ncc(c(c1)NC[C@H]1CNCCO1)C(F)(F)F,0,N#Cc1cnc(Nc2cc(NC[C@H]3CNCCO3)c(C(F)(F)F)cn2)cn1,1
N#Cc1cnc(cn1)Nc1ncc(c(c1)NC[C@H]1CNCCO1)Cl,0,N#Cc1cnc(Nc2cc(NC[C@H]3CNCCO3)c(Cl)cn2)cn1,1
N#Cc1cnc(s1)Nc1ccnc(n1)N,1,N#Cc1cnc(Nc2ccnc(N)n2)s1,0
N#Cc1cnc(s1)Nc1ccncn1,0,N#Cc1cnc(Nc2ccncn2)s1,1
N#Cc1nc(CCC(=O)O)cc(n1)c1cccc(c1)C(F)(F)F,1,N#Cc1nc(CCC(=O)O)cc(-c2cccc(C(F)(F)F)c2)n1,0
N#Cc1nc(CCCN2CCOCC2C(=O)N)cc(n1)c1cccc(c1)C(F)(F)F,1,N#Cc1nc(CCCN2CCOCC2C(N)=O)cc(-c2cccc(C(F)(F)F)c2)n1,0
OCCCc1nc(C#N)nc(c1)c1cccc(c1)C(F)(F)F,1,N#Cc1nc(CCCO)cc(-c2cccc(C(F)(F)F)c2)n1,0
NC(=N)SCCc1ccc(cc1)OCc1ccc(cc1)[N+](=O)[O-],0,N=C(N)SCCc1ccc(OCc2ccc([N+](=O)[O-])cc2)cc1,1
N=C(c1ccccc1)Nc1ccc(cc1)OCCCCCOc1ccc(cc1)NC(=N)c1ccccc1,1,N=C(Nc1ccc(OCCCCCOc2ccc(NC(=N)c3ccccc3)cc2)cc1)c1ccccc1,0
N=C(c1cccs1)Nc1ccc2c(c1)N(CC2)C1CNCC1,1,N=C(Nc1ccc2c(c1)N(C1CCNC1)CC2)c1cccs1,0
NC(=O)C(c1ccc(cc1)Cl)NC(=O)C1(N)CCCN(C1)c1ncnc2c1cc[nH]2,1,NC(=O)C(NC(=O)C1(N)CCCN(c2ncnc3[nH]ccc23)C1)c1ccc(Cl)cc1,0
O=C(C1SCCN1S(=O)(=O)c1ccccc1F)NC1C2CC3CC1CC(C2)(C3)C(=O)N,1,NC(=O)C12CC3CC(C1)C(NC(=O)C1SCCN1S(=O)(=O)c1ccccc1F)C(C3)C2,0
NC(=O)CC(=O)N1CCc2c(C1)sc(n2)c1ccc(cc1)OC1CC(C1)N1CCCCC1,1,NC(=O)CC(=O)N1CCc2nc(-c3ccc(OC4CC(N5CCCCC5)C4)cc3)sc2C1,0
NC(=O)CN1CCc2c(C1)sc(n2)c1ccc(cc1)OC1CC(C1)N1CCCCC1,1,NC(=O)CN1CCc2nc(-c3ccc(OC4CC(N5CCCCC5)C4)cc3)sc2C1,0
O=C(NC1CN(C1)C1CCC(CC1)c1ccc(cc1)CC(=O)N)CNc1n[nH]c2c1cc(cc2)C(F)(F)F,0,NC(=O)Cc1ccc(C2CCC(N3CC(NC(=O)CNc4n[nH]c5ccc(C(F)(F)F)cc45)C3)CC2)cc1,1
NC(=O)N1CCc2c(C1)sc(n2)c1ccc(cc1)OC1CC(C1)N1CCCCC1,1,NC(=O)N1CCc2nc(-c3ccc(OC4CC(N5CCCCC5)C4)cc3)sc2C1,0
c1cccc(c12)snc2N(CC3)CCN3CCc(c4)ccc(c45)CC[C@@H]5NC(=O)N,0,NC(=O)N[C@H]1CCc2ccc(CCN3CCN(c4nsc5ccccc45)CC3)cc21,1
NC(=O)Nc1cc(sc1C(=O)NC1CCCNC1)c1cccc(c1)F,1,NC(=O)Nc1cc(-c2cccc(F)c2)sc1C(=O)NC1CCCNC1,0
NC(=O)Nc1sc(cc1C(=O)NC1CCCNC1)c1ccccc1,1,NC(=O)Nc1sc(-c2ccccc2)cc1C(=O)NC1CCCNC1,0
O=C1N(C[C@H](N1C1CCN(CC1)Cc1ccc(cc1)Oc1ccc(cc1)C(=O)N)c1ccccc1)C1CCCCC1,0,NC(=O)c1ccc(Oc2ccc(CN3CCC(N4C(=O)N(C5CCCCC5)C[C@H]4c4ccccc4)CC3)cc2)cc1,1
Fc1ccc(c(c1)F)C=Cc1ccc(cc1)S(=O)(=O)c1ccc(cc1)C(=O)N,0,NC(=O)c1ccc(S(=O)(=O)c2ccc(C=Cc3ccc(F)cc3F)cc2)cc1,1
NC(=O)c1cccc(c1)OC1CC2CCC(C1)N2C1(CC1)c1ccccc1,0,NC(=O)c1cccc(OC2CC3CCC(C2)N3C2(c3ccccc3)CC2)c1,1
NC(=O)c1cccc(c1)OC1CC2CCC(C1)N2C1CCCCC1,0,NC(=O)c1cccc(OC2CC3CCC(C2)N3C2CCCCC2)c1,1
NC(=O)c1cccc(c1)OC1CC2CCC(C1)N2C1CCCc2c1cccc2,0,NC(=O)c1cccc(OC2CC3CCC(C2)N3C2CCCc3ccccc32)c1,1
O=C(Nc1ccccc1)CN1C2CCC1CC(C2)Oc1cccc(c1)C(=O)N,0,NC(=O)c1cccc(OC2CC3CCC(C2)N3CC(=O)Nc2ccccc2)c1,1
NC(=O)c1cccc(c1)OC1CC2CCC(C1)N2CC1CC1,0,NC(=O)c1cccc(OC2CC3CCC(C2)N3CC2CC2)c1,1
NC(=O)c1cccc(c1)OC1CC2CCC(C1)N2CCCc1ccccc1,0,NC(=O)c1cccc(OC2CC3CCC(C2)N3CCCc2ccccc2)c1,1
NC(=O)c1cccc(c1)OC1CC2CCC(C1)N2CCc1ccccc1,0,NC(=O)c1cccc(OC2CC3CCC(C2)N3CCc2ccccc2)c1,1
NC(=O)c1cccc(c1)OC1CC2CCC(C1)N2Cc1ccc2c(c1)OCO2,0,NC(=O)c1cccc(OC2CC3CCC(C2)N3Cc2ccc3c(c2)OCO3)c1,1
NC(=O)c1cccc(c1)OC1CC2CCC(C1)N2Cc1ccccn1,0,NC(=O)c1cccc(OC2CC3CCC(C2)N3Cc2ccccn2)c1,1
NC(=O)c1cccc(c1)OC1CC2CCC(C1)N2Cc1cccnc1,0,NC(=O)c1cccc(OC2CC3CCC(C2)N3Cc2cccnc2)c1,1
NC(=O)c1cccc(c1)OC1CC2CCC(C1)N2Cc1cccs1,0,NC(=O)c1cccc(OC2CC3CCC(C2)N3Cc2cccs2)c1,1
NC(=O)c1cccc(c1)OC1CC2CCC(C1)N2Cc1ccncc1,0,NC(=O)c1cccc(OC2CC3CCC(C2)N3Cc2ccncc2)c1,1
O=C(Oc1cccc(c1)c1occc1C(=O)N)NCCCCCCc1ccccc1,1,NC(=O)c1ccoc1-c1cccc(OC(=O)NCCCCCCc2ccccc2)c1,0
O=C(Oc1cccc(c1)c1sccc1C(=O)N)NCCCCCCc1ccccc1,1,NC(=O)c1ccsc1-c1cccc(OC(=O)NCCCCCCc2ccccc2)c1,0
Brc1cccc(c1)n1cc(C(=O)N)c(=O)c2c1nccc2,1,NC(=O)c1cn(-c2cccc(Br)c2)c2ncccc2c1=O,0
Fc1cccc(c1Cn1nnc(c1)C(=O)N)F,1,NC(=O)c1cn(Cc2c(F)cccc2F)nn1,0
NC(=O)c1cncc(n1)O[C@@H]1C[C@@H]2CC[C@H](C1)N2Cc1ccccc1,1,NC(=O)c1cncc(O[C@H]2C[C@H]3CC[C@@H](C2)N3Cc2ccccc2)n1,0
O=C(NC1CN(C1)C1CC[C@](CC1)(O)c1nccs1)CNc1nn(c2c1cc(cc2)C(F)(F)F)C(=O)N,1,NC(=O)n1nc(NCC(=O)NC2CN(C3CCC(O)(c4nccs4)CC3)C2)c2cc(C(F)(F)F)ccc21,0
O=C(N[C@@H]1CN(C1)[C@@H]1CC[C@H](CC1)c1ccc2c(c1)OCO2)CNc1nn(c2c1cc(cc2)C(F)(F)F)C(=O)N,1,NC(=O)n1nc(NCC(=O)NC2CN([C@H]3CC[C@H](c4ccc5c(c4)OCO5)CC3)C2)c2cc(C(F)(F)F)ccc21,0
O=C(NC1CCC(CC1)C(C(=O)N1CCC(C1)(F)F)N)OCc1ccccc1,1,NC(C(=O)N1CCC(F)(F)C1)C1CCC(NC(=O)OCc2ccccc2)CC1,0
O=C(C(C1CCC(CC1)NC(=O)c1ccc(c(c1)F)F)N)N1CCC(C1)(F)F,1,NC(C(=O)N1CCC(F)(F)C1)C1CCC(NC(=O)c2ccc(F)c(F)c2)CC1,0
O=C(C(C1CCCCC1)N)N1CCC(C1)(F)F,1,NC(C(=O)N1CCC(F)(F)C1)C1CCCCC1,0
FC1CCN(C1)C(=O)C(C1CCCCC1)N,1,NC(C(=O)N1CCC(F)C1)C1CCCCC1,0
NC(C(=O)N1CCCC1)C1CCC(CC1)NC(=O)OCc1ccccc1,1,NC(C(=O)N1CCCC1)C1CCC(NC(=O)OCc2ccccc2)CC1,0
O=C(C(C1CCC(CC1)NC(=O)c1ccc(c(c1)F)F)N)N1CCCC1,1,NC(C(=O)N1CCCC1)C1CCC(NC(=O)c2ccc(F)c(F)c2)CC1,0
O=C(C(C1CCC(CC1)NC(=O)c1ccccc1C(F)(F)F)N)N1CSCC1,1,NC(C(=O)N1CCSC1)C1CCC(NC(=O)c2ccccc2C(F)(F)F)CC1,0
O=C(C(C1CCCCC1)N)N1CSCC1,1,NC(C(=O)N1CCSC1)C1CCCCC1,0
NC(=Nc1scc(n1)CSCC/C(=N\S(=O)(=O)N)/N)N,1,NC(N)=Nc1nc(CSCC/C(N)=N\S(N)(=O)=O)cs1,0
NC(C(c1cccnc1)(c1cccnc1)O)c1ccccc1,1,NC(c1ccccc1)C(O)(c1cccnc1)c1cccnc1,0
Clc1ccc(cc1)C(NC(=O)C1(N)CCCN(C1)c1ncnc2c1cc[nH]2)CCCN1CCCC1,1,NC1(C(=O)NC(CCCN2CCCC2)c2ccc(Cl)cc2)CCCN(c2ncnc3[nH]ccc23)C1,0
Clc1ccc(cc1)C(NC(=O)C1(N)CCCN(C1)c1ncnc2c1cc[nH]2)CCCN1CCCCC1,1,NC1(C(=O)NC(CCCN2CCCCC2)c2ccc(Cl)cc2)CCCN(c2ncnc3[nH]ccc23)C1,0
Clc1ccc(cc1)C(NC(=O)C1(N)CCCN(C1)c1ncnc2c1cc[nH]2)CCCN1CCOCC1,1,NC1(C(=O)NC(CCCN2CCOCC2)c2ccc(Cl)cc2)CCCN(c2ncnc3[nH]ccc23)C1,0
OCCCC(c1ccc(cc1)Cl)NC(=O)C1(N)CCCN(C1)c1ncnc2c1cc[nH]2,1,NC1(C(=O)NC(CCCO)c2ccc(Cl)cc2)CCCN(c2ncnc3[nH]ccc23)C1,0
Clc1ccc(cc1)C(NC(=O)C1(N)CCCN(C1)c1ncnc2c1cc[nH]2)CCN1CCCC1,1,NC1(C(=O)NC(CCN2CCCC2)c2ccc(Cl)cc2)CCCN(c2ncnc3[nH]ccc23)C1,0
Clc1ccc(cc1)C(NC(=O)C1(N)CCCN(C1)c1ncnc2c1cc[nH]2)CCN1CCCCC1,1,NC1(C(=O)NC(CCN2CCCCC2)c2ccc(Cl)cc2)CCCN(c2ncnc3[nH]ccc23)C1,0
OCCC(c1ccc(cc1)Cl)NC(=O)C1(N)CCCN(C1)c1ncnc2c1cc[nH]2,1,NC1(C(=O)NC(CCO)c2ccc(Cl)cc2)CCCN(c2ncnc3[nH]ccc23)C1,0
Clc1ccc(cc1)C(NC(=O)C1(N)CCCN(C1)c1ncnc2c1cc[nH]2)CCS(=O)(=O)N,1,NC1(C(=O)NC(CCS(N)(=O)=O)c2ccc(Cl)cc2)CCCN(c2ncnc3[nH]ccc23)C1,0
OCC(c1ccc(cc1)Cl)NC(=O)C1(N)CCCN(C1)c1ncnc2c1cc[nH]2,1,NC1(C(=O)NC(CO)c2ccc(Cl)cc2)CCCN(c2ncnc3[nH]ccc23)C1,0
Clc1ccc(cc1)C(CS(=O)(=O)N)NC(=O)C1(N)CCCN(C1)c1ncnc2c1cc[nH]2,1,NC1(C(=O)NC(CS(N)(=O)=O)c2ccc(Cl)cc2)CCCN(c2ncnc3[nH]ccc23)C1,0
Clc1ccc(cc1)C(C1CC1)NC(=O)C1(N)CCCN(C1)c1ncnc2c1cc[nH]2,0,NC1(C(=O)NC(c2ccc(Cl)cc2)C2CC2)CCCN(c2ncnc3[nH]ccc23)C1,1
Clc1ccc(cc1)C(c1ccccc1)NC(=O)C1(N)CCCN(C1)c1ncnc2c1cc[nH]2,0,NC1(C(=O)NC(c2ccccc2)c2ccc(Cl)cc2)CCCN(c2ncnc3[nH]ccc23)C1,1
Clc1ccc(cc1)CNC(=O)C1(N)CCCN(C1)c1ncnc2c1cc[nH]2,0,NC1(C(=O)NCc2ccc(Cl)cc2)CCCN(c2ncnc3[nH]ccc23)C1,1
O=C(NC1CN(C1)C1CC[C@](CC1)(N)c1ccccc1)CNC(=O)c1cccc(c1)C(F)(F)F,0,NC1(c2ccccc2)CCC(N2CC(NC(=O)CNC(=O)c3cccc(C(F)(F)F)c3)C2)CC1,1
NC1=NC(c2c1cccc2)(c1ccnc(c1)C(F)(F)F)c1cccc(c1)c1cncnc1,0,NC1=NC(c2cccc(-c3cncnc3)c2)(c2ccnc(C(F)(F)F)c2)c2ccccc21,1
Fc1cc(F)c2c(c1)C(N=C2N)(c1ccnc(c1)C(F)F)c1cccc(c1)c1cncnc1,1,NC1=NC(c2cccc(-c3cncnc3)c2)(c2ccnc(C(F)F)c2)c2cc(F)cc(F)c21,0
Fc1ccc(cc1c1cncnc1)C1(N=C(c2c1cccc2F)N)c1ccnc(c1)C(F)(F)F,1,NC1=NC(c2ccnc(C(F)(F)F)c2)(c2ccc(F)c(-c3cncnc3)c2)c2cccc(F)c21,0
NC1=NCC2N1c1ccccc1Cc1c2cccc1,1,NC1=NCC2c3ccccc3Cc3ccccc3N12,0
c1cc2c(cc1)Cc1c(N3C(=NC[C@@H]23)N)cccc1,1,NC1=NC[C@H]2c3ccccc3Cc3ccccc3N12,0
NC1=N[C@@]2(CO1)c1cc(ccc1Oc1c2cc(nc1F)c1ccc(nc1)F)c1cccnc1F,1,NC1=N[C@@]2(CO1)c1cc(-c3cccnc3F)ccc1Oc1c2cc(-c2ccc(F)nc2)nc1F,0
NC1=N[C@@]2(CO1)c1cc(ccc1Oc1c2cc(nc1F)C1COCC=C1)c1cccnc1F,1,NC1=N[C@@]2(CO1)c1cc(-c3cccnc3F)ccc1Oc1c2cc(C2C=CCOC2)nc1F,0
NC1=N[C@@]2(CO1)c1cc(ccc1Oc1c2cc(nc1F)C1CCCOC1)c1cccnc1F,1,NC1=N[C@@]2(CO1)c1cc(-c3cccnc3F)ccc1Oc1c2cc(C2CCCOC2)nc1F,0
FC1CCN(C1)c1nc(F)c2c(c1)[C@]1(COC(=N1)N)c1c(O2)ccc(c1)c1cccnc1F,1,NC1=N[C@@]2(CO1)c1cc(-c3cccnc3F)ccc1Oc1c2cc(N2CCC(F)C2)nc1F,0
Fc1ccc(c(c1)F)[C@@]12CO[C@@H](C[C@H]2CSC(=N1)N)c1ncco1,1,NC1=N[C@@]2(c3ccc(F)cc3F)CO[C@H](c3ncco3)C[C@H]2CS1,0
C1C[C@H](F)CN1c(nc2)cc3c2Oc(c4[C@@]35N=C(N)OC5)ccc(c4)-c6cccnc6F,0,NC1=N[C@]2(CO1)c1cc(-c3cccnc3F)ccc1Oc1cnc(N3CC[C@H](F)C3)cc12,1
Clc1ccc2c(c1)[C@](O)(c1ccccc1)C(=N2)N,1,NC1=Nc2ccc(Cl)cc2[C@]1(O)c1ccccc1,0
O=C1COc2c(N1)nc(cc2)CNC12CCC(CC1)(OC2)CCc1c(F)cnc2c1nc(OCC1NC(=O)C1N)cc2,1,NC1C(=O)NC1COc1ccc2ncc(F)c(CCC34CCC(NCc5ccc6c(n5)NC(=O)CO6)(CC3)CO4)c2n1,0
O=C1COc2c(N1)nc(cc2)CNC12CCC(CC1)(OC2)CCc1c(F)cnc2c1nc(cc2)OC1CNC(=O)C1N,1,NC1C(=O)NCC1Oc1ccc2ncc(F)c(CCC34CCC(NCc5ccc6c(n5)NC(=O)CO6)(CC3)CO4)c2n1,0
NC1CC(=CCC1c1cc(F)c(cc1F)F)C(=O)N1CCn2c(C1)nnc2C(F)(F)F,1,NC1CC(C(=O)N2CCn3c(nnc3C(F)(F)F)C2)=CCC1c1cc(F)c(F)cc1F,0
NC1CCCN(C1)c1c(cccc1c1ccccc1)/C=C/1\SC(=O)NC1=O,1,NC1CCCN(c2c(/C=C3\SC(=O)NC3=O)cccc2-c2ccccc2)C1,0
NC1CCCN(C1)c1c(cccc1c1ccncc1)/C=C/1\SC(=O)NC1=O,1,NC1CCCN(c2c(/C=C3\SC(=O)NC3=O)cccc2-c2ccncc2)C1,0
NC1CCCN(C1)c1c(cccc1Br)/C=C\1/SC(=O)NC1=O,1,NC1CCCN(c2c(Br)cccc2/C=C2/SC(=O)NC2=O)C1,0
NC1CCCN(C1)c1c(cccc1Cl)/C=C\1/SC(=O)NC1=O,1,NC1CCCN(c2c(Cl)cccc2/C=C2/SC(=O)NC2=O)C1,0
NC1CCCN(C1)c1ccccc1/C=C\1/SC(=O)NC1=O,1,NC1CCCN(c2ccccc2/C=C2/SC(=O)NC2=O)C1,0
NC1CN(CC1c1cc(F)c(cc1F)F)c1ccc(cn1)n1ccc(cc1=O)OCc1ccccc1,0,NC1CN(c2ccc(-n3ccc(OCc4ccccc4)cc3=O)cn2)CC1c1cc(F)c(F)cc1F,1
Fc1ccc(c(c1)C1CN(CC1N)c1ccc(cn1)n1ccc(cc1=O)OCc1ccccc1)F,0,NC1CN(c2ccc(-n3ccc(OCc4ccccc4)cc3=O)cn2)CC1c1cc(F)ccc1F,1
NC1CN(CCC1c1cc(F)c(cc1F)F)c1ccc2n(n1)ccc(=O)n2,1,NC1CN(c2ccc3nc(=O)ccn3n2)CCC1c1cc(F)c(F)cc1F,0
NC1CN(CCC1c1cc(F)c(cc1F)F)c1ccc2n(n1)nc(n2)C(F)(F)F,0,NC1CN(c2ccc3nc(C(F)(F)F)nn3n2)CCC1c1cc(F)c(F)cc1F,1
NC1CN(CCC1c1cc(F)c(cc1F)F)c1ccn2c(n1)nnc2,1,NC1CN(c2ccn3cnnc3n2)CCC1c1cc(F)c(F)cc1F,0
NC1CN(CCC1c1cc(F)c(cc1F)F)c1ccncn1,1,NC1CN(c2ccncn2)CCC1c1cc(F)c(F)cc1F,0
NC1CN(CCC1c1cc(F)c(cc1F)F)c1cnc2c(n1)nccn2,0,NC1CN(c2cnc3nccnc3n2)CCC1c1cc(F)c(F)cc1F,1
NC1Cn2c(CC1c1cc(F)c(cc1F)F)nc1c2ccc(c1)C(F)(F)F,0,NC1Cn2c(nc3cc(C(F)(F)F)ccc32)CC1c1cc(F)c(F)cc1F,1
Fc1ccc2c(c1)n1CC(N)C(Cc1n2)c1cc(F)c(cc1F)F,1,NC1Cn2c(nc3ccc(F)cc32)CC1c1cc(F)c(F)cc1F,0
NC1Cn2c(CC1c1cc(F)c(cc1F)F)nc1c2cc(nc1)C(F)(F)F,1,NC1Cn2c(nc3cnc(C(F)(F)F)cc32)CC1c1cc(F)c(F)cc1F,0
Fc1ncc2c(c1)n1CC(N)C(Cc1n2)c1cc(F)c(cc1F)F,1,NC1Cn2c(nc3cnc(F)cc32)CC1c1cc(F)c(F)cc1F,0
NC1Cn2c(CC1c1cc(F)c(cc1F)F)nc1c2ccnc1,1,NC1Cn2c(nc3cnccc32)CC1c1cc(F)c(F)cc1F,0
NC1Cn2c(CC1c1cc(F)c(cc1F)F)nc1c2cccn1,1,NC1Cn2c(nc3ncccc32)CC1c1cc(F)c(F)cc1F,0
NCCc1c[nH]c(=S)n1[C@H]1COc2c(C1)cc(cc2F)F,1,NCCc1c[nH]c(=S)n1[C@H]1COc2c(F)cc(F)cc2C1,0
NC[C@@H]1CC[C@@]2(CC1)OO[C@]4(O2)C3CC5CC(C3)CC4C5,0,NC[C@H]1CC[C@]2(CC1)OO[C@]1(O2)C2CC3CC(C2)CC1C3,1
Clc1ccc2c(c1)ncnc2N1CCC(CC1)CCNS(=O)(=O)N,0,NS(=O)(=O)NCCC1CCN(c2ncnc3cc(Cl)ccc23)CC1,1
Clc1ccc2c(c1)c(ncn2)N1CCC(CC1)CCNS(=O)(=O)N,0,NS(=O)(=O)NCCC1CCN(c2ncnc3ccc(Cl)cc23)CC1,1
NS(=O)(=O)c1cccc(c1)CN(c1cccc2c1cc[nH]2)C1CCNCC1,1,NS(=O)(=O)c1cccc(CN(c2cccc3[nH]ccc23)C2CCNCC2)c1,0
C1C[C@@H](F)CN1C(=O)[C@H](N)[C@H]2CC[C@H](CC2)NS(=O)(=O)c(cc3)c(F)cc3F,1,N[C@@H](C(=O)N1CC[C@@H](F)C1)[C@H]1CC[C@@H](NS(=O)(=O)c2ccc(F)cc2F)CC1,0
N[C@H](Cc1cc(F)c(cc1F)F)CC(=O)N1CCC2C1CCC2,1,N[C@@H](CC(=O)N1CCC2CCCC21)Cc1cc(F)c(F)cc1F,0
N[C@H](Cc1ccccc1F)CC(=O)N1CCC[C@H]1C(=O)NCc1ccc(cc1)C(F)(F)F,0,N[C@@H](CC(=O)N1CCC[C@H]1C(=O)NCc1ccc(C(F)(F)F)cc1)Cc1ccccc1F,1
N[C@@H](CC(=O)N1CCC[C@H]1C(=O)NCc1ccc(cc1)CC(=O)O)Cc1ccc(c(c1)F)F,1,N[C@@H](CC(=O)N1CCC[C@H]1C(=O)NCc1ccc(CC(=O)O)cc1)Cc1ccc(F)c(F)c1,0
O=C1COc2c(N1)nc(cc2)CNC1CCC(CC1)[C@H](Cn1c(=O)ccc2c1cc(F)cn2)N,1,N[C@@H](Cn1c(=O)ccc2ncc(F)cc21)C1CCC(NCc2ccc3c(n2)NC(=O)CO3)CC1,0
O=C1COc2c(N1)nc(cc2)CNC1CCC(CC1)[C@H](Cn1c(=O)cnc2c1cc(F)cc2)N,1,N[C@@H](Cn1c(=O)cnc2ccc(F)cc21)C1CCC(NCc2ccc3c(n2)NC(=O)CO3)CC1,0
N[C@@H]1CCCC[C@H]1Nc1nc(Nc2cccc3c2[nH]cc3Cl)c2c(c1)nc[nH]c2=O,1,N[C@@H]1CCCC[C@H]1Nc1cc2nc[nH]c(=O)c2c(Nc2cccc3c(Cl)c[nH]c23)n1,0
N[C@@H]1CCCC[C@H]1Nc1nc(Nc2cccc3c2[nH]cc3)c2c(c1)nc[nH]c2=O,1,N[C@@H]1CCCC[C@H]1Nc1cc2nc[nH]c(=O)c2c(Nc2cccc3cc[nH]c23)n1,0
N[C@@H]1COCC[C@H]1Nc1cc2cc[nH]c(=O)c2c(n1)Nc1cccc2c1[nH]cc2,1,N[C@@H]1COCC[C@H]1Nc1cc2cc[nH]c(=O)c2c(Nc2cccc3cc[nH]c23)n1,0
N[C@H](C(=O)N1CCC(F)(F)C1)C2CCCCC2,1,N[C@H](C(=O)N1CCC(F)(F)C1)C1CCCCC1,0
FC1(F)CN(CC1)C(=O)[C@@H](N)[C@@H]2CC[C@@H](CC2)NC(=O)OCc3ccccc3,1,N[C@H](C(=O)N1CCC(F)(F)C1)[C@H]1CC[C@@H](NC(=O)OCc2ccccc2)CC1,0
FC1(F)CN(CC1)C(=O)[C@@H](N)[C@@H]2CC[C@@H](CC2)NC(=O)c(cc3F)ccc3F,1,N[C@H](C(=O)N1CCC(F)(F)C1)[C@H]1CC[C@@H](NC(=O)c2ccc(F)c(F)c2)CC1,0
[H][C@]3([C@H](N)C(=O)N1CCC(F)(F)C1)CC[C@H](NC(=O)c2ccc(F)c(F)c2)CC3,1,N[C@H](C(=O)N1CCC(F)(F)C1)[C@H]1CC[C@H](NC(=O)c2ccc(F)c(F)c2)CC1,0
FC1CCN(C1)C(=O)[C@H](C1CCC(CC1)NC(=O)OCc1ccccc1)N,1,N[C@H](C(=O)N1CCC(F)C1)C1CCC(NC(=O)OCc2ccccc2)CC1,0
FC1CCN(C1)C(=O)[C@H](C1CCC(CC1)NC(=O)c1ccc(c(c1)F)F)N,1,N[C@H](C(=O)N1CCC(F)C1)C1CCC(NC(=O)c2ccc(F)c(F)c2)CC1,0
FC1CCN(C1)C(=O)[C@H](C1CCC(CC1)NS(=O)(=O)c1ccc(cc1F)F)N,1,N[C@H](C(=O)N1CCC(F)C1)C1CCC(NS(=O)(=O)c2ccc(F)cc2F)CC1,0
N[C@H](C(=O)N1CCC(F)C1)C2CCCCC2,1,N[C@H](C(=O)N1CCC(F)C1)C1CCCCC1,0
[H][C@@]3([C@H](N)C(=O)N1CCC(F)C1)CC[C@@H](NC(=O)OCc2ccccc2)CC3,1,N[C@H](C(=O)N1CCC(F)C1)[C@H]1CC[C@H](NC(=O)OCc2ccccc2)CC1,0
[H][C@@]3([C@H](N)C(=O)N1CCC(F)C1)CC[C@@H](NC(=O)c2ccc(F)c(F)c2)CC3,1,N[C@H](C(=O)N1CCC(F)C1)[C@H]1CC[C@H](NC(=O)c2ccc(F)c(F)c2)CC1,0
[H][C@@]3([C@H](N)C(=O)N1CCC(F)C1)CC[C@@H](NS(=O)(=O)c2ccc(F)cc2F)CC3,1,N[C@H](C(=O)N1CCC(F)C1)[C@H]1CC[C@H](NS(=O)(=O)c2ccc(F)cc2F)CC1,0
[H][C@@]3([C@H](N)C(=O)N1CCC(F)C1)CC[C@@H](NS(=O)(=O)c2ccc(OC(F)(F)F)cc2)CC3,0,N[C@H](C(=O)N1CCC(F)C1)[C@H]1CC[C@H](NS(=O)(=O)c2ccc(OC(F)(F)F)cc2)CC1,1
N[C@H](C(=O)N1CCCC1)C1CCC(CC1)NC(=O)OCc1ccccc1,1,N[C@H](C(=O)N1CCCC1)C1CCC(NC(=O)OCc2ccccc2)CC1,0
N[C@H](C(=O)N1CCCC1)C1CCC(CC1)NC(=O)c1ccc(cc1)OC(F)(F)F,0,N[C@H](C(=O)N1CCCC1)C1CCC(NC(=O)c2ccc(OC(F)(F)F)cc2)CC1,1
O=C([C@H](C1CCC(CC1)NC(=O)c1cccc2c1cccc2)N)N1CCCC1,1,N[C@H](C(=O)N1CCCC1)C1CCC(NC(=O)c2cccc3ccccc23)CC1,0
Fc1ccc(c(c1)F)S(=O)(=O)NC1CCC(CC1)[C@@H](C(=O)N1CCCC1)N,1,N[C@H](C(=O)N1CCCC1)C1CCC(NS(=O)(=O)c2ccc(F)cc2F)CC1,0
O=C([C@H](C1CCC(CC1)NS(=O)(=O)c1ccc(cc1)NS(=O)(=O)CC(F)(F)F)N)N1CCCC1,1,N[C@H](C(=O)N1CCCC1)C1CCC(NS(=O)(=O)c2ccc(NS(=O)(=O)CC(F)(F)F)cc2)CC1,0
C1CCCN1C(=O)[C@@H](N)[C@@H]2CC[C@@H](CC2)NC(=O)OCc3ccccc3,1,N[C@H](C(=O)N1CCCC1)[C@H]1CC[C@@H](NC(=O)OCc2ccccc2)CC1,0
C1CCCN1C(=O)[C@@H](N)[C@@H]2CC[C@@H](CC2)NC(=O)c(cc3F)ccc3F,1,N[C@H](C(=O)N1CCCC1)[C@H]1CC[C@@H](NC(=O)c2ccc(F)c(F)c2)CC1,0
C1CCCN1C(=O)[C@@H](N)[C@@H]2CC[C@@H](CC2)NS(=O)(=O)c(cc3)c(F)cc3F,1,N[C@H](C(=O)N1CCCC1)[C@H]1CC[C@@H](NS(=O)(=O)c2ccc(F)cc2F)CC1,0
[H][C@@]4([C@H](N)C(=O)N1CCCC1)CC[C@@H](NC(=O)c2cccc3ccccc23)CC4,1,N[C@H](C(=O)N1CCCC1)[C@H]1CC[C@H](NC(=O)c2cccc3ccccc23)CC1,0
O=C([C@H](C1CCC(CC1)NC(=O)c1cccc2c1cccc2)N)N1CSCC1,1,N[C@H](C(=O)N1CCSC1)C1CCC(NC(=O)c2cccc3ccccc23)CC1,0
N[C@H](C(=O)N1CCSC1)C2CCCCC2,1,N[C@H](C(=O)N1CCSC1)C1CCCCC1,0
C1CSCN1C(=O)[C@@H](N)[C@@H]2CC[C@@H](CC2)NC(=O)c3ccccc3C(F)(F)F,1,N[C@H](C(=O)N1CCSC1)[C@H]1CC[C@@H](NC(=O)c2ccccc2C(F)(F)F)CC1,0
C1C[C@@H](F)CN1C(=O)[C@@H](N)[C@@H]2CC[C@@H](CC2)NC(=O)OCc3ccccc3,1,N[C@H](C(=O)N1CC[C@@H](F)C1)[C@H]1CC[C@@H](NC(=O)OCc2ccccc2)CC1,0
C1C[C@@H](F)CN1C(=O)[C@@H](N)[C@@H]2CC[C@@H](CC2)NS(=O)(=O)c(cc3)ccc3OC(F)(F)F,0,N[C@H](C(=O)N1CC[C@@H](F)C1)[C@H]1CC[C@@H](NS(=O)(=O)c2ccc(OC(F)(F)F)cc2)CC1,1
F[C@H]1CCN(C1)C(=O)[C@H]([C@H](c1ccc(cc1)c1ccc(cc1)F)C(=O)O)N,1,N[C@H](C(=O)N1CC[C@H](F)C1)[C@@H](C(=O)O)c1ccc(-c2ccc(F)cc2)cc1,0
F[C@H]1CCN(C1)C(=O)[C@H]([C@@H](C(=O)n1cnnn1)c1ccc(cc1)c1ccc(cc1)F)N,1,N[C@H](C(=O)N1CC[C@H](F)C1)[C@@H](C(=O)n1cnnn1)c1ccc(-c2ccc(F)cc2)cc1,0
C1C[C@H](F)CN1C(=O)[C@@H](N)[C@@H]2CC[C@@H](CC2)NC(=O)OCc3ccccc3,1,N[C@H](C(=O)N1CC[C@H](F)C1)[C@H]1CC[C@@H](NC(=O)OCc2ccccc2)CC1,0
C1C[C@H](F)CN1C(=O)[C@@H](N)[C@@H]2CC[C@@H](CC2)NC(=O)c(cc3F)ccc3F,1,N[C@H](C(=O)N1CC[C@H](F)C1)[C@H]1CC[C@@H](NC(=O)c2ccc(F)c(F)c2)CC1,0
C1C[C@H](F)CN1C(=O)[C@@H](N)[C@@H]2CC[C@@H](CC2)NS(=O)(=O)c(cc3)c(F)cc3F,1,N[C@H](C(=O)N1CC[C@H](F)C1)[C@H]1CC[C@@H](NS(=O)(=O)c2ccc(F)cc2F)CC1,0
C1C[C@H](F)CN1C(=O)[C@@H](N)[C@@H]2CC[C@@H](CC2)NS(=O)(=O)c(cc3)ccc3OC(F)(F)F,0,N[C@H](C(=O)N1CC[C@H](F)C1)[C@H]1CC[C@@H](NS(=O)(=O)c2ccc(OC(F)(F)F)cc2)CC1,1
O=C(c1ncc2c(c1)cccc2)N1C[C@H]([C@H](C1)N)C(=O)N1CCCC1,1,N[C@H]1CN(C(=O)c2cc3ccccc3cn2)C[C@H]1C(=O)N1CCCC1,0
O=C(c1ccc2c(c1)scn2)N1C[C@H]([C@H](C1)N)C(=O)N1CCCC1,1,N[C@H]1CN(C(=O)c2ccc3ncsc3c2)C[C@H]1C(=O)N1CCCC1,0
N[C@H]3CN(C(=O)c2cnc1ccccc1n2)CC3C(=O)N4CCCC4,1,N[C@H]1CN(C(=O)c2cnc3ccccc3n2)CC1C(=O)N1CCCC1,0
O=C(c1cnc2c(n1)cccc2)N1C[C@H]([C@H](C1)N)C(=O)N1CCCC1,1,N[C@H]1CN(C(=O)c2cnc3ccccc3n2)C[C@H]1C(=O)N1CCCC1,0
O=c1[nH]cc(cc1N)c1ccncc1,1,Nc1cc(-c2ccncc2)c[nH]c1=O,0
Nc4cc(CNC(=O)c3ccc(Oc2ccc(OCc1cccc(F)c1)cc2)nc3)ccn4,1,Nc1cc(CNC(=O)c2ccc(Oc3ccc(OCc4cccc(F)c4)cc3)nc2)ccn1,0
O=C1NCC2(N1)CCN(CC2)c1ccc(cn1)C(=O)Nc1cc(ccc1N)c1cccs1,1,Nc1ccc(-c2cccs2)cc1NC(=O)c1ccc(N2CCC3(CC2)CNC(=O)N3)nc1,0
Nc4ccc(C(=O)N3CC2CC(CN(Cc1ccccc1)C2)C3)cc4,0,Nc1ccc(C(=O)N2CC3CC(CN(Cc4ccccc4)C3)C2)cc1,1
Nc1ccc(cc1)C(=O)N1C[C@@H]2CN(C[C@H](C1)C2)Cc1ccccc1,0,Nc1ccc(C(=O)N2C[C@@H]3C[C@@H](CN(Cc4ccccc4)C3)C2)cc1,1
C1N(Cc2ccccc2)C[C@@H]2CN(C[C@@H]1C2)C(c1ccc(cc1)N)=O,0,Nc1ccc(C(=O)N2C[C@@H]3C[C@H](CN(Cc4ccccc4)C3)C2)cc1,1
Nc1ccc2c(c1)[nH]c(n2)Cc1ccc(cc1)Oc1ccccc1,0,Nc1ccc2nc(Cc3ccc(Oc4ccccc4)cc3)[nH]c2c1,1
Nc1ccccc1NC(=O)c4ccc(c3ncc(CNN2CCC2)cc3Cl)cc4,1,Nc1ccccc1NC(=O)c1ccc(-c2ncc(CNN3CCC3)cc2Cl)cc1,0
Nc1ccccc1NC(=O)c4ccc(c3ncc(CNN2CCC2)cc3F)cc4,1,Nc1ccccc1NC(=O)c1ccc(-c2ncc(CNN3CCC3)cc2F)cc1,0
O=C(OCc1ccccc1)NCc1ccc(cc1)C(=O)Nc1ccccc1N,1,Nc1ccccc1NC(=O)c1ccc(CNC(=O)OCc2ccccc2)cc1,0
O=C(c1ccc(cc1)CNc1nccc(n1)c1ccccc1)Nc1ccccc1N,1,Nc1ccccc1NC(=O)c1ccc(CNc2nccc(-c3ccccc3)n2)cc1,0
O=C(NC1CN(C1)C1CCC(CC1)c1ncccc1N)CNC(=O)c1cccc(c1)C(F)(F)F,1,Nc1cccnc1C1CCC(N2CC(NC(=O)CNC(=O)c3cccc(C(F)(F)F)c3)C2)CC1,0
O=C(NC1CN(C1)C1CCC(CC1)c1ncccc1N)CNc1ncnc2c1cc(cc2)C(F)(F)F,0,Nc1cccnc1C1CCC(N2CC(NC(=O)CNc3ncnc4ccc(C(F)(F)F)cc34)C2)CC1,1
O=C(C1CCCO1)NC1(CCN(CC1)c1nccc(c1)N)c1ccccc1,1,Nc1ccnc(N2CCC(NC(=O)C3CCCO3)(c3ccccc3)CC2)c1,0
c1c(N)ccnc1N(CC2)CCC23c4c(cccc4)[C@@H](O3)c5ccccc5,0,Nc1ccnc(N2CCC3(CC2)O[C@@H](c2ccccc2)c2ccccc23)c1,1
Nc1cnc(cn1)COc1ccc(cc1)C1(CCCO1)c1ccc(nc1)c1nnco1,1,Nc1cnc(COc2ccc(C3(c4ccc(-c5nnco5)nc4)CCCO3)cc2)cn1,0
O=C(NC1CN(C1)C1CCC(CC1)c1ccncc1N)CNc1ncnc2c1cc(cc2)C(F)(F)F,1,Nc1cnccc1C1CCC(N2CC(NC(=O)CNc3ncnc4ccc(C(F)(F)F)cc34)C2)CC1,0
Nc1nc(c2ccccc2Cl)c2c(n1)N(C(=O)NC2)c1c(Cl)cccc1Cl,0,Nc1nc(-c2ccccc2Cl)c2c(n1)N(c1c(Cl)cccc1Cl)C(=O)NC2,1
O=C(Cc1csc(n1)N)Nc1ccc(cc1)CC1CCC(N1)C(c1ccccc1)O,1,Nc1nc(CC(=O)Nc2ccc(CC3CCC(C(O)c4ccccc4)N3)cc2)cs1,0
O=C(c1cc(Cl)cc2c1nc(o2)N)NC1CN2CCC1CC2,0,Nc1nc2c(C(=O)NC3CN4CCC3CC4)cc(Cl)cc2o1,1
O=C(c1cccc2c1nc(o2)N)NC1CN2CCC1CC2,1,Nc1nc2c(C(=O)NC3CN4CCC3CC4)cccc2o1,0
Nc1nc2c(s1)cc(cc2)OC(F)(F)F,1,Nc1nc2ccc(OC(F)(F)F)cc2s1,0
O=C(c1ccc(cc1)c1cnc(c(c1)c1ccc(cc1)C(F)(F)F)N)N1CCNCC1,0,Nc1ncc(-c2ccc(C(=O)N3CCNCC3)cc2)cc1-c1ccc(C(F)(F)F)cc1,1
Nc1nccc2c1ccc(c2)OC1CCCN(C1)Cc1ccccc1,0,Nc1nccc2cc(OC3CCCN(Cc4ccccc4)C3)ccc12,1
Nc1nccc2c1ccc(c2)OC1CCCNC1,1,Nc1nccc2cc(OC3CCCNC3)ccc12,0
Nc1nnc(o1)c1ccc(cn1)C1(CCCO1)c1ccc(cc1)OCc1ccccn1,1,Nc1nnc(-c2ccc(C3(c4ccc(OCc5ccccn5)cc4)CCCO3)cn2)o1,0
Nc1nnc2n1ccc1c2cc(c(n1)c1ccc(cc1)CN1CCC(CC1)c1nnc([nH]1)c1ccccn1)c1ccccc1,0,Nc1nnc2c3cc(-c4ccccc4)c(-c4ccc(CN5CCC(c6nnc(-c7ccccn7)[nH]6)CC5)cc4)nc3ccn12,1
ONC(=O)/C=C/c1ccc(cc1)CN(CC(F)(F)F)CCc1c[nH]c2c1cccc2,1,O=C(/C=C/c1ccc(CN(CCc2c[nH]c3ccccc23)CC(F)(F)F)cc1)NO,0
ONC(=O)/C=C/c1ccc(cc1)CN(CCC(F)(F)F)CCc1c[nH]c2c1cccc2,1,O=C(/C=C/c1ccc(CN(CCc2c[nH]c3ccccc23)CCC(F)(F)F)cc1)NO,0
ONC(=O)/C=C/c1ccc(cc1)CNCCc1c[nH]c2c1cncc2,1,O=C(/C=C/c1ccc(CNCCc2c[nH]c3ccncc23)cc1)NO,0
ONC(=O)/C=C/c1ccc(cc1)CNCCc1cnc2n1cccc2,1,O=C(/C=C/c1ccc(CNCCc2cnc3ccccn23)cc1)NO,0
O=C(/C=C/c1ccc(c(c1)O)O)OCCc1ccccc1,1,O=C(/C=C/c1ccc(O)c(O)c1)OCCc1ccccc1,0
ONC(=O)/C=C/c1cccc(c1)S(=O)(=O)Nc1ccccc1,1,O=C(/C=C/c1cccc(S(=O)(=O)Nc2ccccc2)c1)NO,0
O=C(C1CC1c1ccc(cc1)C(F)(F)F)N1CCN(CC1)S(=O)(=O)c1cc(cc(c1)C(F)(F)F)c1nn[nH]c1,0,O=C(C1CC1c1ccc(C(F)(F)F)cc1)N1CCN(S(=O)(=O)c2cc(-c3c[nH]nn3)cc(C(F)(F)F)c2)CC1,1
O=C(C1CC1c1ccc(cc1)C(F)(F)F)N1CCN(CC1)S(=O)(=O)c1cc(cc(c1)C(F)(F)F)c1cc[nH]n1,0,O=C(C1CC1c1ccc(C(F)(F)F)cc1)N1CCN(S(=O)(=O)c2cc(-c3cc[nH]n3)cc(C(F)(F)F)c2)CC1,1
O=C(C1CC1c1ccc(cc1)C(F)(F)F)N1CCN(CC1)S(=O)(=O)c1cc(cc(c1)C(F)(F)F)c1cn[nH]c1,0,O=C(C1CC1c1ccc(C(F)(F)F)cc1)N1CCN(S(=O)(=O)c2cc(-c3cn[nH]c3)cc(C(F)(F)F)c2)CC1,1
O=C(C1CC1c1ccc(cc1)C(F)(F)F)N1CCN(CC1)S(=O)(=O)c1cc(cc(c1)C(F)(F)F)c1ncon1,0,O=C(C1CC1c1ccc(C(F)(F)F)cc1)N1CCN(S(=O)(=O)c2cc(-c3ncon3)cc(C(F)(F)F)c2)CC1,1
O=C(C1CC1c1ccc(cc1)C(F)(F)F)N1CCN(CC1)S(=O)(=O)c1cc(cc(c1)C(F)(F)F)c1[nH]cnn1,0,O=C(C1CC1c1ccc(C(F)(F)F)cc1)N1CCN(S(=O)(=O)c2cc(-c3nnc[nH]3)cc(C(F)(F)F)c2)CC1,1
OCC(c1cc(cc(c1)S(=O)(=O)N1CCN(CC1)C(=O)C1CC1c1ccc(cc1)C(F)(F)F)C(F)(F)F)(F)F,0,O=C(C1CC1c1ccc(C(F)(F)F)cc1)N1CCN(S(=O)(=O)c2cc(C(F)(F)F)cc(C(F)(F)CO)c2)CC1,1
O=C(C1CC1c1ccc(cc1)C(F)(F)F)N1CCN(CC1)S(=O)(=O)c1cc(cc(c1)C(F)(F)F)C(C(F)(F)F)O,0,O=C(C1CC1c1ccc(C(F)(F)F)cc1)N1CCN(S(=O)(=O)c2cc(C(O)C(F)(F)F)cc(C(F)(F)F)c2)CC1,1
OCCc1cc(cc(c1)C(F)(F)F)S(=O)(=O)N1CCN(CC1)C(=O)C1CC1c1ccc(cc1)C(F)(F)F,0,O=C(C1CC1c1ccc(C(F)(F)F)cc1)N1CCN(S(=O)(=O)c2cc(CCO)cc(C(F)(F)F)c2)CC1,1
Clc1ccc(c(c1)Cl)CNc1nc(nc2c1cccn2)N1CCN(CC1)C(=O)C1CCCCN1,1,O=C(C1CCCCN1)N1CCN(c2nc(NCc3ccc(Cl)cc3Cl)c3cccnc3n2)CC1,0
O=C(N1CCC(C1)NC1CCC(CC1)(O)c1ccc(cn1)c1ncccn1)C1CCN(CC1)c1nccc(c1)C(F)(F)F,1,O=C(C1CCN(c2cc(C(F)(F)F)ccn2)CC1)N1CCC(NC2CCC(O)(c3ccc(-c4ncccn4)cn3)CC2)C1,0
O=C(N1CCC(C1)NC1CCC(CC1)(O)c1ccc(cn1)c1ncccn1)C1CCN(CC1)c1ncnc(c1)C(F)(F)F,1,O=C(C1CCN(c2cc(C(F)(F)F)ncn2)CC1)N1CCC(NC2CCC(O)(c3ccc(-c4ncccn4)cn3)CC2)C1,0
O=C(N1CCC(C1)NC1CCC(CC1)(O)c1ccc(cn1)c1ncccn1)C1CCN(CC1)c1cccc(c1)C(F)(F)F,0,O=C(C1CCN(c2cccc(C(F)(F)F)c2)CC1)N1CCC(NC2CCC(O)(c3ccc(-c4ncccn4)cn3)CC2)C1,1
O=C(N1CCC(C1)NC1CCC(CC1)(O)c1ccc(cn1)c1ncccn1)C1CCN(CC1)c1cccc(n1)C(F)(F)F,0,O=C(C1CCN(c2cccc(C(F)(F)F)n2)CC1)N1CCC(NC2CCC(O)(c3ccc(-c4ncccn4)cn3)CC2)C1,1
O=C(N1CCC(C1)NC1CCC(CC1)(O)c1ccc(cn1)c1ncccn1)C1CCN(CC1)c1nccc(n1)C(F)(F)F,1,O=C(C1CCN(c2nccc(C(F)(F)F)n2)CC1)N1CCC(NC2CCC(O)(c3ccc(-c4ncccn4)cn3)CC2)C1,0
O=C(N1CC2C(C1)C2CNc1scc(n1)c1ccccn1)C1COCC1,0,O=C(C1CCOC1)N1CC2C(CNc3nc(-c4ccccn4)cs3)C2C1,1
O=C(C1CNCCC1(O)c1ccc(c(c1)F)F)N(C1CC1)Cc1c[nH]c2c1c(Br)ccc2,0,O=C(C1CNCCC1(O)c1ccc(F)c(F)c1)N(Cc1c[nH]c2cccc(Br)c12)C1CC1,1
O=C(C1CNCCC1(O)c1ccc(c(c1)F)F)N(C1CC1)Cc1c[nH]c2c1c(Cl)ccc2,0,O=C(C1CNCCC1(O)c1ccc(F)c(F)c1)N(Cc1c[nH]c2cccc(Cl)c12)C1CC1,1
O=C(C1CNCCC1(O)c1ccc(c(c1)F)F)N(C1CC1)Cc1c[nH]c2c1c(F)ccc2,0,O=C(C1CNCCC1(O)c1ccc(F)c(F)c1)N(Cc1c[nH]c2cccc(F)c12)C1CC1,1
O=C(C1CNCCC1(O)c1ccc(c(c1)F)F)N(C1CC1)Cc1cccc(c1Cl)Cl,0,O=C(C1CNCCC1(O)c1ccc(F)c(F)c1)N(Cc1cccc(Cl)c1Cl)C1CC1,1
Fc1ccc(cc1F)Cn1cc(c2c1cccc2F)CN(C(=O)C1CNCCC1(O)c1ccc(c(c1)F)F)C1CC1,0,O=C(C1CNCCC1(O)c1ccc(F)c(F)c1)N(Cc1cn(Cc2ccc(F)c(F)c2)c2cccc(F)c12)C1CC1,1
FC(Oc1ccc(cc1)Cn1cc(c2c1cccc2F)CN(C(=O)C1CNCCC1(O)c1ccc(c(c1)F)F)C1CC1)F,0,O=C(C1CNCCC1(O)c1ccc(F)c(F)c1)N(Cc1cn(Cc2ccc(OC(F)F)cc2)c2cccc(F)c12)C1CC1,1
Fc1cccc(c1)Cn1cc(c2c1cccc2F)CN(C(=O)C1CNCCC1(O)c1ccc(c(c1)F)F)C1CC1,0,O=C(C1CNCCC1(O)c1ccc(F)c(F)c1)N(Cc1cn(Cc2cccc(F)c2)c2cccc(F)c12)C1CC1,1
FC(Oc1cccc(c1)Cn1cc(c2c1cccc2F)CN(C(=O)C1CNCCC1(O)c1ccc(c(c1)F)F)C1CC1)F,0,O=C(C1CNCCC1(O)c1ccc(F)c(F)c1)N(Cc1cn(Cc2cccc(OC(F)F)c2)c2cccc(F)c12)C1CC1,1
O=C(C1CNCCC1(O)c1ccc(c(c1)F)F)N(C1CC1)Cc1cn(c2c1c(F)ccc2)Cc1ccccc1,0,O=C(C1CNCCC1(O)c1ccc(F)c(F)c1)N(Cc1cn(Cc2ccccc2)c2cccc(F)c12)C1CC1,1
FC(Oc1ccccc1Cn1cc(c2c1cccc2F)CN(C(=O)C1CNCCC1(O)c1ccc(c(c1)F)F)C1CC1)F,0,O=C(C1CNCCC1(O)c1ccc(F)c(F)c1)N(Cc1cn(Cc2ccccc2OC(F)F)c2cccc(F)c12)C1CC1,1
O=C(C1CNCCC1(O)c1ccc(c(c1)F)F)N(C1CC1)Cc1cn(c2c1c(F)ccc2)Cc1cccnc1,0,O=C(C1CNCCC1(O)c1ccc(F)c(F)c1)N(Cc1cn(Cc2cccnc2)c2cccc(F)c12)C1CC1,1
O=C(C1CNCCC1(O)c1ccc(c(c1)F)F)N(C1CC1)Cc1cn(c2c1c(F)ccc2)Cc1ccncc1,0,O=C(C1CNCCC1(O)c1ccc(F)c(F)c1)N(Cc1cn(Cc2ccncc2)c2cccc(F)c12)C1CC1,1
O=C(C1CNCCC1(O)c1ccc(c(c1)F)F)N(C1CC1)Cc1cn(c2c1c(F)ccc2)Cc1ccon1,0,O=C(C1CNCCC1(O)c1ccc(F)c(F)c1)N(Cc1cn(Cc2ccon2)c2cccc(F)c12)C1CC1,1
O=C(C1CNCCC1(O)c1ccc(c(c1)F)F)N(C1CC1)Cc1cn(c2c1c(F)ccc2)Cc1cnoc1,0,O=C(C1CNCCC1(O)c1ccc(F)c(F)c1)N(Cc1cn(Cc2cnoc2)c2cccc(F)c12)C1CC1,1
O=C(C1CNCCC1(O)c1ccc(c(c1)F)F)N(C1CC1)Cc1cn(c2c1c(F)ccc2)Cc1ncco1,0,O=C(C1CNCCC1(O)c1ccc(F)c(F)c1)N(Cc1cn(Cc2ncco2)c2cccc(F)c12)C1CC1,1
OCC(COC1(CCNCC1C(=O)N(C1CC1)Cc1cn(c2c1c(F)ccc2)Cc1cccc(c1)F)c1ccc(c(c1)F)F)O,0,O=C(C1CNCCC1(OCC(O)CO)c1ccc(F)c(F)c1)N(Cc1cn(Cc2cccc(F)c2)c2cccc(F)c12)C1CC1,1
ONC(=O)C=Cc1ccc(cc1)CNCCc1c([nH]c2c1cccc2)c1ccccc1,0,O=C(C=Cc1ccc(CNCCc2c(-c3ccccc3)[nH]c3ccccc23)cc1)NO,1
ONC(=O)C=Cc1ccc(cc1)CNCCc1c(nn2c1cccc2)c1ccccc1,1,O=C(C=Cc1ccc(CNCCc2c(-c3ccccc3)nn3ccccc23)cc1)NO,0
ONC(=O)C=Cc1ccc(cc1)CNCCc1c([nH]c2c1cccc2)c1ccccn1,0,O=C(C=Cc1ccc(CNCCc2c(-c3ccccn3)[nH]c3ccccc23)cc1)NO,1
ONC(=O)C=Cc1ccc(cc1)CNCCc1c([nH]c2c1cccc2)c1cccs1,0,O=C(C=Cc1ccc(CNCCc2c(-c3cccs3)[nH]c3ccccc23)cc1)NO,1
ONC(=O)C=Cc1ccc(cc1)CNCCc1c[nH]c2c1cccc2,1,O=C(C=Cc1ccc(CNCCc2c[nH]c3ccccc23)cc1)NO,0
ONC(=O)C=Cc1ccc2c(c1)CN(C2)C(=O)C1CC1,1,O=C(C=Cc1ccc2c(c1)CN(C(=O)C1CC1)C2)NO,0
ONC(=O)C=Cc1ccc2c(c1)CN(C2)C(=O)C1CCCC1,1,O=C(C=Cc1ccc2c(c1)CN(C(=O)C1CCCC1)C2)NO,0
ONC(=O)C=Cc1ccc2c(c1)CN(C2)C(=O)C1CCCCC1,1,O=C(C=Cc1ccc2c(c1)CN(C(=O)C1CCCCC1)C2)NO,0
ONC(=O)C=Cc1ccc2c(c1)CN(C2)C(=O)Cc1ccccc1,1,O=C(C=Cc1ccc2c(c1)CN(C(=O)Cc1ccccc1)C2)NO,0
ONC(=O)C=Cc1ccc2c(c1)CN(C2)C(=O)c1cccc(c1)C(F)(F)F,1,O=C(C=Cc1ccc2c(c1)CN(C(=O)c1cccc(C(F)(F)F)c1)C2)NO,0
ONC(=O)C=Cc1ccc2c(c1)CN(C2)C(=O)c1cccnc1,1,O=C(C=Cc1ccc2c(c1)CN(C(=O)c1cccnc1)C2)NO,0
ONC(=O)C=Cc1ccc2c(c1)CN(C2)CCC1CCCCC1,1,O=C(C=Cc1ccc2c(c1)CN(CCC1CCCCC1)C2)NO,0
ONC(=O)C=Cc1ccc2c(c1)CN(C2)CCc1c[nH]c2c1cccc2,1,O=C(C=Cc1ccc2c(c1)CN(CCc1c[nH]c3ccccc13)C2)NO,0
ONC(=O)C=Cc1ccc2c(c1)CN(C2)CCc1cnn2c1cccc2,0,O=C(C=Cc1ccc2c(c1)CN(CCc1cnn3ccccc13)C2)NO,1
ONC(=O)C=Cc1ccc2c(c1)CN(C2)Cc1ccccc1,1,O=C(C=Cc1ccc2c(c1)CN(Cc1ccccc1)C2)NO,0
ONC(=O)C=Cc1ccc2c(c1)CN(C2)S(=O)(=O)C1CC1,1,O=C(C=Cc1ccc2c(c1)CN(S(=O)(=O)C1CC1)C2)NO,0
ONC(=O)C=Cc1ccc2c(c1)CN(C2)S(=O)(=O)Cc1ccccc1,1,O=C(C=Cc1ccc2c(c1)CN(S(=O)(=O)Cc1ccccc1)C2)NO,0
ONC(=O)C=Cc1ccc2c(c1)CN(C2)S(=O)(=O)c1ccc(cc1)C(F)(F)F,1,O=C(C=Cc1ccc2c(c1)CN(S(=O)(=O)c1ccc(C(F)(F)F)cc1)C2)NO,0
ONC(=O)C=Cc1ccc2c(c1)CN(C2)S(=O)(=O)c1cccc(c1)C(F)(F)F,1,O=C(C=Cc1ccc2c(c1)CN(S(=O)(=O)c1cccc(C(F)(F)F)c1)C2)NO,0
ONC(=O)C=Cc1ccc2c(c1)CN(C2)S(=O)(=O)c1ccccc1,1,O=C(C=Cc1ccc2c(c1)CN(S(=O)(=O)c1ccccc1)C2)NO,0
ONC(=O)C=Cc1ccc2c(c1)CN(C2)S(=O)(=O)c1cccnc1,1,O=C(C=Cc1ccc2c(c1)CN(S(=O)(=O)c1cccnc1)C2)NO,0
ONC(=O)C=Cc1ccc2c(c1)CN(C2)S(=O)(=O)c1cccs1,1,O=C(C=Cc1ccc2c(c1)CN(S(=O)(=O)c1cccs1)C2)NO,0
ONC(=O)C=Cc1ccc2c(c1)CN(C2)S(=O)(=O)c1ccncc1,1,O=C(C=Cc1ccc2c(c1)CN(S(=O)(=O)c1ccncc1)C2)NO,0
O=C(N1CCN(CC1)C(c1ccccc1)c1ccccc1)CC(c1ccccc1)c1ccccc1,0,O=C(CC(c1ccccc1)c1ccccc1)N1CCN(C(c2ccccc2)c2ccccc2)CC1,1
O=C(CC1CCN(CC1)Cc1ccn(c1)c1ccc(cc1)C(F)(F)F)NCC1(O)CCCCC1,0,O=C(CC1CCN(Cc2ccn(-c3ccc(C(F)(F)F)cc3)c2)CC1)NCC1(O)CCCCC1,1
ONC(=O)CCCCCCC(=O)Nc1ccc2c(c1)c(ncc2)Nc1ccc(cc1F)Br,1,O=C(CCCCCCC(=O)Nc1ccc2ccnc(Nc3ccc(Br)cc3F)c2c1)NO,0
ONC(=O)CCCCCCC(=O)Nc1ccc2c(c1)c(ncc2)Nc1ccc2c(c1)cccc2,1,O=C(CCCCCCC(=O)Nc1ccc2ccnc(Nc3ccc4ccccc4c3)c2c1)NO,0
ONC(=O)CCCCCCC(=O)Nc1ccc2c(c1)c(ncc2)Nc1cccc(c1F)Cl,1,O=C(CCCCCCC(=O)Nc1ccc2ccnc(Nc3cccc(Cl)c3F)c2c1)NO,0
ONC(=O)CCCCCCC(=O)Nc1ccccc1,1,O=C(CCCCCCC(=O)Nc1ccccc1)NO,0
c1ccccc1C(=O)CCCN(CC2)CCC2(O)c3ccccc3,0,O=C(CCCN1CCC(O)(c2ccccc2)CC1)c1ccccc1,1
Fc1ccc(cc1)C(=O)CCCN1CCC(CC1)n1c(=O)[nH]c2c1cccc2,0,O=C(CCCN1CCC(n2c(=O)[nH]c3ccccc32)CC1)c1ccc(F)cc1,1
O=C(CCc1ccccc1)N3CCC(CNc2ncccn2)CC3,1,O=C(CCc1ccccc1)N1CCC(CNc2ncccn2)CC1,0
O=C(NC1CCC(CC1)(O)c1ccc(c(c1)F)O)CCc1ccccc1,1,O=C(CCc1ccccc1)NC1CCC(O)(c2ccc(O)c(F)c2)CC1,0
O=C(NC1CCC(CC1)(O)c1ccc(cc1)O)CCc1ccccc1,1,O=C(CCc1ccccc1)NC1CCC(O)(c2ccc(O)cc2)CC1,0
O=C(NC1CCC(CC1)(O)c1ccc(cn1)O)CCc1ccccc1,1,O=C(CCc1ccccc1)NC1CCC(O)(c2ccc(O)cn2)CC1,0
O=C(NC1CCC(CC1)c1ccc(c(c1)F)O)CCc1ccccc1,1,O=C(CCc1ccccc1)NC1CCC(c2ccc(O)c(F)c2)CC1,0
O=C(NC1CCC(CC1)c1ccc(cc1)O)CCc1ccccc1,1,O=C(CCc1ccccc1)NC1CCC(c2ccc(O)cc2)CC1,0
O=C(CCc1ccccc1)N[C@@H]3CC[C@@](O)(c2ccc(O)cn2)CC3,1,O=C(CCc1ccccc1)N[C@H]1CC[C@](O)(c2ccc(O)cn2)CC1,0
c1cccc(c12)snc2N(CC3)CCN3CCc(c4)ccc(c45)CC[C@@H]5NC(=O)CCc6ccccc6,0,O=C(CCc1ccccc1)N[C@H]1CCc2ccc(CCN3CCN(c4nsc5ccccc45)CC3)cc21,1
O=C(NC1CCC(CC1)c1ccc(cc1)O)CCc1ccccn1,1,O=C(CCc1ccccn1)NC1CCC(c2ccc(O)cc2)CC1,0
O=C(CCc1ccccn1)N[C@H]3CC[C@H](c2ccc(O)cc2)CC3,1,O=C(CCc1ccccn1)N[C@H]1CC[C@H](c2ccc(O)cc2)CC1,0
O=C(NC1CCC(CC1)c1ccc(cc1)O)CCc1cccnc1,1,O=C(CCc1cccnc1)NC1CCC(c2ccc(O)cc2)CC1,0
O=C(CN1C(OC2(C1=O)CCCCC2)c1cc(F)cc(c1)F)Nc1ccc2c(c1)C[C@@]1(C2)C(=O)Nc2c1cccn2,1,O=C(CN1C(=O)C2(CCCCC2)OC1c1cc(F)cc(F)c1)Nc1ccc2c(c1)C[C@@]1(C2)C(=O)Nc2ncccc21,0
O=C(CN1C(O[C@]2(C1=O)CCOC[C@H]2F)c1cccc(c1)Cl)Nc1ncc2c(c1)C[C@@]1(C2)C(=O)Nc2c1cccn2,1,O=C(CN1C(=O)[C@]2(CCOC[C@H]2F)OC1c1cccc(Cl)c1)Nc1cc2c(cn1)C[C@]1(C2)C(=O)Nc2ncccc21,0
O=C(NC1CCN(C1)CCC1CCN(CC1)C(=O)c1cc(F)ccc1F)CNC(=O)c1cccc(c1)C(F)(F)F,0,O=C(CNC(=O)c1cccc(C(F)(F)F)c1)NC1CCN(CCC2CCN(C(=O)c3cc(F)ccc3F)CC2)C1,1
O=C(NC1CN(C1)C1CC[C@](CC1)(F)c1ccccc1)CNC(=O)c1cccc(c1)C(F)(F)F,0,O=C(CNC(=O)c1cccc(C(F)(F)F)c1)NC1CN(C2CCC(F)(c3ccccc3)CC2)C1,1
O=C(NC1CN(C1)C1CC[C@](CC1)(O)c1ccc(cc1)F)CNC(=O)c1cccc(c1)C(F)(F)F,0,O=C(CNC(=O)c1cccc(C(F)(F)F)c1)NC1CN(C2CCC(O)(c3ccc(F)cc3)CC2)C1,1
O=C(NC1CN(C1)C1CC[C@](CC1)(O)c1ccccc1)CNC(=O)c1cccc(c1)C(F)(F)F,0,O=C(CNC(=O)c1cccc(C(F)(F)F)c1)NC1CN(C2CCC(O)(c3ccccc3)CC2)C1,1
O=C(NC1CN(C1)C1CC[C@](CC1)(O)c1cccnc1)CNC(=O)c1cccc(c1)C(F)(F)F,1,O=C(CNC(=O)c1cccc(C(F)(F)F)c1)NC1CN(C2CCC(O)(c3cccnc3)CC2)C1,0
O=C(NC1CN(C1)C1CCC(CC1)c1ccc(cc1)N1CCCC1)CNC(=O)c1cccc(c1)C(F)(F)F,0,O=C(CNC(=O)c1cccc(C(F)(F)F)c1)NC1CN(C2CCC(c3ccc(N4CCCC4)cc3)CC2)C1,1
O=C(NC1CN(C1)C1CCC(CC1)c1ccc(cn1)O)CNC(=O)c1cccc(c1)C(F)(F)F,0,O=C(CNC(=O)c1cccc(C(F)(F)F)c1)NC1CN(C2CCC(c3ccc(O)cn3)CC2)C1,1
O=C(NC1CN(C1)C1CCC(CC1)c1ccc2c(c1)[nH]cn2)CNC(=O)c1cccc(c1)C(F)(F)F,0,O=C(CNC(=O)c1cccc(C(F)(F)F)c1)NC1CN(C2CCC(c3ccc4nc[nH]c4c3)CC2)C1,1
O=C(NC1CN(C1)C1CCC(CC1)c1ccccc1)CNC(=O)c1cccc(c1)C(F)(F)F,0,O=C(CNC(=O)c1cccc(C(F)(F)F)c1)NC1CN(C2CCC(c3ccccc3)CC2)C1,1
O=C(NC1CN(CC1O)C1CCC(CC1)c1ccccc1)CNC(=O)c1cccc(c1)C(F)(F)F,0,O=C(CNC(=O)c1cccc(C(F)(F)F)c1)NC1CN(C2CCC(c3ccccc3)CC2)CC1O,1
O=C(NC1CN(C1)C1CCC(CC1)c1cccnc1)CNC(=O)c1cccc(c1)C(F)(F)F,0,O=C(CNC(=O)c1cccc(C(F)(F)F)c1)NC1CN(C2CCC(c3cccnc3)CC2)C1,1
O=C(N[C@@H]1CN(C1)[C@@H]1CC[C@H](CC1)c1ccc2c(c1)OCO2)CNC(=O)c1cccc(c1)C(F)(F)F,0,O=C(CNC(=O)c1cccc(C(F)(F)F)c1)NC1CN([C@H]2CC[C@H](c3ccc4c(c3)OCO4)CC2)C1,1
O=C(NC1CN(C1)C1CCC(CC1)(O)c1cncs1)CNc1cc(nc2c1cc(cc2)C(F)(F)F)C(F)(F)F,1,O=C(CNc1cc(C(F)(F)F)nc2ccc(C(F)(F)F)cc12)NC1CN(C2CCC(O)(c3cncs3)CC2)C1,0
O=C(NC1CN(C1)C1CCC(CC1)(O)c1cncs1)CNc1ccnc2c1cc(cc2)C(F)(F)F,1,O=C(CNc1ccnc2ccc(C(F)(F)F)cc12)NC1CN(C2CCC(O)(c3cncs3)CC2)C1,0
O=C(NC1CN(C1)C1CC[C@](CC1)(O)c1cccnc1)CNc1n[nH]c2c1cc(cc2)C(F)(F)F,1,O=C(CNc1n[nH]c2ccc(C(F)(F)F)cc12)NC1CN(C2CCC(O)(c3cccnc3)CC2)C1,0
O=C(NC1CN(C1)C1CC[C@](CC1)(O)c1cncs1)CNc1n[nH]c2c1cc(cc2)C(F)(F)F,1,O=C(CNc1n[nH]c2ccc(C(F)(F)F)cc12)NC1CN(C2CCC(O)(c3cncs3)CC2)C1,0
O=C(NC1CN(C1)C1CCC(CC1)c1ccccc1)CNc1n[nH]c2c1cc(cc2)C(F)(F)F,0,O=C(CNc1n[nH]c2ccc(C(F)(F)F)cc12)NC1CN(C2CCC(c3ccccc3)CC2)C1,1
O=C(NC1CN(C1)C1CCC(CC1)n1ccccc1=O)CNc1n[nH]c2c1cc(cc2)C(F)(F)F,1,O=C(CNc1n[nH]c2ccc(C(F)(F)F)cc12)NC1CN(C2CCC(n3ccccc3=O)CC2)C1,0
O=C(N[C@@H]1CN(C1)[C@@H]1CC[C@H](CC1)c1ccc2c(c1)OCO2)CNc1n[nH]c2c1cc(cc2)C(F)(F)F,0,O=C(CNc1n[nH]c2ccc(C(F)(F)F)cc12)NC1CN([C@H]2CC[C@H](c3ccc4c(c3)OCO4)CC2)C1,1
O=C(NC1CN(C1)C1CCC(CC1)(O)c1cncs1)CNc1nc(nc2c1cc(cc2)C(F)(F)F)C(F)(F)F,1,O=C(CNc1nc(C(F)(F)F)nc2ccc(C(F)(F)F)cc12)NC1CN(C2CCC(O)(c3cncs3)CC2)C1,0
O=C(NC1CN(C1)C1CCC(CC1)(O)c1cncs1)CNc1nccc2c1cc(cc2)C(F)(F)F,1,O=C(CNc1nccc2ccc(C(F)(F)F)cc12)NC1CN(C2CCC(O)(c3cncs3)CC2)C1,0
O=C(NC1CN(C1)C1CCC(CC1)(O)c1cncs1)CNc1nccc2c1cc(cn2)C(F)(F)F,1,O=C(CNc1nccc2ncc(C(F)(F)F)cc12)NC1CN(C2CCC(O)(c3cncs3)CC2)C1,0
O=C(NC1CN(C1)C1CCC(CC1)(O)c1ccccc1)CNc1ncnc2c1cc(cc2)C(F)(F)F,1,O=C(CNc1ncnc2ccc(C(F)(F)F)cc12)NC1CN(C2CCC(O)(c3ccccc3)CC2)C1,0
O=C(NC1CN(C1)C1CCC(CC1)(O)c1ccns1)CNc1ncnc2c1cc(cc2)C(F)(F)F,1,O=C(CNc1ncnc2ccc(C(F)(F)F)cc12)NC1CN(C2CCC(O)(c3ccns3)CC2)C1,0
O=C(NC1CN(C1)C1CCC(CC1)(O)c1cncs1)CNc1ncnc2c1cc(cc2)C(F)(F)F,1,O=C(CNc1ncnc2ccc(C(F)(F)F)cc12)NC1CN(C2CCC(O)(c3cncs3)CC2)C1,0
O=C(NC1CN(C1)C1CCC(CC1)(O)c1nccs1)CNc1ncnc2c1cc(cc2)C(F)(F)F,1,O=C(CNc1ncnc2ccc(C(F)(F)F)cc12)NC1CN(C2CCC(O)(c3nccs3)CC2)C1,0
O=C(NC1CN(C1)C1CCC(CC1)c1ccc(cn1)O)CNc1ncnc2c1cc(cc2)C(F)(F)F,1,O=C(CNc1ncnc2ccc(C(F)(F)F)cc12)NC1CN(C2CCC(c3ccc(O)cn3)CC2)C1,0
O=C(NC1CN(C1)C1CCC(CC1)c1ccccc1)CNc1ncnc2c1cc(cc2)C(F)(F)F,0,O=C(CNc1ncnc2ccc(C(F)(F)F)cc12)NC1CN(C2CCC(c3ccccc3)CC2)C1,1
O=C(NC1CN(C1)C1CCC(CC1)c1ccccc1O)CNc1ncnc2c1cc(cc2)C(F)(F)F,0,O=C(CNc1ncnc2ccc(C(F)(F)F)cc12)NC1CN(C2CCC(c3ccccc3O)CC2)C1,1
O=C(NC1CN(C1)C1CCC(CC1)c1ccccn1)CNc1ncnc2c1cc(cc2)C(F)(F)F,0,O=C(CNc1ncnc2ccc(C(F)(F)F)cc12)NC1CN(C2CCC(c3ccccn3)CC2)C1,1
O=C(NC1CN(C1)C1CCC(CC1)c1cccnc1)CNc1ncnc2c1cc(cc2)C(F)(F)F,1,O=C(CNc1ncnc2ccc(C(F)(F)F)cc12)NC1CN(C2CCC(c3cccnc3)CC2)C1,0
OCCn1nc(c2c1ccc(c2)C(F)(F)F)NCC(=O)NC1CN(C1)C1CC[C@](CC1)(O)c1nccs1,1,O=C(CNc1nn(CCO)c2ccc(C(F)(F)F)cc12)NC1CN(C2CCC(O)(c3nccs3)CC2)C1,0
OCCn1nc(c2c1ccc(c2)C(F)(F)F)NCC(=O)N[C@@H]1CN(C1)[C@@H]1CC[C@H](CC1)c1ccc2c(c1)OCO2,0,O=C(CNc1nn(CCO)c2ccc(C(F)(F)F)cc12)NC1CN([C@H]2CC[C@H](c3ccc4c(c3)OCO4)CC2)C1,1
O=C(N[C@@H]1CN(C1)[C@@H]1CC[C@H](CC1)c1ccc2c(c1)OCO2)CNc1noc2c1cc(cc2)C(F)(F)F,0,O=C(CNc1noc2ccc(C(F)(F)F)cc12)NC1CN([C@H]2CC[C@H](c3ccc4c(c3)OCO4)CC2)C1,1
OCC(=O)N1CCc2c(C1)sc(n2)c1ccc(cc1)OC1CC(C1)N1CCCCC1,1,O=C(CO)N1CCc2nc(-c3ccc(OC4CC(N5CCCCC5)C4)cc3)sc2C1,0
O=C(Nc1ccccc1N1CCCC1=O)COc1c(ccc2c1cccc2)C(=O)NCc1ccccc1,1,O=C(COc1c(C(=O)NCc2ccccc2)ccc2ccccc12)Nc1ccccc1N1CCCC1=O,0
O=C(NCc1cccc(c1)NC(=O)C1CC1)CSc1nnc(n1c1ccccc1)N1CCOCC1,1,O=C(CSc1nnc(N2CCOCC2)n1-c1ccccc1)NCc1cccc(NC(=O)C2CC2)c1,0
Clc1cc(cc(c1)Cl)CC(=O)NC1N=C(c2ccccc2)c2c(N(C1=O)CC(F)(F)F)cccc2,0,O=C(Cc1cc(Cl)cc(Cl)c1)NC1N=C(c2ccccc2)c2ccccc2N(CC(F)(F)F)C1=O,1
OCC1CCCN1CCCOc1ccc2c(c1)ncnc2Nc1[nH]nc(c1)CC(=O)Nc1cccc(c1F)F,1,O=C(Cc1cc(Nc2ncnc3cc(OCCCN4CCCC4CO)ccc23)[nH]n1)Nc1cccc(F)c1F,0
Clc1ccc(cc1)CC(=O)NC(C(=O)NC1CC2CCC(C1)N2)Cc1ccc(cc1)Cl,0,O=C(Cc1ccc(Cl)cc1)NC(Cc1ccc(Cl)cc1)C(=O)NC1CC2CCC(C1)N2,1
Clc1ccc(c(c1)Cl)CC(=O)NC1N=C(c2ccccc2)c2c(N(C1=O)CC(F)(F)F)cccc2,0,O=C(Cc1ccc(Cl)cc1Cl)NC1N=C(c2ccccc2)c2ccccc2N(CC(F)(F)F)C1=O,1
c1cccc(c12)snc2N(CC3)CCN3CCc(c4)ccc(c45)CC[C@@H]5NC(=O)Cc6ccccc6,0,O=C(Cc1ccccc1)N[C@H]1CCc2ccc(CCN3CCN(c4nsc5ccccc45)CC3)cc21,1
O=C(Cn4cc(Nc2ncnc3cc(OCCCN1CCC[C@@H]1CO)ccc23)cn4)Nc5cccc(F)c5F,1,O=C(Cn1cc(Nc2ncnc3cc(OCCCN4CCC[C@@H]4CO)ccc23)cn1)Nc1cccc(F)c1F,0
O=C(Cn4cc(Nc2ncnc3cc(OCCCN1CCC[C@@H]1COP(=O)(O)O)ccc23)cn4)Nc5cccc(F)c5F,1,O=C(Cn1cc(Nc2ncnc3cc(OCCCN4CCC[C@@H]4COP(=O)(O)O)ccc23)cn1)Nc1cccc(F)c1F,0
O=C(Nc1cccc(c1F)F)Cn1ncc(c1)Nc1nncc2c1ccc(c2)OCCCN1CCCC1COP(=O)(O)O,1,O=C(Cn1cc(Nc2nncc3cc(OCCCN4CCCC4COP(=O)(O)O)ccc23)cn1)Nc1cccc(F)c1F,0
O=C(C1(O)CCN(CC1)c1nccc(c1)C(F)(F)F)N1CCC(C1)NC1CCC(CC1)(O)c1ccc(cn1)c1ncccn1,1,O=C(N1CCC(NC2CCC(O)(c3ccc(-c4ncccn4)cn3)CC2)C1)C1(O)CCN(c2cc(C(F)(F)F)ccn2)CC1,0
Clc1ccc(cc1)C(c1cccnc1Cl)OC1CN(C1)C(=O)N1CCCCC1,1,O=C(N1CCCCC1)N1CC(OC(c2ccc(Cl)cc2)c2cccnc2Cl)C1,0
O=C(N1CCc2c(C1)sc(n2)c1ccc(cc1)OC1CC(C1)N1CCCCC1)N1CCOCC1,0,O=C(N1CCOCC1)N1CCc2nc(-c3ccc(OC4CC(N5CCCCC5)C4)cc3)sc2C1,1
O=C(c1ccc(s1)n1cnc2c1ccc(c2)OC(F)(F)F)NC1CC1,0,O=C(NC1CC1)c1ccc(-n2cnc3cc(OC(F)(F)F)ccc32)s1,1
O=C(NC1CC1)c5cn(c3cccc(C#Cc2cccnc2)c3)c4ncccc4c5=O,1,O=C(NC1CC1)c1cn(-c2cccc(C#Cc3cccnc3)c2)c2ncccc2c1=O,0
O=C(N1CCC(CC1)c1onc(n1)c1ncccn1)NC1CC1c1ccccc1,1,O=C(NC1CC1c1ccccc1)N1CCC(c2nc(-c3ncccn3)no2)CC1,0
O=C(N1CCC(CC1)c1nocn1)NC1CC1c1ccccc1,1,O=C(NC1CC1c1ccccc1)N1CCC(c2ncon2)CC1,0
O=C(N1CCC(CC1)c1nnco1)NC1CC1c1ccccc1,1,O=C(NC1CC1c1ccccc1)N1CCC(c2nnco2)CC1,0
O=C(N1CCC(CC1)n1cccn1)NC1CC1c1ccccc1,1,O=C(NC1CC1c1ccccc1)N1CCC(n2cccn2)CC1,0
O=C(N1CCC(CC1)n1nncc1)NC1CC1c1ccccc1,1,O=C(NC1CC1c1ccccc1)N1CCC(n2ccnn2)CC1,0
O=C(N1CCC(CC1)n1cncn1)NC1CC1c1ccccc1,1,O=C(NC1CC1c1ccccc1)N1CCC(n2cncn2)CC1,0
Clc1ccc(cc1)CC(C(=O)NC1CC2CCC(C1)N2)NC(=O)C1(CC1)c1ccc(cc1)Cl,0,O=C(NC1CC2CCC(C1)N2)C(Cc1ccc(Cl)cc1)NC(=O)C1(c2ccc(Cl)cc2)CC1,1
OC1CCC(CC1)NC(=O)C(n1c(nc2c1cc(F)c(c2)F)c1ccc(cc1)Cl)C1CCCCC1,0,O=C(NC1CCC(O)CC1)C(C1CCCCC1)n1c(-c2ccc(Cl)cc2)nc2cc(F)c(F)cc21,1
O=C(C1NCc2c(C1)cccc2)NC1CCC(CC1)c1ccc(cc1)O,1,O=C(NC1CCC(c2ccc(O)cc2)CC1)C1Cc2ccccc2CN1,0
OC1CCCC(C1)NC(=O)c1noc(c1CNCC1CC1)c1ccc(cc1)C(F)(F)F,0,O=C(NC1CCCC(O)C1)c1noc(-c2ccc(C(F)(F)F)cc2)c1CNCC1CC1,1
OC1CCCC(C1)NC(=O)c1noc(c1CNCC1CCC1)c1ccc(cc1)C(F)(F)F,0,O=C(NC1CCCC(O)C1)c1noc(-c2ccc(C(F)(F)F)cc2)c1CNCC1CCC1,1
O=C(C(n1c(nc2c1cc(Cl)c(c2)F)c1ccc(cc1)Cl)C1CCCCC1)NC1CCCCC1,0,O=C(NC1CCCCC1)C(C1CCCCC1)n1c(-c2ccc(Cl)cc2)nc2cc(F)c(Cl)cc21,1
O=C(C(n1c(nc2c1cc(F)c(c2)F)c1ccc(cc1)Cl)C1CCCCC1)NC1CCCCC1,0,O=C(NC1CCCCC1)C(C1CCCCC1)n1c(-c2ccc(Cl)cc2)nc2cc(F)c(F)cc21,1
O=C(c1ccc(cc1)Oc1ccc(cc1)C#CC1(O)CN2CCC1CC2)NC1CCCS(=O)(=O)C1,1,O=C(NC1CCCS(=O)(=O)C1)c1ccc(Oc2ccc(C#CC3(O)CN4CCC3CC4)cc2)cc1,0
Clc1ccc2c(c1)c1CCCC(c1[nH]2)NC(=O)c1ccccc1F,1,O=C(NC1CCCc2c1[nH]c1ccc(Cl)cc21)c1ccccc1F,0
Clc1ccc2c(c1)c1CCCC(c1[nH]2)NC(=O)c1ccccn1,1,O=C(NC1CCCc2c1[nH]c1ccc(Cl)cc21)c1ccccn1,0
Fc1ccc2c(c1)oc(cc2=O)C(=O)NC1CCN(CC1)C1CCc2c1cc1oc(=O)[nH]c1c2,1,O=C(NC1CCN(C2CCc3cc4[nH]c(=O)oc4cc32)CC1)c1cc(=O)c2ccc(F)cc2o1,0
Fc1ccc2c(c1)c(=O)cc(o2)C(=O)NC1CCN(CC1)C1CCc2c1c1OCOc1cc2,0,O=C(NC1CCN(C2CCc3ccc4c(c32)OCO4)CC1)c1cc(=O)c2cc(F)ccc2o1,1
Fc1ccc2c(c1)CC(=CC2=O)C(=O)NC1CCN(CC1)Cc1cc2OCOc2cc1Cl,1,O=C(NC1CCN(Cc2cc3c(cc2Cl)OCO3)CC1)C1=CC(=O)c2ccc(F)cc2C1,0
Fc1ccc2c(c1)CC(=CC2=O)C(=O)NC1CCN(CC1)Cc1ccc2c(c1)OC(O2)(F)F,0,O=C(NC1CCN(Cc2ccc3c(c2)OC(F)(F)O3)CC1)C1=CC(=O)c2ccc(F)cc2C1,1
Fc1ccc2c(c1)CC(=CC2=O)C(=O)NC1CCN(CC1)Cc1ccc2c(c1)OCCO2,1,O=C(NC1CCN(Cc2ccc3c(c2)OCCO3)CC1)C1=CC(=O)c2ccc(F)cc2C1,0
O=C(C1=CC(=O)c2c(C1)cc(c(c2)Cl)Cl)NC1CCN(CC1)Cc1ccc2c(c1)OCO2,0,O=C(NC1CCN(Cc2ccc3c(c2)OCO3)CC1)C1=CC(=O)c2cc(Cl)c(Cl)cc2C1,1
O=C(C1=CC(=O)c2c(C1)cc(c(c2)F)Cl)NC1CCN(CC1)Cc1ccc2c(c1)OCO2,1,O=C(NC1CCN(Cc2ccc3c(c2)OCO3)CC1)C1=CC(=O)c2cc(F)c(Cl)cc2C1,0
O=C(C1=CC(=O)c2c(C1)cc(c(c2)F)F)NC1CCN(CC1)Cc1ccc2c(c1)OCO2,0,O=C(NC1CCN(Cc2ccc3c(c2)OCO3)CC1)C1=CC(=O)c2cc(F)c(F)cc2C1,1
Fc1ccc2c(c1)C(=O)C=C(C2)C(=O)NC1CCN(CC1)Cc1ccc2c(c1)OCO2,0,O=C(NC1CCN(Cc2ccc3c(c2)OCO3)CC1)C1=CC(=O)c2cc(F)ccc2C1,1
Brc1ccc2c(c1)CC(=CC2=O)C(=O)NC1CCN(CC1)Cc1ccc2c(c1)OCO2,0,O=C(NC1CCN(Cc2ccc3c(c2)OCO3)CC1)C1=CC(=O)c2ccc(Br)cc2C1,1
Clc1ccc2c(c1)CC(=CC2=O)C(=O)NC1CCN(CC1)Cc1ccc2c(c1)OCO2,0,O=C(NC1CCN(Cc2ccc3c(c2)OCO3)CC1)C1=CC(=O)c2ccc(Cl)cc2C1,1
Fc1ccc2c(c1)CC(=CC2=O)C(=O)NC1CCN(CC1)Cc1ccc2c(c1)OCO2,0,O=C(NC1CCN(Cc2ccc3c(c2)OCO3)CC1)C1=CC(=O)c2ccc(F)cc2C1,1
Oc1ccc2c(c1)CC(=CC2=O)C(=O)NC1CCN(CC1)Cc1ccc2c(c1)OCO2,1,O=C(NC1CCN(Cc2ccc3c(c2)OCO3)CC1)C1=CC(=O)c2ccc(O)cc2C1,0
FC(Oc1ccc2c(c1)CC(=CC2=O)C(=O)NC1CCN(CC1)Cc1ccc2c(c1)OCO2)F,0,O=C(NC1CCN(Cc2ccc3c(c2)OCO3)CC1)C1=CC(=O)c2ccc(OC(F)F)cc2C1,1
O=C(C1=CC(=O)c2c(C1)cccc2)NC1CCN(CC1)Cc1ccc2c(c1)OCO2,0,O=C(NC1CCN(Cc2ccc3c(c2)OCO3)CC1)C1=CC(=O)c2ccccc2C1,1
Fc1cccc(c1)CN1CCC(CC1)NC(=O)C1=CC(=O)c2c(C1)cc(cc2)F,1,O=C(NC1CCN(Cc2cccc(F)c2)CC1)C1=CC(=O)c2ccc(F)cc2C1,0
Fc1ccc2c(c1)CC(=CC2=O)C(=O)NC1CCN(CC1)Cc1ccccc1,1,O=C(NC1CCN(Cc2ccccc2)CC1)C1=CC(=O)c2ccc(F)cc2C1,0
OC1CCN(C1)C(=O)NC1CCN(CC1)Cc1ccn(c1)c1ccc(cc1)C(F)(F)F,1,O=C(NC1CCN(Cc2ccn(-c3ccc(C(F)(F)F)cc3)c2)CC1)N1CCC(O)C1,0
O=C(N1CCn2c([C@H]1c1ccccc1)ccc2)NC1CCN(CC1)Cc1ccn(c1)c1ccc(cc1)C(F)(F)F,0,O=C(NC1CCN(Cc2ccn(-c3ccc(C(F)(F)F)cc3)c2)CC1)N1CCn2cccc2[C@H]1c1ccccc1,1
O=C(NC(c1ccccc1)Cc1cnccn1)NC1CCN(CC1)Cc1ccn(c1)c1ccc(cc1)C(F)(F)F,0,O=C(NC1CCN(Cc2ccn(-c3ccc(C(F)(F)F)cc3)c2)CC1)NC(Cc1cnccn1)c1ccccc1,1
O=C(c1cccc2c1nc(o2)C1CC1)NC1CN2CCC1CC2,0,O=C(NC1CN2CCC1CC2)c1cccc2oc(C3CC3)nc12,1
O=C(c1cccc2c1nc(o2)N1CCOCC1)NC1CN2CCC1CC2,0,O=C(NC1CN2CCC1CC2)c1cccc2oc(N3CCOCC3)nc12,1
OCc1ccc(cn1)c1cccc2c1CC(CO2)NC(=O)c1ccc(nc1)OCC(F)(F)F,0,O=C(NC1COc2cccc(-c3ccc(CO)nc3)c2C1)c1ccc(OCC(F)(F)F)nc1,1
OCc1ccc(cn1)c1cccc2c1CC(CO2)NC(=O)c1ccc(nc1)OCCOCC(F)(F)F,1,O=C(NC1COc2cccc(-c3ccc(CO)nc3)c2C1)c1ccc(OCCOCC(F)(F)F)nc1,0
O=C(c1ccc(nc1)OCC(F)(F)F)NC1COc2c(C1)c(ccc2)c1cccnc1,1,O=C(NC1COc2cccc(-c3cccnc3)c2C1)c1ccc(OCC(F)(F)F)nc1,0
OCc1nccc(c1)c1cccc2c1CC(CO2)NC(=O)c1ccc(nc1)OCC(F)(F)F,1,O=C(NC1COc2cccc(-c3ccnc(CO)c3)c2C1)c1ccc(OCC(F)(F)F)nc1,0
O=C(c1ccc(cc1)OC(F)(F)F)NC1COc2c(C1)c(ccc2)c1ccncc1,0,O=C(NC1COc2cccc(-c3ccncc3)c2C1)c1ccc(OC(F)(F)F)cc1,1
O=C(c1ccc(nc1)OCC(F)(F)F)NC1COc2c(C1)c(ccc2)c1ccncc1,0,O=C(NC1COc2cccc(-c3ccncc3)c2C1)c1ccc(OCC(F)(F)F)nc1,1
O=C(c1ccc(nc1)OCCC(F)(F)F)NC1COc2c(C1)c(ccc2)c1cncnc1,0,O=C(NC1COc2cccc(-c3cncnc3)c2C1)c1ccc(OCCC(F)(F)F)nc1,1
O=C(N1CCC(C1)NC1CCC(CC1)(O)c1ccc(cn1)c1cccnc1)CNC(=O)c1cccc(c1)C(F)(F)F,1,O=C(NCC(=O)N1CCC(NC2CCC(O)(c3ccc(-c4cccnc4)cn3)CC2)C1)c1cccc(C(F)(F)F)c1,0
O=C(N1CCC(C1)NC1CCC(CC1)(O)c1ccc(cn1)c1ccncc1)CNC(=O)c1cccc(c1)C(F)(F)F,1,O=C(NCC(=O)N1CCC(NC2CCC(O)(c3ccc(-c4ccncc4)cn3)CC2)C1)c1cccc(C(F)(F)F)c1,0
O=C(N1CCC(C1)NC1CCC(CC1)(O)c1ccc(cn1)c1ncccn1)CNC(=O)c1cccc(c1)C(F)(F)F,1,O=C(NCC(=O)N1CCC(NC2CCC(O)(c3ccc(-c4ncccn4)cn3)CC2)C1)c1cccc(C(F)(F)F)c1,0
O=C(N1CCC(C1)NC1CCC(CC1)(O)c1ccc(cn1)c1nccs1)CNC(=O)c1cccc(c1)C(F)(F)F,1,O=C(NCC(=O)N1CCC(NC2CCC(O)(c3ccc(-c4nccs4)cn3)CC2)C1)c1cccc(C(F)(F)F)c1,0
O=C(N1CCC(C1)NC1CCC(CC1)(O)c1ccccn1)CNC(=O)c1cccc(c1)C(F)(F)F,1,O=C(NCC(=O)N1CCC(NC2CCC(O)(c3ccccn3)CC2)C1)c1cccc(C(F)(F)F)c1,0
O=C(NC[C@@H]2CCC(CCOc1ccccc1)CC2)c3cn[nH]c3,1,O=C(NCC1CCC(CCOc2ccccc2)CC1)c1cn[nH]c1,0
O=C(NCCCN1CCCC(F)C1)Nc4ccc(S(=O)(=O)Nc2ccccc2C(=O)c3ccccc3)cc4,0,O=C(NCCCN1CCCC(F)C1)Nc1ccc(S(=O)(=O)Nc2ccccc2C(=O)c2ccccc2)cc1,1
O=C(NCCCN1CCOCC1)Nc4ccc(S(=O)(=O)Nc2ccccc2C(=O)c3ccccc3)cc4,0,O=C(NCCCN1CCOCC1)Nc1ccc(S(=O)(=O)Nc2ccccc2C(=O)c2ccccc2)cc1,1
Fc1ccc2c(c1)oc(cc2=O)C(=O)NC1CCN(CC1)C1CCc2c1ccc(c2)C(=O)NCCN1CCCCC1,1,O=C(NCCN1CCCCC1)c1ccc2c(c1)CCC2N1CCC(NC(=O)c2cc(=O)c3ccc(F)cc3o2)CC1,0
OC(=O)[C@]12CC3CC(C2)[C@@H](C(C1)C3)Oc1ccc(cc1)C(=O)NCCNC(=O)c1ccc(cc1)c1ccccc1,1,O=C(NCCNC(=O)c1ccc(-c2ccccc2)cc1)c1ccc(O[C@H]2C3CC4CC2C[C@](C(=O)O)(C4)C3)cc1,0
O=C([C@@H]1Cc2ccccc2CN1S(=O)(=O)c1ccc2c(c1)cccc2)NCCc1ccccn1,1,O=C(NCCc1ccccn1)[C@@H]1Cc2ccccc2CN1S(=O)(=O)c1ccc2ccccc2c1,0
FC(F)(F)COc(cc1)cc(c1OCC(F)(F)F)C(=O)NC[C@H]2NCCCC2,0,O=C(NC[C@@H]1CCCCN1)c1cc(OCC(F)(F)F)ccc1OCC(F)(F)F,1
Fc1ccc(cc1)C1CCN(CC1)C1CC[C@](CC1)(C(=O)NCc1cc(cc(c1)C(F)(F)F)C(F)(F)F)c1ccccc1,0,O=C(NCc1cc(C(F)(F)F)cc(C(F)(F)F)c1)C1(c2ccccc2)CCC(N2CCC(c3ccc(F)cc3)CC2)CC1,1
O=C(NCc1cccc(c1)CN1CCCC1=O)NCC(c1ccccc1)c1ccccc1,1,O=C(NCc1cccc(CN2CCCC2=O)c1)NCC(c1ccccc1)c1ccccc1,0
O=C(N1CCC(CC1)CNc1ncccn1)NCc1ccccc1,1,O=C(NCc1ccccc1)N1CCC(CNc2ncccn2)CC1,0
O=C(c1ccc(cc1)Oc1ccc(cc1)C#CC1(O)CN2CCC1CC2)NCc1ccncn1,1,O=C(NCc1ccncn1)c1ccc(Oc2ccc(C#CC3(O)CN4CCC3CC4)cc2)cc1,0
O=C(N1CCC2(CC1)C(=O)Nc1c2cccn1)N[C@@H]1CC[C@H](Cn2c1ncc2C1(CC1)C(F)(F)F)c1cccc(c1F)F,0,O=C(N[C@@H]1CC[C@@H](c2cccc(F)c2F)Cn2c(C3(C(F)(F)F)CC3)cnc21)N1CCC2(CC1)C(=O)Nc1ncccc12,1
O=C(N1CCC2(CC1)C(=O)Nc1c2cccn1)N[C@@H]1CC[C@H](Cn2c1ncc2CC(F)(F)F)c1cccc(c1F)F,0,O=C(N[C@@H]1CC[C@@H](c2cccc(F)c2F)Cn2c(CC(F)(F)F)cnc21)N1CCC2(CC1)C(=O)Nc1ncccc12,1
O=C(N1CCC2(CC1)C(=O)Nc1c2cccn1)N[C@@H]1CC[C@H](Cn2c1nnc2CC(F)(F)F)c1cccc(c1F)F,1,O=C(N[C@@H]1CC[C@@H](c2cccc(F)c2F)Cn2c(CC(F)(F)F)nnc21)N1CCC2(CC1)C(=O)Nc1ncccc12,0
O=C(N[C@H](CO)[C@H](O)c1ccc(N(=O)=O)cc1)C(Cl)Cl,1,O=C(N[C@H](CO)[C@H](O)c1ccc([N+](=O)[O-])cc1)C(Cl)Cl,0
c1cccc(c12)c(ns2)N(CC3)CCN3CCc(c4)ccc(c45)[C@H](CC5)NC(=O)C(F)(F)F,0,O=C(N[C@H]1CCc2cc(CCN3CCN(c4nsc5ccccc45)CC3)ccc21)C(F)(F)F,1
c1cccc(c12)c(ns2)N(CC3)CCN3CCc(c4)ccc(c45)[C@H](CC5)NC(=O)C6CC6,0,O=C(N[C@H]1CCc2cc(CCN3CCN(c4nsc5ccccc45)CC3)ccc21)C1CC1,1
c1cccc(c12)c(ns2)N(CC3)CCN3CCc(c4)ccc(c45)[C@H](CC5)NC(=O)c(cc6)ccc6F,0,O=C(N[C@H]1CCc2cc(CCN3CCN(c4nsc5ccccc45)CC3)ccc21)c1ccc(F)cc1,1
c1cccc(c12)c(ns2)N(CC3)CCN3CCc(c4)ccc(c45)[C@H](CC5)NC(=O)c6cccnc6,0,O=C(N[C@H]1CCc2cc(CCN3CCN(c4nsc5ccccc45)CC3)ccc21)c1cccnc1,1
c1cccc(c12)snc2N(CC3)CCN3CCc(c4)ccc(c45)CC[C@@H]5NC(=O)C(F)(F)F,0,O=C(N[C@H]1CCc2ccc(CCN3CCN(c4nsc5ccccc45)CC3)cc21)C(F)(F)F,1
c1cccc(c12)snc2N(CC3)CCN3CCc(c4)ccc(c45)CC[C@@H]5NC(=O)C6CC6,0,O=C(N[C@H]1CCc2ccc(CCN3CCN(c4nsc5ccccc45)CC3)cc21)C1CC1,1
c1cccc(c12)snc2N(CC3)CCN3CCc(c4)ccc(c45)CC[C@@H]5NC(=O)c(cc6)ccc6Cl,0,O=C(N[C@H]1CCc2ccc(CCN3CCN(c4nsc5ccccc45)CC3)cc21)c1ccc(Cl)cc1,1
c1cccc(c12)snc2N(CC3)CCN3CCc(c4)ccc(c45)CC[C@@H]5NC(=O)c(cc6)ccc6F,0,O=C(N[C@H]1CCc2ccc(CCN3CCN(c4nsc5ccccc45)CC3)cc21)c1ccc(F)cc1,1
c1cccc(c12)snc2N(CC3)CCN3CCc(c4)ccc(c45)CC[C@@H]5NC(=O)c6ccccc6,0,O=C(N[C@H]1CCc2ccc(CCN3CCN(c4nsc5ccccc45)CC3)cc21)c1ccccc1,1
c1cccc(c12)snc2N(CC3)CCN3CCc(c4)ccc(c45)CC[C@@H]5NC(=O)c6cnccc6,0,O=C(N[C@H]1CCc2ccc(CCN3CCN(c4nsc5ccccc45)CC3)cc21)c1cccnc1,1
c1cccc(c12)snc2N(CC3)CCN3CCc(c4)ccc(c45)CC[C@@H]5NC(=O)c6ccco6,0,O=C(N[C@H]1CCc2ccc(CCN3CCN(c4nsc5ccccc45)CC3)cc21)c1ccco1,1
c1cccc(c12)snc2N(CC3)CCN3CCc(c4)ccc(c45)CC[C@@H]5NC(=O)c6ccno6,0,O=C(N[C@H]1CCc2ccc(CCN3CCN(c4nsc5ccccc45)CC3)cc21)c1ccno1,1
O=C(C1(CC1)c1cccc(c1)C(F)(F)F)Nc1cc(ccc1n1cncn1)C(F)(F)F,1,O=C(Nc1cc(C(F)(F)F)ccc1-n1cncn1)C1(c2cccc(C(F)(F)F)c2)CC1,0
O=C(C1(CC1)c1ccccc1)Nc1cc(ccc1n1ncnc1)C(F)(F)F,1,O=C(Nc1cc(C(F)(F)F)ccc1-n1cncn1)C1(c2ccccc2)CC1,0
O=C(C(c1ccccc1)NC1CC1)Nc1cc2cc[nH]c(=O)c2cc1Cl,1,O=C(Nc1cc2cc[nH]c(=O)c2cc1Cl)C(NC1CC1)c1ccccc1,0
O=C(c1ccccc1F)Nc1ccc(cc1)c1nnc(o1)NCCCN1CC2CC1CC2,0,O=C(Nc1ccc(-c2nnc(NCCCN3CC4CCC3C4)o2)cc1)c1ccccc1F,1
O=C(C(n1c(nc2c1cc(F)c(c2)F)c1ccc(cc1)Cl)C1CCCCC1)Nc1ccc(cc1F)c1nnn[nH]1,1,O=C(Nc1ccc(-c2nnn[nH]2)cc1F)C(C1CCCCC1)n1c(-c2ccc(Cl)cc2)nc2cc(F)c(F)cc21,0
O=C(C(n1c(nc2c1cc(F)c(c2)F)c1ccc(cc1)Cl)C1CCCCC1)Nc1ccc(cc1F)OC1(CC1)C(=O)O,1,O=C(Nc1ccc(OC2(C(=O)O)CC2)cc1F)C(C1CCCCC1)n1c(-c2ccc(Cl)cc2)nc2cc(F)c(F)cc21,0
O=C(Nc1ccc(cc1)S(=O)(=O)Nc1ccccc1C(=O)c1ccccc1)OCC1CCCO1,0,O=C(Nc1ccc(S(=O)(=O)Nc2ccccc2C(=O)c2ccccc2)cc1)OCC1CCCO1,1
O=C(Nc1cccc(C(F)(F)F)c1)Nc2ccc(Br)cc2c3nnn[nH]3,1,O=C(Nc1cccc(C(F)(F)F)c1)Nc1ccc(Br)cc1-c1nnn[nH]1,0
Clc1ncc(cn1)NC(=O)c1ccc(c(c1)F)F,1,O=C(Nc1cnc(Cl)nc1)c1ccc(F)c(F)c1,0
OC(=O)C1(F)CCN(CC1)C1CCC2(C1)Cc1ccccc1Cc1c2cccc1,1,O=C(O)C1(F)CCN(C2CCC3(Cc4ccccc4Cc4ccccc43)C2)CC1,0
OC(=O)C12CN(CC2C1)C1CCC2(C1)Cc1ccccc1Cc1c2cccc1,1,O=C(O)C12CC1CN(C1CCC3(Cc4ccccc4Cc4ccccc43)C1)C2,0
OC(=O)C1=CCCN(C1)C1CCC2(C1)Cc1ccccc1Cc1c2cccc1,1,O=C(O)C1=CCCN(C2CCC3(Cc4ccccc4Cc4ccccc43)C2)C1,0
O=C(C(n1c(nc2c1cc(F)c(c2)F)c1ccc(cc1)Cl)C1CCCCC1)NC1CCC(CC1)C(=O)O,0,O=C(O)C1CCC(NC(=O)C(C2CCCCC2)n2c(-c3ccc(Cl)cc3)nc3cc(F)c(F)cc32)CC1,1
OC(=O)C1CCN(CC1)C1CCC2(C1)Cc1ccccc1Cc1c2cccc1,1,O=C(O)C1CCN(C2CCC3(Cc4ccccc4Cc4ccccc43)C2)CC1,0
OC(=O)C1CN(C1)C1CCC2(C1)Cc1ccccc1Cc1c2cccc1,1,O=C(O)C1CN(C2CCC3(Cc4ccccc4Cc4ccccc43)C2)C1,0
OC(=O)CC1CCC(CC1)c1ccc(cc1)NC(=O)c1nnc(o1)Nc1ccc(c(c1)F)F,1,O=C(O)CC1CCC(c2ccc(NC(=O)c3nnc(Nc4ccc(F)c(F)c4)o3)cc2)CC1,0
OC(=O)CC1C(NC(=O)c2cc3c([nH]2)c(c(s3)Cl)Cl)Cc2c1cccc2,1,O=C(O)CC1c2ccccc2CC1NC(=O)c1cc2sc(Cl)c(Cl)c2[nH]1,0
OC(=O)CCC(=O)N1CCc2c1ccc(c2)c1noc(n1)c1cc(cc(c1)C(F)(F)F)C(F)(F)F,1,O=C(O)CCC(=O)N1CCc2cc(-c3noc(-c4cc(C(F)(F)F)cc(C(F)(F)F)c4)n3)ccc21,0
OC(=O)CCNC1CCC2(C1)Cc1ccccc1Cc1c2cccc1,1,O=C(O)CCNC1CCC2(Cc3ccccc3Cc3ccccc32)C1,0
C1CN(CCN1CCOCC(=O)O)C(C2=CC=CC=C2)C3=CC=C(C=C3)Cl,1,O=C(O)COCCN1CCN(C(c2ccccc2)c2ccc(Cl)cc2)CC1,0
N1([C@@H](c2ccc(Cl)cc2)c2ccccc2)CCN(CCOCC(O)=O)CC1,1,O=C(O)COCCN1CCN([C@H](c2ccccc2)c2ccc(Cl)cc2)CC1,0
Fc1ccc(cc1)CN(S(=O)(=O)c1ccc(cc1)F)C1CCc2n(C1)c1ccccc1c2CC(=O)O,1,O=C(O)Cc1c2n(c3ccccc13)CC(N(Cc1ccc(F)cc1)S(=O)(=O)c1ccc(F)cc1)CC2,0
O=C(O)[C@@H](CC1CCC1)N6CC(CN4CCC(c2cnc3ccc(C(F)(F)F)cn23)CC4)[C@@H](c5cccc(F)c5)C6,1,O=C(O)[C@@H](CC1CCC1)N1CC(CN2CCC(c3cnc4ccc(C(F)(F)F)cn34)CC2)[C@@H](c2cccc(F)c2)C1,0
O=C(O)[C@@H](CC1CCC1)N6CC(CN4CCC(c2cnc3ccccn23)CC4)[C@@H](c5cccc(F)c5)C6,0,O=C(O)[C@@H](CC1CCC1)N1CC(CN2CCC(c3cnc4ccccn34)CC2)[C@@H](c2cccc(F)c2)C1,1
O=C(O)[C@H](CC1CCC1)N6CC(CN4CCC(c2cnc3ccc(C(F)(F)F)cn23)CC4)[C@@H](c5cccc(F)c5)C6,1,O=C(O)[C@H](CC1CCC1)N1CC(CN2CCC(c3cnc4ccc(C(F)(F)F)cn34)CC2)[C@@H](c2cccc(F)c2)C1,0
O=C(O)[C@H](CC1CCC1)N6CC(CN4CCC(c2cnc3ccccn23)CC4)[C@@H](c5cccc(F)c5)C6,0,O=C(O)[C@H](CC1CCC1)N1CC(CN2CCC(c3cnc4ccccn34)CC2)[C@@H](c2cccc(F)c2)C1,1
O=C(N1CCC(CC1)c1onc(n1)c1ccc(cc1)C(=O)O)NC1CC1c1ccccc1,1,O=C(O)c1ccc(-c2noc(C3CCN(C(=O)NC4CC4c4ccccc4)CC3)n2)cc1,0
FC1=NN([C@H](C1)c1ccc(cc1)c1ccc2c(c1)oc(=O)[nH]2)c1ccc(cc1)C(=O)O,1,O=C(O)c1ccc(N2N=C(F)C[C@@H]2c2ccc(-c3ccc4[nH]c(=O)oc4c3)cc2)cc1,0
O=C(C(n1c(nc2c1cc(F)c(c2)F)c1ccc(cc1)Cl)C1CCCCC1)Nc1ccc(cc1Cl)C(=O)O,0,O=C(O)c1ccc(NC(=O)C(C2CCCCC2)n2c(-c3ccc(Cl)cc3)nc3cc(F)c(F)cc32)c(Cl)c1,1
O=C(C(n1c(nc2c1cc(F)c(c2)F)c1ccc(cc1)Cl)C1CCCCC1)Nc1ccc(cc1F)C(=O)O,1,O=C(O)c1ccc(NC(=O)C(C2CCCCC2)n2c(-c3ccc(Cl)cc3)nc3cc(F)c(F)cc32)c(F)c1,0
O=C(C(n1c(nc2c1cccc2)c1ccc(cc1)Cl)C1CCCCC1)Nc1ccc(cc1C(F)(F)F)C(=O)O,1,O=C(O)c1ccc(NC(=O)C(C2CCCCC2)n2c(-c3ccc(Cl)cc3)nc3ccccc32)c(C(F)(F)F)c1,0
O=C1N(C[C@H](N1C1CCN(CC1)Cc1ccc(cc1)Oc1ccc(cc1)C(=O)O)c1ccccc1)C1CCCCC1,0,O=C(O)c1ccc(Oc2ccc(CN3CCC(N4C(=O)N(C5CCCCC5)C[C@H]4c4ccccc4)CC3)cc2)cc1,1
Clc1cccc(c1)Nc1nc2cc(ccc2c2c1ccnc2)C(=O)O,1,O=C(O)c1ccc2c(c1)nc(Nc1cccc(Cl)c1)c1ccncc12,0
OC(=O)c1cccc(c1)c1c[nH]c(n1)[C@@H]1N[C@H](C2CCOCC2)c2c(C1)c1ccccc1[nH]2,0,O=C(O)c1cccc(-c2c[nH]c([C@H]3Cc4c([nH]c5ccccc45)[C@@H](C4CCOCC4)N3)n2)c1,1
Clc1ccc(c(c1)Cc1cccc(n1)C(=O)O)OCc1ccc(cc1F)Cl,1,O=C(O)c1cccc(Cc2cc(Cl)ccc2OCc2ccc(Cl)cc2F)n1,0
O=C(N1CCN(CC1)c1ccc(cc1)OC(F)(F)F)OC1COc2n(C1)cc(n2)[N+](=O)[O-],1,O=C(OC1COc2nc([N+](=O)[O-])cn2C1)N1CCN(c2ccc(OC(F)(F)F)cc2)CC1,0
O=C(N1CCC(CC1)CNc1ncccn1)OC1Cc2c(C1)cccc2,0,O=C(OC1Cc2ccccc2C1)N1CCC(CNc2ncccn2)CC1,1
O=C(N1CCC(CC1)CNc1ncccn1)OCCc1ccccc1,1,O=C(OCCc1ccccc1)N1CCC(CNc2ncccn2)CC1,0
Fc1ccc(cc1)COC(=O)N1CCC(CC1)CNc1ncccn1,1,O=C(OCc1ccc(F)cc1)N1CCC(CNc2ncccn2)CC1,0
Fc1cccc(c1)COC(=O)N1CCC(CC1)CNc1ncccn1,1,O=C(OCc1cccc(F)c1)N1CCC(CNc2ncccn2)CC1,0
O=C(OCc1ccccc1)N3CCC(CNC2N=CC=S2)CC3,0,O=C(OCc1ccccc1)N1CCC(CNC2N=CC=[SH]2)CC1,1
O=C(N1CCC(CC1)CNc1ccccn1)OCc1ccccc1,0,O=C(OCc1ccccc1)N1CCC(CNc2ccccn2)CC1,1
O=C(N1CCC(CC1)CNc1cccnc1)OCc1ccccc1,0,O=C(OCc1ccccc1)N1CCC(CNc2cccnc2)CC1,1
O=C(N1CCC(CC1)CNc1ccncc1)OCc1ccccc1,0,O=C(OCc1ccccc1)N1CCC(CNc2ccncc2)CC1,1
O=C(N1CCC(CC1)CNc1ccncn1)OCc1ccccc1,1,O=C(OCc1ccccc1)N1CCC(CNc2ccncn2)CC1,0
O=C(N1CCC(CC1)CNc1cnccn1)OCc1ccccc1,0,O=C(OCc1ccccc1)N1CCC(CNc2cnccn2)CC1,1
O=C(N1CCC(CC1)CNc1ncccn1)OCc1ccccc1,1,O=C(OCc1ccccc1)N1CCC(CNc2ncccn2)CC1,0
O=C(N1CCC(CC1)CNc1nccs1)OCc1ccccc1,0,O=C(OCc1ccccc1)N1CCC(CNc2nccs2)CC1,1
O=C(OCc1ccccc1)N3CCC(CNc2ncns2)CC3,1,O=C(OCc1ccccc1)N1CCC(CNc2ncns2)CC1,0
O=C(N1CCC(CC1)CNc1nncs1)OCc1ccccc1,1,O=C(OCc1ccccc1)N1CCC(CNc2nncs2)CC1,0
O=C(N1CCC(CC1)Cc1nc2c([nH]1)cccc2)OCc1ccccc1,0,O=C(OCc1ccccc1)N1CCC(Cc2nc3ccccc3[nH]2)CC1,1
O=C(N1CCC(CC1)CNc1ncccn1)OCc1ccccc1F,1,O=C(OCc1ccccc1F)N1CCC(CNc2ncccn2)CC1,0
OC1CN2[C@@H]3CC1C[C@H]2C[C@H](C3)OC(=O)c1c[nH]c2c1cccc2,1,O=C(O[C@H]1C[C@H]2CC3C[C@@H](C1)N2CC3O)c1c[nH]c2ccccc12,0
O=C(N1CC(C(C1)(F)F)(F)F)[C@H]1NC[C@H](C1)N1CCN(CC1)c1ncccn1,1,O=C([C@@H]1C[C@H](N2CCN(c3ncccn3)CC2)CN1)N1CC(F)(F)C(F)(F)C1,0
FC1CN(C1)C(=O)[C@H]1NC[C@H](C1)N1CCN(CC1)c1ncccn1,1,O=C([C@@H]1C[C@H](N2CCN(c3ncccn3)CC2)CN1)N1CC(F)C1,0
FC1CCN(C1)C(=O)[C@H]1NC[C@H](C1)N1CCN(CC1)c1ncccn1,1,O=C([C@@H]1C[C@H](N2CCN(c3ncccn3)CC2)CN1)N1CCC(F)C1,0
O=C(N1CCC1)[C@H]1NC[C@H](C1)N1CCN(CC1)c1ncccn1,1,O=C([C@@H]1C[C@H](N2CCN(c3ncccn3)CC2)CN1)N1CCC1,0
F[C@@H]1CN(C[C@H]1F)C(=O)[C@H]1NC[C@H](C1)N1CCN(CC1)c1ncccn1,1,O=C([C@@H]1C[C@H](N2CCN(c3ncccn3)CC2)CN1)N1C[C@@H](F)[C@H](F)C1,0
c1cc([N+](=O)[O-])ccc1OCCN(CC(=O)[O-])CCc(cc2)ccc2[N+](=O)[O-],0,O=C([O-])CN(CCOc1ccc([N+](=O)[O-])cc1)CCc1ccc([N+](=O)[O-])cc1,1
O=C(c1noc(c1)c1ccccc1)N1CCC(CC1)Oc1ccc(cc1)CN1CCCC1,0,O=C(c1cc(-c2ccccc2)on1)N1CCC(Oc2ccc(CN3CCCC3)cc2)CC1,1
O=C(c1ccc(c(c1)Cl)Cl)C1CCN(CC1)CCCc1ccccc1,0,O=C(c1ccc(Cl)c(Cl)c1)C1CCN(CCCc2ccccc2)CC1,1
O=C(c1ccc(c(c1)Cl)Cl)C1CCN(CC1)CCc1ccccc1,0,O=C(c1ccc(Cl)c(Cl)c1)C1CCN(CCc2ccccc2)CC1,1
Clc1ccc(cc1)C(=O)C1CCN(CC1)CCCc1ccccc1,0,O=C(c1ccc(Cl)cc1)C1CCN(CCCc2ccccc2)CC1,1
Clc1ccc(cc1)CCN1CCC(CC1)C(=O)c1ccc(cc1)Cl,0,O=C(c1ccc(Cl)cc1)C1CCN(CCc2ccc(Cl)cc2)CC1,1
Clc1ccc(cc1)C(=O)C1CCN(CC1)CCc1cccc2c1cccc2,0,O=C(c1ccc(Cl)cc1)C1CCN(CCc2cccc3ccccc23)CC1,1
Clc1ccc(cc1)C(=O)C1CCN(CC1)CCc1ccccc1,0,O=C(c1ccc(Cl)cc1)C1CCN(CCc2ccccc2)CC1,1
Clc1ccc(cc1)C(=O)C1CC[N+](CC1)(CCc1ccccc1)CCc1ccccc1,0,O=C(c1ccc(Cl)cc1)C1CC[N+](CCc2ccccc2)(CCc2ccccc2)CC1,1
Clc1ccc(cc1)C(=O)C1CC[N+](CC1)(CCc1ccccc1)Cc1ccccc1,0,O=C(c1ccc(Cl)cc1)C1CC[N+](CCc2ccccc2)(Cc2ccccc2)CC1,1
Fc1ccc(cc1)C(=O)N1CCN(C(=O)C1)c1ccc(cc1)OCCCN1CCCCCC1,1,O=C(c1ccc(F)cc1)N1CCN(c2ccc(OCCCN3CCCCCC3)cc2)C(=O)C1,0
O=C(c1ccc(cc1)F)c1ccc(cc1)F,1,O=C(c1ccc(F)cc1)c1ccc(F)cc1,0
O=C(c1ccc(cc1)OC1CC(C1)N1CCCCC1)N1CCC(CC1)(F)F,1,O=C(c1ccc(OC2CC(N3CCCCC3)C2)cc1)N1CCC(F)(F)CC1,0
OC1CCN(CC1)C(=O)c1ccc(cc1)OC1CC(C1)N1CCCCC1,1,O=C(c1ccc(OC2CC(N3CCCCC3)C2)cc1)N1CCC(O)CC1,0
O=C(c1ccc(cc1)OC1CC(C1)N1CCCCC1)N1CCCC1,1,O=C(c1ccc(OC2CC(N3CCCCC3)C2)cc1)N1CCCC1,0
O=C(c1ccc(cc1)OC1CC(C1)N1CCCCC1)N1CCCCC1,1,O=C(c1ccc(OC2CC(N3CCCCC3)C2)cc1)N1CCCCC1,0
O=C(c1ccc(cc1)OC1CC(C1)N1CCCCC1)N1CCOCC1,1,O=C(c1ccc(OC2CC(N3CCCCC3)C2)cc1)N1CCOCC1,0
O=C(c1cccc(c1Cl)Cl)N(C1CCNC1)C1CCCC1,1,O=C(c1cccc(Cl)c1Cl)N(C1CCCC1)C1CCNC1,0
O=C(c1cccc(c1Cl)Cl)N(C1CCOCC1)C1CCNC1,1,O=C(c1cccc(Cl)c1Cl)N(C1CCOCC1)C1CCNC1,0
O=C(c1cccc(c1Cl)Cl)N(C1CNCC1)CCC1CC1,0,O=C(c1cccc(Cl)c1Cl)N(CCC1CC1)C1CCNC1,1
O=C(c1cccc(c1Cl)Cl)N(c1ccccc1)C1CCNC1,0,O=C(c1cccc(Cl)c1Cl)N(c1ccccc1)C1CCNC1,1
Fc1ccc(cc1)[C@H]1OCCN(C1)C(=O)c1cccc(c1)S(=O)(=O)C1CCc2c(C1)cccc2,0,O=C(c1cccc(S(=O)(=O)C2CCc3ccccc3C2)c1)N1CCO[C@H](c2ccc(F)cc2)C1,1
O=C(c1cccc(c1)S(=O)(=O)N1CCc2c(C1)cccc2)N1CCC(CC1)OCc1ccccc1,0,O=C(c1cccc(S(=O)(=O)N2CCc3ccccc3C2)c1)N1CCC(OCc2ccccc2)CC1,1
O=C(c4cccc3CCC(c2ccc(c1ccccc1)cc2)Oc34)N5CCCC5,0,O=C(c1cccc2c1OC(c1ccc(-c3ccccc3)cc1)CC2)N1CCCC1,1
O=C(c1ccccc1)C1CCN(CC1)CCCc1ccccc1,0,O=C(c1ccccc1)C1CCN(CCCc2ccccc2)CC1,1
O=C(c1ccccc1)C1CCN(CC1)CCc1ccccc1,0,O=C(c1ccccc1)C1CCN(CCc2ccccc2)CC1,1
O=C(c1ccccc1C(F)(F)F)N(C1CNCC1)CC1CC1,1,O=C(c1ccccc1C(F)(F)F)N(CC1CC1)C1CCNC1,0
O=C(c1ccccc1C(F)(F)F)N(C1CNCC1)CC1CCC1,1,O=C(c1ccccc1C(F)(F)F)N(CC1CCC1)C1CCNC1,0
O=C(c1ccccc1C(F)(F)F)N(C1CNCC1)CC1CCCC1,1,O=C(c1ccccc1C(F)(F)F)N(CC1CCCC1)C1CCNC1,0
O=C(c1ccccc1C(F)(F)F)N(c1ccccc1)C1CNCC1,1,O=C(c1ccccc1C(F)(F)F)N(c1ccccc1)C1CCNC1,0
O=C(c1ccccc1C1CCCC1)N(C1CCNC1)CC1CCC1,0,O=C(c1ccccc1C1CCCC1)N(CC1CCC1)C1CCNC1,1
Clc1ccccc1C(=O)N(C1CNCC1)CC1CCC1,1,O=C(c1ccccc1Cl)N(CC1CCC1)C1CCNC1,0
O=C(c1ccccc1Oc1ccccc1)N(C1CNCC1)C1CCC1,0,O=C(c1ccccc1Oc1ccccc1)N(C1CCC1)C1CCNC1,1
O=C(c1ccccc1Oc1ccccc1)N(C1CNCC1)CC1CCC1,0,O=C(c1ccccc1Oc1ccccc1)N(CC1CCC1)C1CCNC1,1
O=C(N(c1ccccc1)C1CCNC1)c1ccccc1Oc1ccccc1,0,O=C(c1ccccc1Oc1ccccc1)N(c1ccccc1)C1CCNC1,1
Fc1ccc(cc1)N1N=C[C@H]2[C@@H]1C=C1CCN(C[C@@]1(C2)C(=O)c1ccccn1)S(=O)(=O)c1ccc(cc1)C(F)(F)F,0,O=C(c1ccccn1)[C@@]12C[C@H]3C=NN(c4ccc(F)cc4)[C@H]3C=C1CCN(S(=O)(=O)c1ccc(C(F)(F)F)cc1)C2,1
Fc1ccc(cc1)N1N=C[C@H]2[C@@H]1C=C1CCN(C[C@@]1(C2)C(=O)c1ccccn1)S(=O)(=O)c1ccc(c(c1)Cl)Cl,1,O=C(c1ccccn1)[C@@]12C[C@H]3C=NN(c4ccc(F)cc4)[C@H]3C=C1CCN(S(=O)(=O)c1ccc(Cl)c(Cl)c1)C2,0
Fc1ccc(cc1)N1N=C[C@H]2[C@@H]1C=C1CCN(C[C@@]1(C2)C(=O)c1ccccn1)S(=O)(=O)c1ccc(cc1)F,0,O=C(c1ccccn1)[C@@]12C[C@H]3C=NN(c4ccc(F)cc4)[C@H]3C=C1CCN(S(=O)(=O)c1ccc(F)cc1)C2,1
Fc1ccc(cc1)N1N=C[C@H]2[C@@H]1C=C1CCN(C[C@@]1(C2)C(=O)c1ccccn1)S(=O)(=O)c1cccc(c1)C(F)(F)F,1,O=C(c1ccccn1)[C@@]12C[C@H]3C=NN(c4ccc(F)cc4)[C@H]3C=C1CCN(S(=O)(=O)c1cccc(C(F)(F)F)c1)C2,0
FC(C(COc1ccccc1CN1CCC2(CC1)CCN(CC2)C(=O)c1ccncc1)(F)F)F,0,O=C(c1ccncc1)N1CCC2(CCN(Cc3ccccc3OCC(F)(F)C(F)F)CC2)CC1,1
Clc1ccc(cc1)c1nnc(o1)C(=O)N1CCC(CC1)Oc1ccc(cc1)CN1CCCC1,0,O=C(c1nnc(-c2ccc(Cl)cc2)o1)N1CCC(Oc2ccc(CN3CCCC3)cc2)CC1,1
Fc1ccc(cc1)c1nnc(o1)C(=O)N1CCC(CC1)Oc1ccc(cc1)CN1CCCC1,0,O=C(c1nnc(-c2ccc(F)cc2)o1)N1CCC(Oc2ccc(CN3CCCC3)cc2)CC1,1
FC(Oc1ccc(cc1)c1nnc(o1)C(=O)N1CCC(CC1)Oc1ccc(cc1)CN1CCCC1)F,0,O=C(c1nnc(-c2ccc(OC(F)F)cc2)o1)N1CCC(Oc2ccc(CN3CCCC3)cc2)CC1,1
O=C(c1nnc(o1)c1ccccc1)N1CC(C1)Oc1ccc(cc1)CN1CC2(C1)CCCO2,0,O=C(c1nnc(-c2ccccc2)o1)N1CC(Oc2ccc(CN3CC4(CCCO4)C3)cc2)C1,1
O=C(c1nnc(o1)c1ccccc1)N1CC(C1)Oc1ccc(cc1)CN1CC2(C1)COCC2,1,O=C(c1nnc(-c2ccccc2)o1)N1CC(Oc2ccc(CN3CC4(CCOC4)C3)cc2)C1,0
O=C(c1nnc(o1)c1ccccc1)N1CC(C1)Oc1ccc(cc1)CN1CC2(C1)COC2,1,O=C(c1nnc(-c2ccccc2)o1)N1CC(Oc2ccc(CN3CC4(COC4)C3)cc2)C1,0
OC1CCN(C1)Cc1ccc(cc1)OC1CCN(CC1)C(=O)c1nnc(o1)c1ccccc1,1,O=C(c1nnc(-c2ccccc2)o1)N1CCC(Oc2ccc(CN3CCC(O)C3)cc2)CC1,0
O=C(c1nnc(o1)c1ccccc1)N1CCC(CC1)Oc1ccc(cc1)CN1CCCC1,1,O=C(c1nnc(-c2ccccc2)o1)N1CCC(Oc2ccc(CN3CCCC3)cc2)CC1,0
O=C(c1nnc(o1)c1ccccc1Cl)N1CCC(CC1)Oc1ccc(cc1)CN1CCCC1,0,O=C(c1nnc(-c2ccccc2Cl)o1)N1CCC(Oc2ccc(CN3CCCC3)cc2)CC1,1
O=C(c1noc(n1)c1ccccc1)N1CCC(CC1)Oc1ccc(cc1)CN1CCCC1,0,O=C(c1noc(-c2ccccc2)n1)N1CCC(Oc2ccc(CN3CCCC3)cc2)CC1,1
O=C1C(CCCN1C1(CCC(CC1)N1CCC2(CC1)COCC2)c1ccccc1)c1cc(cc(c1)C(F)(F)F)C(F)(F)F,0,O=C1C(c2cc(C(F)(F)F)cc(C(F)(F)F)c2)CCCN1C1(c2ccccc2)CCC(N2CCC3(CCOC3)CC2)CC1,1
Oc1ccc(cc1)C(CN1CCC(CC1=O)Cc1ccccc1)O,1,O=C1CC(Cc2ccccc2)CCN1CC(O)c1ccc(O)cc1,0
Oc1ccc(cc1)C1CC(=O)c2c(O1)cc(cc2O)O,1,O=C1CC(c2ccc(O)cc2)Oc2cc(O)cc(O)c21,0
O=C1CC2C(C1)CN(C2)c1ccc(cc1F)N1C[C@@H](OC1=O)Cn1nncc1,1,O=C1CC2CN(c3ccc(N4C[C@H](Cn5ccnn5)OC4=O)cc3F)CC2C1,0
O=C1CCCN1C5CCN(CCOc4ccc(Oc3nc2ccccc2s3)cc4)CC5,0,O=C1CCCN1C1CCN(CCOc2ccc(Oc3nc4ccccc4s3)cc2)CC1,1
O=C1CCCN1C1CCN(CC1)Cc1ccc(cc1)Oc1nc2c(s1)cccc2,1,O=C1CCCN1C1CCN(Cc2ccc(Oc3nc4ccccc4s3)cc2)CC1,0
O=C1CCC[C@@H]2N1C[C@H]1CCCN3[C@H]1[C@H]2CCC3,1,O=C1CCC[C@H]2[C@@H]3CCCN4CCC[C@H](CN12)[C@H]34,0
O=C1NCN(C1)C(=O)c1ccc(cn1)C1(CCCO1)c1ccc(cc1)OCc1ccccn1,1,O=C1CN(C(=O)c2ccc(C3(c4ccc(OCc5ccccn5)cc4)CCCO3)cn2)CN1,0
O=C1C(CCN1C1(CCC(CC1)N1CCN(C(=O)C1)c1ccccc1)c1ccccc1)c1cc(cc(c1)C(F)(F)F)C(F)(F)F,0,O=C1CN(C2CCC(c3ccccc3)(N3CCC(c4cc(C(F)(F)F)cc(C(F)(F)F)c4)C3=O)CC2)CCN1c1ccccc1,1
O=C2CN(CCc1ccc(F)cc1)CCN2C5CCc4cc(CN3CCOCC3)ccc4C5,1,O=C1CN(CCc2ccc(F)cc2)CCN1C1CCc2cc(CN3CCOCC3)ccc2C1,0
O=C2CN(CCc1ccc(F)cc1)CCN2C5CCc4cc(CN3CCS(=O)(=O)CC3)ccc4C5,1,O=C1CN(CCc2ccc(F)cc2)CCN1C1CCc2cc(CN3CCS(=O)(=O)CC3)ccc2C1,0
Fc1ccc(cc1)CCN1CCN(C(=O)C1)[C@H]1CCc2c(C1)ccc(c2)CNCC(F)(F)F,0,O=C1CN(CCc2ccc(F)cc2)CCN1[C@H]1CCc2cc(CNCC(F)(F)F)ccc2C1,1
O=C1CN(C(=O)N1CC1CC1)Cc1ccc(cc1)c1ccc(c(n1)CN1CCCCC1)F,0,O=C1CN(Cc2ccc(-c3ccc(F)c(CN4CCCCC4)n3)cc2)C(=O)N1CC1CC1,1
O=C1CN(C(=O)N1C1CC1)Cc1ccc(cc1)c1ccc(c(n1)CN1CCS(=O)(=O)CC1)F,1,O=C1CN(Cc2ccc(-c3ccc(F)c(CN4CCS(=O)(=O)CC4)n3)cc2)C(=O)N1C1CC1,0
O=C1CN(C(=O)N1C1CCC1)Cc1ccc(cc1)c1cccc(n1)CN1CCCCC1,0,O=C1CN(Cc2ccc(-c3cccc(CN4CCCCC4)n3)cc2)C(=O)N1C1CCC1,1
O=C1CN(C(=O)N1CC(F)(F)F)Cc1ccc(cc1)c1cccc(n1)CN1CCCCC1,0,O=C1CN(Cc2ccc(-c3cccc(CN4CCCCC4)n3)cc2)C(=O)N1CC(F)(F)F,1
O=C1CN(C(=O)N1CC1CC1)Cc1ccc(cc1)c1cccc(n1)CN1CCCCC1,0,O=C1CN(Cc2ccc(-c3cccc(CN4CCCCC4)n3)cc2)C(=O)N1CC1CC1,1
O=C1COc2c(N1)nc(c(c2)Cl)CNC12CCC(CC1)(OC2)CC1(O)Cn2c3c1c(F)cnc3ccc2=O,1,O=C1COc2cc(Cl)c(CNC34CCC(CC5(O)Cn6c(=O)ccc7ncc(F)c5c76)(CC3)OC4)nc2N1,0
O=C1COc2c(N1)nc(c(c2)F)CNC12CCC(CC1)(OC2)CC1(O)Cn2c3c1c(F)cnc3ccc2=O,1,O=C1COc2cc(F)c(CNC34CCC(CC5(O)Cn6c(=O)ccc7ncc(F)c5c76)(CC3)OC4)nc2N1,0
O=C1COc2c(N1)nc(c(c2)OCc1ccccc1)CNC12CCC(CC1)(OC2)CC1(O)Cn2c3c1c(F)cnc3ccc2=O,1,O=C1COc2cc(OCc3ccccc3)c(CNC34CCC(CC5(O)Cn6c(=O)ccc7ncc(F)c5c76)(CC3)OC4)nc2N1,0
O=C6COc5cc4CCC(N3CCC(NC(=O)c2cc(=O)c1ccc(F)cc1o2)CC3)c4cc5N6,1,O=C1COc2cc3c(cc2N1)C(N1CCC(NC(=O)c2cc(=O)c4ccc(F)cc4o2)CC1)CC3,0
O=C1COc2c(N1)cc1c(c2)C(CC1)N1CCC(CC1)NC(=O)c1cc(=O)c2c(o1)cc(cc2)F,1,O=C1COc2cc3c(cc2N1)CCC3N1CCC(NC(=O)c2cc(=O)c3ccc(F)cc3o2)CC1,0
O=C1COc2c(N1)nc(cc2)CNC12CCC(CC1)(OC2)CC1(F)Cn2c3c1c(F)cnc3ccc2=O,1,O=C1COc2ccc(CNC34CCC(CC5(F)Cn6c(=O)ccc7ncc(F)c5c76)(CC3)OC4)nc2N1,0
O=C1COc2c(N1)nc(cc2)CNC12CCC(CC1)(OC2)CC1(O)CN2c3c1c(F)cnc3CCC2=O,1,O=C1COc2ccc(CNC34CCC(CC5(O)CN6C(=O)CCc7ncc(F)c5c76)(CC3)OC4)nc2N1,0
O=C1COc2c(N1)nc(cc2)CNC12CCC(CC1)(OC2)CC1(O)Cn2c3c1c(F)cnc3cc(c2=O)F,1,O=C1COc2ccc(CNC34CCC(CC5(O)Cn6c(=O)c(F)cc7ncc(F)c5c76)(CC3)OC4)nc2N1,0
O=C1COc2c(N1)nc(cc2)CNC12CCC(CC1)(OC2)CC1(O)Cn2c3c1c(F)c(Cl)nc3ccc2=O,1,O=C1COc2ccc(CNC34CCC(CC5(O)Cn6c(=O)ccc7nc(Cl)c(F)c5c76)(CC3)OC4)nc2N1,0
O=C1COc2c(N1)nc(cc2)CNC12CCC(CC1)(OC2)CC1(O)Cn2c3c1c(Cl)cnc3ccc2=O,1,O=C1COc2ccc(CNC34CCC(CC5(O)Cn6c(=O)ccc7ncc(Cl)c5c76)(CC3)OC4)nc2N1,0
O=C1COc2c(N1)cc(cc2)CNC12CCC(CC1)(OC2)CC1(O)Cn2c3c1c(F)cnc3ccc2=O,0,O=C1COc2ccc(CNC34CCC(CC5(O)Cn6c(=O)ccc7ncc(F)c5c76)(CC3)OC4)cc2N1,1
O=C1COc2c(N1)nc(cc2)CNC12CCC(CC1)(OC2)CCc1c(F)cnc2c1nc(OCC1CC(C(C1)O)O)cc2,0,O=C1COc2ccc(CNC34CCC(CCc5c(F)cnc6ccc(OCC7CC(O)C(O)C7)nc56)(CC3)OC4)nc2N1,1
O=C1COc2c(N1)nc(cc2)CNC12CCC(CC1)(OC2)CCc1c(F)cnc2c1nc(OCC1CC1C(=O)O)cc2,1,O=C1COc2ccc(CNC34CCC(CCc5c(F)cnc6ccc(OCC7CC7C(=O)O)nc56)(CC3)OC4)nc2N1,0
O=C1COc2c(N1)nc(cc2)CNC12CCC(CC1)(OC2)CCc1c(F)cnc2c1nc(OCCc1[nH]ccc(=O)c1O)cc2,0,O=C1COc2ccc(CNC34CCC(CCc5c(F)cnc6ccc(OCCc7[nH]ccc(=O)c7O)nc56)(CC3)OC4)nc2N1,1
O=C1COc2c(N1)nc(cc2)CNC12CCC(CC1)(OC2)CCc1c(F)cnc2c1nc(OCc1[nH]ccc(=O)c1O)cc2,0,O=C1COc2ccc(CNC34CCC(CCc5c(F)cnc6ccc(OCc7[nH]ccc(=O)c7O)nc56)(CC3)OC4)nc2N1,1
O=C1COc2c(N1)nc(cc2)CNC1CCN(CC1)CCN1C(=O)COc2c1cc(cc2)c1n[nH]nn1,1,O=C1COc2ccc(CNC3CCN(CCN4C(=O)COc5ccc(-c6nn[nH]n6)cc54)CC3)nc2N1,0
O=C1COc2c(N1)nc(cc2)CNC1CCN(CC1F)CCn1c(=O)ccc2c1cc(cn2)Oc1cccnc1,1,O=C1COc2ccc(CNC3CCN(CCn4c(=O)ccc5ncc(Oc6cccnc6)cc54)CC3F)nc2N1,0
O=C1COc2c(N1)nc(cc2)CNC1CCN(CC1F)CCn1c(=O)ccc2c1cc(cn2)Oc1nocc1,1,O=C1COc2ccc(CNC3CCN(CCn4c(=O)ccc5ncc(Oc6ccon6)cc54)CC3F)nc2N1,0
O=C1COc2c(N1)cc(nc2)CNC12CCC(CC1)(OC2)CC1(O)Cn2c3c1c(F)cnc3ccc2=O,1,O=C1COc2cnc(CNC34CCC(CC5(O)Cn6c(=O)ccc7ncc(F)c5c76)(CC3)OC4)cc2N1,0
O=C1COc2c(N1)nc(nc2)CNC12CCC(CC1)(OC2)CC1(O)Cn2c3c1c(F)cnc3ccc2=O,1,O=C1COc2cnc(CNC34CCC(CC5(O)Cn6c(=O)ccc7ncc(F)c5c76)(CC3)OC4)nc2N1,0
O=C1CSC(=N1)c1cc(cc(c1)C(F)(F)F)S(=O)(=O)N1CCN(CC1)C(=O)C1CC1c1ccc(cc1)C(F)(F)F,0,O=C1CSC(c2cc(C(F)(F)F)cc(S(=O)(=O)N3CCN(C(=O)C4CC4c4ccc(C(F)(F)F)cc4)CC3)c2)=N1,1
O=C1CSc2c(N1)nc(cc2)CNC12CCC(CC1)(OC2)CC1(O)Cn2c3c1c(F)cnc3ccc2=O,1,O=C1CSc2ccc(CNC34CCC(CC5(O)Cn6c(=O)ccc7ncc(F)c5c76)(CC3)OC4)nc2N1,0
O=C1N(CCC1(O)c1cc(cc(c1)C(F)(F)F)C(F)(F)F)C1(CCC(CC1)N1CCC2(CC1)COCC2)c1ccccc1,0,O=C1N(C2(c3ccccc3)CCC(N3CCC4(CCOC4)CC3)CC2)CCC1(O)c1cc(C(F)(F)F)cc(C(F)(F)F)c1,1
Brc1ccc(cc1)CN1CCC(CC1)N1C(=O)N(C[C@H]1c1ccccc1)C1CCCCC1,0,O=C1N(C2CCCCC2)C[C@@H](c2ccccc2)N1C1CCN(Cc2ccc(Br)cc2)CC1,1
Clc1cccc(c1)N1CCN(C1=O)CCN1C2CCCC1CC2,0,O=C1N(CCN2C3CCCC2CC3)CCN1c1cccc(Cl)c1,1
Clc1cccc(c1)N1CCN(C1=O)CCN1CC2CCC(C1)CC2,0,O=C1N(CCN2CC3CCC(CC3)C2)CCN1c1cccc(Cl)c1,1
Clc1cccc(c1)N1CCN(C1=O)CCN1CC2CC1CC2,1,O=C1N(CCN2CC3CCC2C3)CCN1c1cccc(Cl)c1,0
Clc1cccc(c1)N1CCN(C1=O)CCN1CC2CCC1Cc1c(C2)cccc1,0,O=C1N(CCN2CC3CCC2Cc2ccccc2C3)CCN1c1cccc(Cl)c1,1
O=C1NC(=O)C(=C1c1c[nH]c2c1cccc2)c1c[nH]c2c1cccc2,1,O=C1NC(=O)C(c2c[nH]c3ccccc23)=C1c1c[nH]c2ccccc12,0
N1CCN(C1=O)CCN(CC2)CCC2[C@H]3CN(c(c34)cccc4)c5ccc(F)cc5,0,O=C1NCCN1CCN1CCC([C@H]2CN(c3ccc(F)cc3)c3ccccc32)CC1,1
N1CCN(C1=O)CCN(CC2)CC[C@@H]2c3cn(c(c34)ccc(Cl)c4)-c(cc5)ccc5COO,1,O=C1NCCN1CCN1CCC(c2cn(-c3ccc(COO)cc3)c3ccc(Cl)cc23)CC1,0
Fc1ccc(cc1)[C@@H]1CNC(=O)C21CCN(CC2)[C@@H]1COCC[C@@]1(O)c1ccccc1,1,O=C1NC[C@@H](c2ccc(F)cc2)C12CCN([C@@H]1COCC[C@@]1(O)c1ccccc1)CC2,0
O=C1NC[C@H](C21CCN(CC2)[C@@H]1CCCC[C@@H]1c1ccccc1)c1ccccc1,0,O=C1NC[C@@H](c2ccccc2)C12CCN([C@@H]1CCCC[C@@H]1c1ccccc1)CC2,1
Fc1ccc(cc1)[C@]1(O)CCCC[C@H]1N1CCC2(CC1)C(=O)NC[C@H]2c1ccccc1,0,O=C1NC[C@@H](c2ccccc2)C12CCN([C@@H]1CCCC[C@@]1(O)c1ccc(F)cc1)CC2,1
O=c1nc(c2ccccc2Cl)c2c([nH]1)N(C(=O)NC2)c1c(Cl)cccc1Cl,0,O=C1NCc2c(-c3ccccc3Cl)nc(=O)[nH]c2N1c1c(Cl)cccc1Cl,1
Clc1cccc(c1N1C(=O)NCc2c1nc(nc2c1ccccc1Cl)N1CCOCC1)Cl,0,O=C1NCc2c(-c3ccccc3Cl)nc(N3CCOCC3)nc2N1c1c(Cl)cccc1Cl,1
O=C1NCc2c(N1c1c(Cl)cccc1Cl)nc(nc2c1ccccc1Cl)N1CCc2c(C1)cn[nH]2,0,O=C1NCc2c(-c3ccccc3Cl)nc(N3CCc4[nH]ncc4C3)nc2N1c1c(Cl)cccc1Cl,1
O=C1NCc2c(N1c1c(Cl)cccc1Cl)nc(nc2c1ccccc1Cl)NC1CN2CCC1CC2,0,O=C1NCc2c(-c3ccccc3Cl)nc(NC3CN4CCC3CC4)nc2N1c1c(Cl)cccc1Cl,1
O=C1NCc2c(N1c1c(Cl)cccc1Cl)nc(nc2c1ccccc1Cl)NN1CCOCC1,0,O=C1NCc2c(-c3ccccc3Cl)nc(NN3CCOCC3)nc2N1c1c(Cl)cccc1Cl,1
O=C1Nc2ncccc2C2(O1)CCN(CC2)C(=O)N[C@@H]1CC[C@H](Cn2c1nnc2CC(F)(F)F)c1cccc(c1F)F,1,O=C1Nc2ncccc2C2(CCN(C(=O)N[C@@H]3CC[C@@H](c4cccc(F)c4F)Cn4c(CC(F)(F)F)nnc43)CC2)O1,0
O=C1OC2(CN1c1ccccc1)CCC(CC2)c1nc2c([nH]1)cc(cc2)C(F)(F)F,0,O=C1OC2(CCC(c3nc4ccc(C(F)(F)F)cc4[nH]3)CC2)CN1c1ccccc1,1
O=C1OC2(CN1c1ccccn1)CCC(CC2)c1nc2c([nH]1)cc(cc2)C(F)(F)F,0,O=C1OC2(CCC(c3nc4ccc(C(F)(F)F)cc4[nH]3)CC2)CN1c1ccccn1,1
Fc1ccc(cc1)N1CC2(OC1=O)CCC(CC2)c1nc2c([nH]1)cc(cc2)OC(F)(F)F,0,O=C1OC2(CCC(c3nc4ccc(OC(F)(F)F)cc4[nH]3)CC2)CN1c1ccc(F)cc1,1
O=C1OC2(CN1c1cccc(n1)F)CCC(CC2)c1nc2c([nH]1)cc(cc2)OC(F)(F)F,0,O=C1OC2(CCC(c3nc4ccc(OC(F)(F)F)cc4[nH]3)CC2)CN1c1cccc(F)n1,1
O=C1OC2(CN1c1ccccc1)CCC(CC2)c1nc2c([nH]1)cc(cc2)OC(F)(F)F,0,O=C1OC2(CCC(c3nc4ccc(OC(F)(F)F)cc4[nH]3)CC2)CN1c1ccccc1,1
O=C1OC2(CN1c1ccccc1F)CCC(CC2)c1nc2c([nH]1)cc(cc2)OC(F)(F)F,0,O=C1OC2(CCC(c3nc4ccc(OC(F)(F)F)cc4[nH]3)CC2)CN1c1ccccc1F,1
O=C1OC2(CN1c1ccccn1)CCC(CC2)c1nc2c([nH]1)cc(cc2)OC(F)(F)F,0,O=C1OC2(CCC(c3nc4ccc(OC(F)(F)F)cc4[nH]3)CC2)CN1c1ccccn1,1
O=C1OC2(CN1c1cccnc1)CCC(CC2)c1nc2c([nH]1)cc(cc2)OC(F)(F)F,0,O=C1OC2(CCC(c3nc4ccc(OC(F)(F)F)cc4[nH]3)CC2)CN1c1cccnc1,1
O=C1OC2(CN1c1cccnc1F)CCC(CC2)c1nc2c([nH]1)cc(cc2)OC(F)(F)F,1,O=C1OC2(CCC(c3nc4ccc(OC(F)(F)F)cc4[nH]3)CC2)CN1c1cccnc1F,0
O=C1OC2(CN1c1ccccc1)CCN(CC2)c1nc2c([nH]1)cc(cc2)C(F)(F)F,0,O=C1OC2(CCN(c3nc4ccc(C(F)(F)F)cc4[nH]3)CC2)CN1c1ccccc1,1
O=C(C1CNCCC21OC(=O)c1c2cc(F)c(c1)F)N(C1CC1)Cc1cccc(c1Cl)C(F)(F)F,1,O=C1OC2(CCNCC2C(=O)N(Cc2cccc(C(F)(F)F)c2Cl)C2CC2)c2cc(F)c(F)cc21,0
Oc1c(Br)cc2c(c1Br)Oc1c(C32OC(=O)c2c3c(Cl)c(Cl)c(c2Cl)Cl)cc(c(c1Br)O)Br,1,O=C1OC2(c3cc(Br)c(O)c(Br)c3Oc3c2cc(Br)c(O)c3Br)c2c(Cl)c(Cl)c(Cl)c(Cl)c21,0
OC[C@@H]1OC(=O)N2[C@@H]1COc1c2ccc(c1)c1ccc(nc1)N1CCOC1=O,1,O=C1OCCN1c1ccc(-c2ccc3c(c2)OC[C@@H]2[C@H](CO)OC(=O)N32)cn1,0
O=C(N1CCC(CC1)/C=C/c1ccc2c(c1)COC2=O)Cc1ccc(cc1)n1cnnn1,0,O=C1OCc2cc(/C=C/C3CCN(C(=O)Cc4ccc(-n5cnnn5)cc4)CC3)ccc21,1
O=C(N1CCC(CC1)(F)CCc1ccc2c(c1)COC2=O)Cc1ccc(cc1)n1cnnn1,0,O=C1OCc2cc(CCC3(F)CCN(C(=O)Cc4ccc(-n5cnnn5)cc4)CC3)ccc21,1
O=C(N1CCC(CC1)(O)CCc1ccc2c(c1)COC2=O)Cc1ccc(cc1)n1cnnn1,0,O=C1OCc2cc(CCC3(O)CCN(C(=O)Cc4ccc(-n5cnnn5)cc4)CC3)ccc21,1
O=C(N1CCC(CC1)CCc1ccc2c(c1)COC2=O)Cc1ccc(cc1)n1cnnn1,0,O=C1OCc2cc(CCC3CCN(C(=O)Cc4ccc(-n5cnnn5)cc4)CC3)ccc21,1
O=C(N1CCC(CC1)CCc1ccc2c(c1)COC2=O)Cc1ccc(cn1)n1cnnn1,0,O=C1OCc2cc(CCC3CCN(C(=O)Cc4ccc(-n5cnnn5)cn4)CC3)ccc21,1
O=C(N1CCC(CC1)CCc1ccc2c(c1)COC2=O)Cc1ccc(nc1)n1cnnn1,0,O=C1OCc2cc(CCC3CCN(C(=O)Cc4ccc(-n5cnnn5)nc4)CC3)ccc21,1
O=C(N1C[C@H]2[C@H](C1)[C@@H]2CCc1ccc2c(c1)COC2=O)Cc1ccc(cc1)n1cnnn1,0,O=C1OCc2cc(CCC3[C@H]4CN(C(=O)Cc5ccc(-n6cnnn6)cc5)C[C@H]34)ccc21,1
O=C(N1CCN(CC1)CCc1ccc2c(c1)COC2=O)Cc1ccc(cn1)n1cnnn1,1,O=C1OCc2cc(CCN3CCN(C(=O)Cc4ccc(-n5cnnn5)cn4)CC3)ccc21,0
O=C(N1CCN(CC1)CCc1ccc2c(c1)COC2=O)Cc1ccc(nc1)n1cnnn1,0,O=C1OCc2cc(CCN3CCN(C(=O)Cc4ccc(-n5cnnn5)nc4)CC3)ccc21,1
O=C(N1CCN(CC1)CCc1ccc2c(n1)COC2=O)Cc1ccc(cc1)n1cnnn1,1,O=C1OCc2nc(CCN3CCN(C(=O)Cc4ccc(-n5cnnn5)cc4)CC3)ccc21,0
OC[C@@H]1OC(=O)N(C1)c1ccc(cn1)c1ccc2c(c1)OC[C@H]1N2C(=O)O[C@H]1CO,1,O=C1O[C@@H](CO)CN1c1ccc(-c2ccc3c(c2)OC[C@@H]2[C@H](CO)OC(=O)N32)cn1,0
O=C3c2ccc(OCc1ccccc1)cc2CCC3CCN5CCC(c4ccccc4)CC5,0,O=C1c2ccc(OCc3ccccc3)cc2CCC1CCN1CCC(c2ccccc2)CC1,1
[H]C(=O)N6CCN(Cc1ccc4c(c1)Cc5c(c3csc(C#CCOc2ccccc2)c3)n[nH]c45)CC6,0,O=CN1CCN(Cc2ccc3c(c2)Cc2c(-c4csc(C#CCOc5ccccc5)c4)n[nH]c2-3)CC1,1
OC1CN(CCC1Cc1ccccc1)CCS(=O)(=O)c1ccc(cc1)O,1,O=S(=O)(CCN1CCC(Cc2ccccc2)C(O)C1)c1ccc(O)cc1,0
O=S(=O)(CCN2CCC(Cc1ccccc1)CC2)c3ccc(O)cc3,0,O=S(=O)(CCN1CCC(Cc2ccccc2)CC1)c1ccc(O)cc1,1
O=S(=O)(CCN2CC[C@@H](Cc1ccccc1)[C@H](O)C2)c3ccc(O)cc3,0,O=S(=O)(CCN1CC[C@@H](Cc2ccccc2)[C@H](O)C1)c1ccc(O)cc1,1
O=S(=O)(c1ccccc1)Cc1cc(nc(n1)c1ccccn1)N1CCOCC1,1,O=S(=O)(Cc1cc(N2CCOCC2)nc(-c2ccccn2)n1)c1ccccc1,0
Fc1ccc2c(c1)onc2C1CCN(CC1)CCCCNS(=O)(=O)c1ccc2c(c1)ccc(c2)Cl,1,O=S(=O)(NCCCCN1CCC(c2noc3cc(F)ccc23)CC1)c1ccc2cc(Cl)ccc2c1,0
O=S(=O)(c1ccc2c(c1)cccc2)NCCCCN1CCN(CC1)c1noc2c1cccc2,1,O=S(=O)(NCCCCN1CCN(c2noc3ccccc23)CC1)c1ccc2ccccc2c1,0
Clc1ccc2c(c1)sc(c2)S(=O)(=O)NCCCCN1CCN(CC1)c1nsc2c1cccc2,1,O=S(=O)(NCCCCN1CCN(c2nsc3ccccc23)CC1)c1cc2ccc(Cl)cc2s1,0
Fc1ccc2c(c1)onc2C1CCN(CC1)CCCNS(=O)(=O)c1cnc2n1cccc2,1,O=S(=O)(NCCCN1CCC(c2noc3cc(F)ccc23)CC1)c1cnc2ccccn12,0
Clc1ccc2c(c1)sc(c2)S(=O)(=O)NCCCN1CCN(CC1)c1nsc2c1cccc2,1,O=S(=O)(NCCCN1CCN(c2nsc3ccccc23)CC1)c1cc2ccc(Cl)cc2s1,0
Fc1ccc2c(c1)onc2C1CCN(CC1)CCNS(=O)(=O)c1cccc2c1cccc2,1,O=S(=O)(NCCN1CCC(c2noc3cc(F)ccc23)CC1)c1cccc2ccccc12,0
O=S(=O)(c1ccc2c(c1)cccc2)NCCN1CCN(CC1)c1nsc2c1cccc2,1,O=S(=O)(NCCN1CCN(c2nsc3ccccc23)CC1)c1ccc2ccccc2c1,0
O=S(=O)(c1ccc(cc1)C(F)(F)F)Nc1ccc(cc1)C12CNCC2C1,0,O=S(=O)(Nc1ccc(C23CNCC2C3)cc1)c1ccc(C(F)(F)F)cc1,1
FC(Oc1ccc(cc1)S(=O)(=O)Nc1ccc(cc1)C12CNCC2C1)(F)F,0,O=S(=O)(Nc1ccc(C23CNCC2C3)cc1)c1ccc(OC(F)(F)F)cc1,1
O=S(=O)(c1ccc(nc1)N1CCOCC1)Nc1ccc2c(c1)CCN(CC2)Cc1ccn[nH]1,1,O=S(=O)(Nc1ccc2c(c1)CCN(Cc1ccn[nH]1)CC2)c1ccc(N2CCOCC2)nc1,0
O=S(=O)(c1ccccc1)Nc1ccc2c(c1)[nH]c(n2)Cc1ccc(cc1)Oc1ccccc1,0,O=S(=O)(Nc1ccc2nc(Cc3ccc(Oc4ccccc4)cc3)[nH]c2c1)c1ccccc1,1
c1cccc(CO)c1S(=O)(=O)c(cc2)ccc2/C=C/c(cc3)ccc3F,0,O=S(=O)(c1ccc(/C=C/c2ccc(F)cc2)cc1)c1ccccc1CO,1
c1cccc(F)c1S(=O)(=O)c(cn2)ccc2/C=C/c(c(Cl)c3)ccc3F,0,O=S(=O)(c1ccc(/C=C/c2ccc(F)cc2Cl)nc1)c1ccccc1F,1
c1cccc(F)c1S(=O)(=O)c(cn2)ccc2/C=C/c3ccccc3O,0,O=S(=O)(c1ccc(/C=C/c2ccccc2O)nc1)c1ccccc1F,1
Fc1ccc(cc1)S(=O)(=O)N1CCN(CC1)CCc1ccc(cc1F)F,0,O=S(=O)(c1ccc(F)cc1)N1CCN(CCc2ccc(F)cc2F)CC1,1
Fc1ccc(cc1)S(=O)(=O)N1CCc2c(C1)ccc(n2)OC1CCN(CC1)C1CCC1,0,O=S(=O)(c1ccc(F)cc1)N1CCc2nc(OC3CCN(C4CCC4)CC3)ccc2C1,1
Clc1ccccc1CC1CCN(C1)S(=O)(=O)c1ccc2c(c1)CCNCC2,0,O=S(=O)(c1ccc2c(c1)CCNCC2)N1CCC(Cc2ccccc2Cl)C1,1
O=S(=O)(c1ccccc1F)N4CCOc3c(N2CCNCC2)cccc34,0,O=S(=O)(c1ccccc1F)N1CCOc2c(N3CCNCC3)cccc21,1
O=S1(=O)CCC(CC1)C1NC(Cc2c1[nH]c1c2cccc1)c1[nH]cc(n1)c1ccccc1,0,O=S1(=O)CCC(C2NC(c3nc(-c4ccccc4)c[nH]3)Cc3c2[nH]c2ccccc32)CC1,1
O=S5(=O)CCN(c4ccc(Nc3ncc2ccn(c1ccccn1)c2n3)cc4)CC5,1,O=S1(=O)CCN(c2ccc(Nc3ncc4ccn(-c5ccccn5)c4n3)cc2)CC1,0
c1cc([N+](=O)[O-])ccc1OCCN(COC(F)(F)F)CCc(cc2)ccc2[N+](=O)[O-],0,O=[N+]([O-])c1ccc(CCN(CCOc2ccc([N+](=O)[O-])cc2)COC(F)(F)F)cc1,1
[O-][N+](=O)c1ccc2c(c1)[nH]c(n2)Cc1ccc(cc1)Oc1ccccc1,0,O=[N+]([O-])c1ccc2nc(Cc3ccc(Oc4ccccc4)cc3)[nH]c2c1,1
[O-][N+](=O)c1cn2c(n1)OCC(C2)OCc1ccc(cc1)OC(F)(F)F,1,O=[N+]([O-])c1cn2c(n1)OCC(OCc1ccc(OC(F)(F)F)cc1)C2,0
O=c1[nH]c(nc2c1CSCC2)c1ccc(cc1)C(F)(F)F,1,O=c1[nH]c(-c2ccc(C(F)(F)F)cc2)nc2c1CSCC2,0
Clc1ccc2c(c1)c1nc([nH]c(=O)c1o2)C1CCCN1,1,O=c1[nH]c(C2CCCN2)nc2c1oc1ccc(Cl)cc12,0
c1cccc(c12)[nH]c(=O)n2CCCCN(CC3)CCC3n4c(=O)[nH]c(c45)ccc(Cl)c5,0,O=c1[nH]c2ccccc2n1CCCCN1CCC(n2c(=O)[nH]c3ccc(Cl)cc32)CC1,1
O=c1[nH]ccc(c12)c(ccc2)S(=O)(=O)N3CCCNCC3,0,O=c1[nH]ccc2c(S(=O)(=O)N3CCCNCC3)cccc12,1
O=c1[nH]ccc2c1ccc(c2)OC1CCCNC1,1,O=c1[nH]ccc2cc(OC3CCCNC3)ccc12,0
O=c6[nH]nc(C2CC3(c1ccc(F)cc1)NC2CCC3NCc4cc(OC(F)(F)F)ccc4OC5CC5)[nH]6,0,O=c1[nH]nc(C2CC3(c4ccc(F)cc4)NC2CCC3NCc2cc(OC(F)(F)F)ccc2OC2CC2)[nH]1,1
O=c1[nH]nc([nH]1)C1CC2(NC1CCC2NCc1cc(ccc1OC1CC1)OC(F)(F)F)c1ccccc1,0,O=c1[nH]nc(C2CC3(c4ccccc4)NC2CCC3NCc2cc(OC(F)(F)F)ccc2OC2CC2)[nH]1,1
O=c1[nH]nc2n1ccc1c2cc(c(n1)c1ccc(cc1)CN1CCC(CC1)c1nnc([nH]1)c1ccccn1)c1ccccc1,0,O=c1[nH]nc2c3cc(-c4ccccc4)c(-c4ccc(CN5CCC(c6nnc(-c7ccccn7)[nH]6)CC5)cc4)nc3ccn12,1
Oc1ccc(c(c1)O)c1oc2cc(O)cc(c2c(=O)c1O)O,1,O=c1c(O)c(-c2ccc(O)cc2O)oc2cc(O)cc(O)c12,0
O=c1c2CN(C(c2[nH]c2c1cccc2)c1ccc2c(c1)CCO2)c1ncc(cn1)c1ccccn1,0,O=c1c2c([nH]c3ccccc13)C(c1ccc3c(c1)CCO3)N(c1ncc(-c3ccccn3)cn1)C2,1
O=c1c2CN([C@H](c2[nH]c2c1cccc2)c1ccc2c(c1)CCO2)c1ccccn1,0,O=c1c2c([nH]c3ccccc13)[C@H](c1ccc3c(c1)CCO3)N(c1ccccn1)C2,1
Clc1ccc(cc1)Cc1nn(C[C@@H]2CCCN2CCCCc2ccc(cc2)OCCCN2CCCCCC2)c(=O)c2c1cccc2,0,O=c1c2ccccc2c(Cc2ccc(Cl)cc2)nn1C[C@@H]1CCCN1CCCCc1ccc(OCCCN2CCCCCC2)cc1,1
Clc1ccc(cc1)Cc1nn(C[C@@H]2CCCN2CCCCc2ccc(cc2)OCCCN2CCCCCC2)c(=O)c2c1cncc2,0,O=c1c2ccncc2c(Cc2ccc(Cl)cc2)nn1C[C@@H]1CCCN1CCCCc1ccc(OCCCN2CCCCCC2)cc1,1
Fc1ccc2c(c1F)[nH]c(=O)cc2Cn1c(nc2c1nccn2)C1CCC1,1,O=c1cc(Cn2c(C3CCC3)nc3nccnc32)c2ccc(F)c(F)c2[nH]1,0
O=c1cc(Cn2c(nc3c2nccn3)C2CCC2)c2c([nH]1)c(F)ccc2,1,O=c1cc(Cn2c(C3CCC3)nc3nccnc32)c2cccc(F)c2[nH]1,0
c1c(Cl)ccc(c12)[nH]c(=O)cc2NC3CCN(CC3)Cc(c4)ccc(c45)OCO5,0,O=c1cc(NC2CCN(Cc3ccc4c(c3)OCO4)CC2)c2cc(Cl)ccc2[nH]1,1
Fc1ccc(c(c1)/C=C(/NC12CCC(CC1)(OC2)CC1(O)Cn2c3c1c(F)cnc3ccc2=O)\F)F,0,O=c1ccc2ncc(F)c3c2n1CC3(O)CC12CCC(N/C(F)=C/c3cc(F)ccc3F)(CC1)CO2,1
Fc1cccc(c1/C=C/NC12CCC(CC1)(OC2)CC1(O)Cn2c3c1c(F)cnc3ccc2=O)F,0,O=c1ccc2ncc(F)c3c2n1CC3(O)CC12CCC(N/C=C/c3c(F)cccc3F)(CC1)CO2,1
Fc1ccc(c(c1)/C=C/NC12CCC(CC1)(OC2)CC1(O)Cn2c3c1c(F)cnc3ccc2=O)F,0,O=c1ccc2ncc(F)c3c2n1CC3(O)CC12CCC(N/C=C/c3cc(F)ccc3F)(CC1)CO2,1
Fc1ccc(cc1)/C=C/NC12CCC(CC1)(OC2)CC1(O)Cn2c3c1c(F)cnc3ccc2=O,0,O=c1ccc2ncc(F)c3c2n1CC3(O)CC12CCC(N/C=C/c3ccc(F)cc3)(CC1)CO2,1
Fc1cnc2c3c1C(O)(Cn3c(=O)cc2)CC12CCC(CC1)(CO2)N/C=C/c1ccccc1,0,O=c1ccc2ncc(F)c3c2n1CC3(O)CC12CCC(N/C=C/c3ccccc3)(CC1)CO2,1
Fc1cnc2c3c1C(O)(Cn3c(=O)cc2)CC12CCC(CC1)(CO2)N/C=C/c1ccccn1,0,O=c1ccc2ncc(F)c3c2n1CC3(O)CC12CCC(N/C=C/c3ccccn3)(CC1)CO2,1
Fc1ccc(c(c1)CCNC12CCC(CC1)(OC2)CC1(O)Cn2c3c1c(F)cnc3ccc2=O)F,0,O=c1ccc2ncc(F)c3c2n1CC3(O)CC12CCC(NCCc3cc(F)ccc3F)(CC1)CO2,1
Fc1ccc(c(c1)OCNC12CCC(CC1)(OC2)CC1(O)Cn2c3c1c(F)cnc3ccc2=O)F,0,O=c1ccc2ncc(F)c3c2n1CC3(O)CC12CCC(NCOc3cc(F)ccc3F)(CC1)CO2,1
Clc1cc2OCCOc2c(c1CNC12CCC(CC1)(OC2)CC1(O)Cn2c3c1c(F)cnc3ccc2=O)Cl,1,O=c1ccc2ncc(F)c3c2n1CC3(O)CC12CCC(NCc3c(Cl)cc4c(c3Cl)OCCO4)(CC1)CO2,0
Fc1cnc2c3c1C(O)(Cn3c(=O)cc2)CC12CCC(CC1)(CO2)NCc1noc(c1)c1cccs1,0,O=c1ccc2ncc(F)c3c2n1CC3(O)CC12CCC(NCc3cc(-c4cccs4)on3)(CC1)CO2,1
Clc1cc(CNC23CCC(CC2)(OC3)CC2(O)Cn3c4c2c(F)cnc4ccc3=O)c(c2c1OCCO2)Cl,1,O=c1ccc2ncc(F)c3c2n1CC3(O)CC12CCC(NCc3cc(Cl)c4c(c3Cl)OCCO4)(CC1)CO2,0
Clc1c(Cl)c(CNC23CCC(CC2)(OC3)CC2(O)Cn3c4c2c(F)cnc4ccc3=O)cc2c1OCCO2,1,O=c1ccc2ncc(F)c3c2n1CC3(O)CC12CCC(NCc3cc4c(c(Cl)c3Cl)OCCO4)(CC1)CO2,0
Clc1cc2OCCOc2cc1CNC12CCC(CC1)(OC2)CC1(O)Cn2c3c1c(F)cnc3ccc2=O,1,O=c1ccc2ncc(F)c3c2n1CC3(O)CC12CCC(NCc3cc4c(cc3Cl)OCCO4)(CC1)CO2,0
Fc1cc2OCCOc2cc1CNC12CCC(CC1)(OC2)CC1(O)Cn2c3c1c(F)cnc3ccc2=O,1,O=c1ccc2ncc(F)c3c2n1CC3(O)CC12CCC(NCc3cc4c(cc3F)OCCO4)(CC1)CO2,0
Fc1cnc2c3c1C(O)(Cn3c(=O)cc2)CC12CCC(CC1)(CO2)NCc1ncc2c(c1)S(=O)(=O)CCO2,1,O=c1ccc2ncc(F)c3c2n1CC3(O)CC12CCC(NCc3cc4c(cn3)OCCS4(=O)=O)(CC1)CO2,0
Fc1cnc2c3c1C(O)(Cn3c(=O)cc2)CC12CCC(CC1)(CO2)NCc1ncc2c(c1)OCCS2(=O)=O,1,O=c1ccc2ncc(F)c3c2n1CC3(O)CC12CCC(NCc3cc4c(cn3)S(=O)(=O)CCO4)(CC1)CO2,0
Fc1cnc2c3c1C(O)(Cn3c(=O)cc2)CC12CCC(CC1)(CO2)NCc1ncc2c(c1)OCCS2,1,O=c1ccc2ncc(F)c3c2n1CC3(O)CC12CCC(NCc3cc4c(cn3)SCCO4)(CC1)CO2,0
Fc1cnc2c3c1C(O)(Cn3c(=O)cc2)CC12CCC(CC1)(CO2)NCc1nnc2c(c1)OCCO2,1,O=c1ccc2ncc(F)c3c2n1CC3(O)CC12CCC(NCc3cc4c(nn3)OCCO4)(CC1)CO2,0
Fc1cnc2c3c1C(O)(Cn3c(=O)cc2)CC12CCC(CC1)(CO2)NCc1ccc2c(c1)OCCO2,1,O=c1ccc2ncc(F)c3c2n1CC3(O)CC12CCC(NCc3ccc4c(c3)OCCO4)(CC1)CO2,0
Clc1c(ccc2c1OCCO2)CNC12CCC(CC1)(OC2)CC1(O)Cn2c3c1c(F)cnc3ccc2=O,1,O=c1ccc2ncc(F)c3c2n1CC3(O)CC12CCC(NCc3ccc4c(c3Cl)OCCO4)(CC1)CO2,0
Fc1cnc2c3c1C(O)(Cn3c(=O)cc2)CC12CCC(CC1)(CO2)NCc1ccc2c(n1)NCCN2,1,O=c1ccc2ncc(F)c3c2n1CC3(O)CC12CCC(NCc3ccc4c(n3)NCCN4)(CC1)CO2,0
Fc1cnc2c3c1C(O)(Cn3c(=O)cc2)CC12CCC(CC1)(CO2)NCc1ccc2c(n1)NCCO2,1,O=c1ccc2ncc(F)c3c2n1CC3(O)CC12CCC(NCc3ccc4c(n3)NCCO4)(CC1)CO2,0
Fc1cnc2c3c1C(O)(Cn3c(=O)cc2)CC12CCC(CC1)(CO2)NCc1ccc2c(n1)OCCO2,1,O=c1ccc2ncc(F)c3c2n1CC3(O)CC12CCC(NCc3ccc4c(n3)OCCO4)(CC1)CO2,0
Clc1c(ncc2c1OCCO2)CNC12CCC(CC1)(OC2)CC1(O)Cn2c3c1c(F)cnc3ccc2=O,1,O=c1ccc2ncc(F)c3c2n1CC3(O)CC12CCC(NCc3ncc4c(c3Cl)OCCO4)(CC1)CO2,0
Fc1cnc2c3c1[C@@](O)(Cn3c(=O)cc2)C[C@]12CC[C@@](CC1)(CO2)NCc1ncc2c(c1)SCO2,1,O=c1ccc2ncc(F)c3c2n1C[C@@]3(O)C[C@]12CC[C@@](NCc3cc4c(cn3)OCS4)(CC1)CO2,0
Fc1cnc2c3c1[C@@](O)(Cn3c(=O)cc2)C[C@]12CC[C@@](CC1)(CO2)NCc1ccc2c(c1)OC(O2)(F)F,1,O=c1ccc2ncc(F)c3c2n1C[C@@]3(O)C[C@]12CC[C@@](NCc3ccc4c(c3)OC(F)(F)O4)(CC1)CO2,0
Fc1cnc2c3c1[C@@](O)(Cn3c(=O)cc2)C[C@]12CC[C@@](CC1)(CO2)NCc1ccc2c(c1)OCO2,1,O=c1ccc2ncc(F)c3c2n1C[C@@]3(O)C[C@]12CC[C@@](NCc3ccc4c(c3)OCO4)(CC1)CO2,0
Fc1ccc(c(c1)F)c1cccc2n1ccc(=O)c2c1c(F)cccc1F,1,O=c1ccn2c(-c3ccc(F)cc3F)cccc2c1-c1c(F)cccc1F,0
Fc1ccc(c(c1)F)c1cccc2n1ccc(=O)c2c1cc(ccc1F)c1ocnn1,1,O=c1ccn2c(-c3ccc(F)cc3F)cccc2c1-c1cc(-c2nnco2)ccc1F,0
OCC(Cn1c(=O)n(c2c1cccc2)C1CCN(CC1)CC1C2CCC(C31CC3)C2)O,1,O=c1n(CC(O)CO)c2ccccc2n1C1CCN(CC2C3CCC(C3)C23CC3)CC1,0
c1c(Cl)ccc(c12)n(CC(F)(F)F)c(=O)nc2N[C@H](C[C@H]34)C[C@@H](CC3)N4c(c5)ccc(c56)OCO6,0,O=c1nc(N[C@H]2C[C@H]3CC[C@@H](C2)N3c2ccc3c(c2)OCO3)c2cc(Cl)ccc2n1CC(F)(F)F,1
Fc1ccc(cc1)C(CCCN1CCC(CC1)(O)c1ccc(cc1)Cl)O,0,OC(CCCN1CCC(O)(c2ccc(Cl)cc2)CC1)c1ccc(F)cc1,1
OC(CN1CCN(CC1)Cc1c(F)cccc1Cl)COc1ccc(cc1)C(F)(F)F,1,OC(COc1ccc(C(F)(F)F)cc1)CN1CCN(Cc2c(F)cccc2Cl)CC1,0
OC(CN1CCN(CC1)Cc1ccc(c(c1)Cl)Cl)COc1ccc(cc1)C(F)(F)F,0,OC(COc1ccc(C(F)(F)F)cc1)CN1CCN(Cc2ccc(Cl)c(Cl)c2)CC1,1
OC(CN1CCN(CC1)Cc1ccc(cc1)Cl)COc1ccc(cc1)Cl,0,OC(COc1ccc(Cl)cc1)CN1CCN(Cc2ccc(Cl)cc2)CC1,1
OC(CN1CCN(CC1)Cc1ccc(c(c1)Cl)Cl)COc1ccc(cc1)F,0,OC(COc1ccc(F)cc1)CN1CCN(Cc2ccc(Cl)c(Cl)c2)CC1,1
OC(CN1CCN(CC1)Cc1ccc(cc1)Cl)COc1ccc(cc1)F,0,OC(COc1ccc(F)cc1)CN1CCN(Cc2ccc(Cl)cc2)CC1,1
OC(c1cccnc1)(c1cccnc1)Cc1ccccc1,1,OC(Cc1ccccc1)(c1cccnc1)c1cccnc1,0
Fc1ccc(c(c1)F)C(Cn1cncn1)(Cn1cncn1)O,1,OC(Cn1cncn1)(Cn1cncn1)c1ccc(F)cc1F,0
OC(c1ccc(cc1)F)c1ccc(cc1)F,1,OC(c1ccc(F)cc1)c1ccc(F)cc1,0
OC(C(c1ccccc1)N1CCOCC1)(c1ccccc1)c1ccccc1,1,OC(c1ccccc1)(c1ccccc1)C(c1ccccc1)N1CCOCC1,0
OC(c1ccccc1)(c1ccccc1)C1CCN(CC1)Cc1ccccc1,0,OC(c1ccccc1)(c1ccccc1)C1CCN(Cc2ccccc2)CC1,1
OC(C(c1ccccc1)N1CCCC1)(c1cccnc1)c1cccnc1,1,OC(c1cccnc1)(c1cccnc1)C(c1ccccc1)N1CCCC1,0
OC(C(c1ccccc1)N1CCOCCC1)(c1cccnc1)c1cccnc1,0,OC(c1cccnc1)(c1cccnc1)C(c1ccccc1)N1CCCOCC1,1
OC(C(c1ccccc1)N1CCNCC1)(c1cccnc1)c1cccnc1,0,OC(c1cccnc1)(c1cccnc1)C(c1ccccc1)N1CCNCC1,1
OC(C(c1ccccc1)N1CCOCC1)(c1cccnc1)c1cccnc1,1,OC(c1cccnc1)(c1cccnc1)C(c1ccccc1)N1CCOCC1,0
Fc1ccc(cc1)C1(O)CCN(CC1)c1ccc2n(n1)c(nn2)C(F)(F)F,1,OC1(c2ccc(F)cc2)CCN(c2ccc3nnc(C(F)(F)F)n3n2)CC1,0
OC1(CCN(CC1)c1ccc2n(n1)c(nn2)C(F)(F)F)c1cccnc1,1,OC1(c2cccnc2)CCN(c2ccc3nnc(C(F)(F)F)n3n2)CC1,0
OC1CN(CCC1c1ccc(cc1Cl)F)C[C@@H]1CCc2c([C@H](C1)O)nccc2,1,OC1CN(C[C@@H]2CCc3cccnc3[C@@H](O)C2)CCC1c1ccc(F)cc1Cl,0
OC1CN(CCC1c1ccc(cc1Cl)F)C[C@H]1C[C@H](O)c2c(C1)cccn2,1,OC1CN(C[C@@H]2Cc3cccnc3[C@@H](O)C2)CCC1c1ccc(F)cc1Cl,0
C1NC[C@@H]([C@@H]12)CN(C2)c(n3)n(c(c34)cccc4)C(CC5)CCN5C6(CO)CCCCCCC6,0,OCC1(N2CCC(n3c(N4C[C@H]5CNC[C@H]5C4)nc4ccccc43)CC2)CCCCCCC1,1
c1cc(Cl)ccc1-c2nc(no2)COc(cc3)cc(c34)[C@H](CC4)N(CC5)CCN5C6(CO)CCCC6,0,OCC1(N2CCN([C@H]3CCc4ccc(OCc5noc(-c6ccc(Cl)cc6)n5)cc43)CC2)CCCC1,1
Fc1ccccc1-c2nc(no2)COc(cc3)cc(c34)[C@H](CC4)N(CC5)CCN5C6(CO)CCCC6,0,OCC1(N2CCN([C@H]3CCc4ccc(OCc5noc(-c6ccccc6F)n5)cc43)CC2)CCCC1,1
c1cc(Cl)ccc1-c2nc(no2)COc(c3)ccc(c34)CC[C@H]4CCCNC5(CO)CCCC5,0,OCC1(NCCC[C@@H]2CCc3ccc(OCc4noc(-c5ccc(Cl)cc5)n4)cc32)CCCC1,1
OCC1C[C@@]2(NC1CC[C@@H]2NCc1cc(ccc1OC1CC1)OC(F)(F)F)c1ccccc1,0,OCC1C[C@]2(c3ccccc3)NC1CC[C@@H]2NCc1cc(OC(F)(F)F)ccc1OC1CC1,1
OCCN(c1nc(N2CCCCC2)c2c(n1)c(nc(n2)N(CCO)CCO)N1CCCCC1)CCO,1,OCCN(CCO)c1nc(N2CCCCC2)c2nc(N(CCO)CCO)nc(N3CCCCC3)c2n1,0
C1COCCC1Cn2cc(c(c23)cccc3Cl)-c4scc(n4)CCNCCO,0,OCCNCCc1csc(-c2cn(CC3CCOCC3)c3c(Cl)cccc23)n1,1
OCCNCc(n1)csc1-c(c(c23)cccc2Cl)cn3CC4CCOCC4,0,OCCNCc1csc(-c2cn(CC3CCOCC3)c3c(Cl)cccc23)n1,1
OC[C@H](CN1CCc2c(C1)sc(n2)c1ccc(cc1)OC1CC(C1)N1CCCCC1)O,1,OC[C@@H](O)CN1CCc2nc(-c3ccc(OC4CC(N5CCCCC5)C4)cc3)sc2C1,0
Fc1ccccc1-c2ccc(nc2)COc(cc3)cc(c34)[C@@H](CCC4)CCCN5CCC[C@H](C5)CO,0,OC[C@@H]1CCCN(CCC[C@@H]2CCCc3ccc(OCc4ccc(-c5ccccc5F)cn4)cc32)C1,1
c1cc(Cl)ccc1-c2nc(no2)COc(cc3)cc(c34)[C@@H](CCC4)CCCN5CCC[C@H](C5)CO,0,OC[C@@H]1CCCN(CCC[C@@H]2CCCc3ccc(OCc4noc(-c5ccc(Cl)cc5)n4)cc32)C1,1
c1cccc(F)c1-c2nc(no2)COc(cc3)cc(c34)[C@@H](CCC4)CCCN5CCC[C@H](C5)CO,0,OC[C@@H]1CCCN(CCC[C@@H]2CCCc3ccc(OCc4noc(-c5ccccc5F)n4)cc32)C1,1
O[C@H](CN1CC[C@H](CC1)c1nc2c([nH]1)cccc2)COc1ccc2c(c1)CCC2,0,O[C@@H](COc1ccc2c(c1)CCC2)CN1CCC(c2nc3ccccc3[nH]2)CC1,1
O[C@@H]4c3ccc(OCc1ccccc1c2ccccc2)cc3CC[C@H]4CCN6CCC(c5ccccc5)CC6,0,O[C@@H]1c2ccc(OCc3ccccc3-c3ccccc3)cc2CC[C@H]1CCN1CCC(c2ccccc2)CC1,1
Fc1ncc2c(c1)CO[C@@]12CCN(CC1)Cc1ccc(cc1)[C@H](c1ccc(c(c1)F)F)O,0,O[C@H](c1ccc(CN2CCC3(CC2)OCc2cc(F)ncc23)cc1)c1ccc(F)c(F)c1,1
O[C@H]4C[C@H](CN2CC[C@H](c1ccc(F)cc1Cl)[C@@H](O)C2)CCc3cccnc34,1,O[C@H]1C[C@H](CN2CC[C@H](c3ccc(F)cc3Cl)[C@@H](O)C2)CCc2cccnc21,0
c1cccc(CC2)c1[C@H](O)C23CCN(CC3)CCc4ccccc4,0,O[C@H]1c2ccccc2CCC12CCN(CCc1ccccc1)CC2,1
Oc1c(CN2CCCC2)cc(cc1CN1CCCC1)Nc1ncnc2c1cccc2,1,Oc1c(CN2CCCC2)cc(Nc2ncnc3ccccc23)cc1CN1CCCC1,0
Oc1ccc(cc1)c1c[nH]c(n1)[C@@H]1N[C@H](C2CCOCC2)c2c(C1)c1ccccc1[nH]2,0,Oc1ccc(-c2c[nH]c([C@H]3Cc4c([nH]c5ccccc45)[C@@H](C4CCOCC4)N3)n2)cc1,1
Oc1ccc(cc1c1nc(N[C@@H]2CNCC2)c2c(n1)cccc2)c1n[nH]cc1,1,Oc1ccc(-c2cc[nH]n2)cc1-c1nc(N[C@H]2CCNC2)c2ccccc2n1,0
Brc1ccc(c2c1CC(NC2)CN1CCC2(CC1)CCc1c2cccc1)O,0,Oc1ccc(Br)c2c1CNC(CN1CCC3(CCc4ccccc43)CC1)C2,1
Clc1ccc(c2c1CC(NC2)CN1CCC2(CC1)CCc1c2cccc1)O,0,Oc1ccc(Cl)c2c1CNC(CN1CCC3(CCc4ccccc43)CC1)C2,1
Fc1ccc(c(c1)c1nc(N[C@@H]2CNCC2)c2c(n1)cccc2)O,0,Oc1ccc(F)cc1-c1nc(N[C@H]2CCNC2)c2ccccc2n1,1
Oc3ccc(OCCN2CC[C@@](O)(Cc1ccccc1)[C@@H](O)C2)cc3,1,Oc1ccc(OCCN2CC[C@@](O)(Cc3ccccc3)[C@@H](O)C2)cc1,0
Oc3ccc(OCCN2CC[C@](O)(Cc1ccccc1)[C@H](O)C2)cc3,1,Oc1ccc(OCCN2CC[C@](O)(Cc3ccccc3)[C@H](O)C2)cc1,0
Oc1ccc2c(c1)CC(NC2)CN1CCC2(CC1)CCc1c2cccc1,0,Oc1ccc2c(c1)CC(CN1CCC3(CCc4ccccc43)CC1)NC2,1
Oc1ccc2c(c1)[nH]c(n2)Cc1ccc(cc1)Oc1ccccc1,0,Oc1ccc2nc(Cc3ccc(Oc4ccccc4)cc3)[nH]c2c1,1
Oc1cccc2c1CNC(C2)CN1CCC2(CC1)CCc1c2cccc1,0,Oc1cccc2c1CNC(CN1CCC3(CCc4ccccc43)CC1)C2,1
Oc1cccc2c1[nH]c(n2)Cc1ccc(cc1)Oc1ccccc1,0,Oc1cccc2nc(Cc3ccc(Oc4ccccc4)cc3)[nH]c12,1
c1c(O)cncc1-c2ccccc2O[C@H]([C@H]34)C[C@H](C4)CNC3,0,Oc1cncc(-c2ccccc2O[C@H]2C[C@H]3CNC[C@@H]2C3)c1,1
[H]/N=C(N)\c(cc1)cc(c12)cc(cc2)CN(S(=O)(=O)C)c3ccc(cc3)OC4CCN(CC4)/C(=N/[H])C,0,[H]/N=C(/N)c1ccc2ccc(CN(c3ccc(OC4CCN(/C(C)=N/[H])CC4)cc3)S(C)(=O)=O)cc2c1,1
CN(C)C(=N/[H])\c(cc1)ccc1C(=O)Nc(cc2)c(C(=O)Nc(cc3)ncc3Cl)cc2CCC(=O)OC,0,[H]/N=C(/c1ccc(C(=O)Nc2ccc(CCC(=O)OC)cc2C(=O)Nc2ccc(Cl)cn2)cc1)N(C)C,1
C1CCCCN1c2cc(/C(=N/[H])N(C)C)ccc2C(=O)Nc(cc3)c(cc3Cl)C(=O)Nc(cc4)ncc4Cl,0,[H]/N=C(/c1ccc(C(=O)Nc2ccc(Cl)cc2C(=O)Nc2ccc(Cl)cn2)c(N2CCCCC2)c1)N(C)C,1
C1CC[C@@H](C(=O)O)CN1c2cc(/C(=N/[H])N(C)C)ccc2C(=O)Nc(cc3)c(cc3Cl)C(=O)Nc(cc4)ncc4Cl,0,[H]/N=C(/c1ccc(C(=O)Nc2ccc(Cl)cc2C(=O)Nc2ccc(Cl)cn2)c(N2CCC[C@@H](C(=O)O)C2)c1)N(C)C,1
Clc1cnc(cc1)NC(=O)c2c(ccc(Cl)c2)NC(=O)c(cc3)ccc3/C(=N/[H])N4CCCCC4,0,[H]/N=C(/c1ccc(C(=O)Nc2ccc(Cl)cc2C(=O)Nc2ccc(Cl)cn2)cc1)N1CCCCC1,1
CCOC(=O)[C@@H](CCC1)CN1C(=N/[H])\c(cc2)ccc2C(=O)Nc(cc3)c(cc3Cl)C(=O)Nc(cc4)ncc4Cl,0,[H]/N=C(/c1ccc(C(=O)Nc2ccc(Cl)cc2C(=O)Nc2ccc(Cl)cn2)cc1)N1CCC[C@H](C(=O)OCC)C1,1
C1CCCCN1c(cc(cc2)/C(=N/[H])N(C)C)c2C(=O)Nc(cc3)c(cc3OC)C(=O)Nc(nc4)ccc4Cl,0,[H]/N=C(/c1ccc(C(=O)Nc2ccc(OC)cc2C(=O)Nc2ccc(Cl)cn2)c(N2CCCCC2)c1)N(C)C,1
CN(C)C(=N/[H])\c(cc1)ccc1C(=O)Nc(cc2)c(C(=O)Nc(cc3)ncc3Cl)cc2Oc(cc4)ccc4C(=O)OC,0,[H]/N=C(/c1ccc(C(=O)Nc2ccc(Oc3ccc(C(=O)OC)cc3)cc2C(=O)Nc2ccc(Cl)cn2)cc1)N(C)C,1
Clc1cnc(cc1)NC(=O)c2c(cccc2)NC(=O)c(cc3)ccc3/C(=N/[H])N(C)C,0,[H]/N=C(/c1ccc(C(=O)Nc2ccccc2C(=O)Nc2ccc(Cl)cn2)cc1)N(C)C,1
CN(C)C(=N/[H])\c(cc1)ccc1CN(C(=O)C2)[C@@H](C(=O)OCC)CN2S(=O)(=O)c(c3)[nH]c(c34)ccc(Cl)c4,0,[H]/N=C(/c1ccc(CN2C(=O)CN(S(=O)(=O)c3cc4cc(Cl)ccc4[nH]3)C[C@@H]2C(=O)OCC)cc1)N(C)C,1
C1CCCN1C(=N/[H])\c(cc2)ccc2NC(=O)c3cc(C)nn3-c(c4)c(C#N)cc(c45)cccc5,0,[H]/N=C(/c1ccc(NC(=O)c2cc(C)nn2-c2cc3ccccc3cc2C#N)cc1)N1CCCC1,1
c1cccc(S(=O)(=O)N)c1-c(cc2)ccc2NC(=O)/C(F)=C(/C)c3cccc(c3)/C(=N/[H])N,0,[H]/N=C(\N)c1cccc(/C(C)=C(/F)C(=O)Nc2ccc(-c3ccccc3S(N)(=O)=O)cc2)c1,1
C1CC[C@@H](C)N1CCc(cc2)cc(c23)ccc(n3)-c4ccc(s4)/C(=N/[H])OCC,0,[H]/N=C(\OCC)c1ccc(-c2ccc3cc(CCN4CCC[C@H]4C)ccc3n2)s1,1
[H][N@+]([H])([H])C(C(=O)N1CC[C@H](F)C1)[C@@H](C(=O)N2CCCC2)c4ccc(c3ccc(F)cc3)cc4,0,[NH3+]C(C(=O)N1CC[C@H](F)C1)[C@@H](C(=O)N1CCCC1)c1ccc(-c2ccc(F)cc2)cc1,1
[H][N@+]([H])([H])C(C(=O)N1CC[C@H](F)C1)[C@@H](C(=O)O)c3ccc(c2ccc(F)cc2)cc3,1,[NH3+]C(C(=O)N1CC[C@H](F)C1)[C@@H](C(=O)O)c1ccc(-c2ccc(F)cc2)cc1,0
[H][N@+]([H])([H])C(C(=O)N1CC[C@H](F)C1)[C@@H](C(=O)n2cnnn2)c4ccc(c3ccc(F)cc3)cc4,1,[NH3+]C(C(=O)N1CC[C@H](F)C1)[C@@H](C(=O)n1cnnn1)c1ccc(-c2ccc(F)cc2)cc1,0
[H][N+]([H])([H])C(CC(=O)N1CCC[C@H]1C(=O)NCc2ccc(C(F)(F)F)cc2)Cc3ccccc3F,0,[NH3+]C(CC(=O)N1CCC[C@H]1C(=O)NCc1ccc(C(F)(F)F)cc1)Cc1ccccc1F,1
[H][N+]([H])([H])C(CC(=O)N1CCC[C@H]1C(=O)NCc2ccc(CC(=O)O)cc2)Cc3ccc(F)c(F)c3,1,[NH3+]C(CC(=O)N1CCC[C@H]1C(=O)NCc1ccc(CC(=O)O)cc1)Cc1ccc(F)c(F)c1,0
[H][N+]([H])([H])C2CN(c1ccncn1)CCC2c3cc(F)c(F)cc3F,1,[NH3+]C1CN(c2ccncn2)CCC1c1cc(F)c(F)cc1F,0
[H][N+]([H])([H])[C@H]3CC(C(=O)N1CCn2c(C1)nnc2C(F)(F)F)=CC[C@@H]3c4cc(F)c(F)cc4F,1,[NH3+][C@H]1CC(C(=O)N2CCn3c(nnc3C(F)(F)F)C2)=CC[C@@H]1c1cc(F)c(F)cc1F,0
FC(Oc1ccc(cc1OC1CC1)C(c1cnc(s1)C(C(F)(F)F)(C(F)(F)F)O)Cc1cc[n+](cc1)[O-])F,1,[O-][n+]1ccc(CC(c2ccc(OC(F)F)c(OC3CC3)c2)c2cnc(C(O)(C(F)(F)F)C(F)(F)F)s2)cc1,0
FC(Oc1ccc(cc1OC1CCC1)C(c1cnc(s1)C(C(F)(F)F)(C(F)(F)F)O)Cc1cc[n+](cc1)[O-])F,1,[O-][n+]1ccc(CC(c2ccc(OC(F)F)c(OC3CCC3)c2)c2cnc(C(O)(C(F)(F)F)C(F)(F)F)s2)cc1,0
FC(Oc1ccc(cc1OC1CC1)C(c1cnc(s1)C(C(F)(F)F)(C(F)(F)F)O)Cc1ccc[n+](c1)[O-])F,1,[O-][n+]1cccc(CC(c2ccc(OC(F)F)c(OC3CC3)c2)c2cnc(C(O)(C(F)(F)F)C(F)(F)F)s2)c1,0
O1CCCC[C@H]1c2ccc(cc2)OCCCN3CCCCC3,0,c1cc([C@@H]2CCCCO2)ccc1OCCCN1CCCCC1,1
C1CCO[C@H]1c2ccc(cc2)OCCCN3CCCCC3,0,c1cc([C@H]2CCCO2)ccc1OCCCN1CCCCC1,1
[nH]1c2ccccc2c(c1c1ccccc1)C1CC[N+]CC1,0,c1ccc(-c2[nH]c3ccccc3c2C2CC[N+]CC2)cc1,1
c1cccc(c12)[nH]c(-c3ccccc3)c2[C@H]4CCCNC4,0,c1ccc(-c2[nH]c3ccccc3c2[C@H]2CCCNC2)cc1,1
C1CCC(CC1)C1NC(Cc2c1[nH]c1c2cccc1)c1[nH]cc(n1)c1ccccc1,0,c1ccc(-c2c[nH]c(C3Cc4c([nH]c5ccccc45)C(C4CCCCC4)N3)n2)cc1,1
N1CCC(CC1)C1NC(Cc2c1[nH]c1c2cccc1)c1[nH]cc(n1)c1ccccc1,0,c1ccc(-c2c[nH]c(C3Cc4c([nH]c5ccccc45)C(C4CCNCC4)N3)n2)cc1,1
c1ccc(cc1)c1c[nH]c(n1)C1NC(C2CCOC2)c2c(C1)c1ccccc1[nH]2,0,c1ccc(-c2c[nH]c(C3Cc4c([nH]c5ccccc45)C(C4CCOC4)N3)n2)cc1,1
O1CCC(CC1)C1NC(Cc2c1[nH]c1c2cccc1)c1[nH]cc(n1)c1ccccc1,0,c1ccc(-c2c[nH]c(C3Cc4c([nH]c5ccccc45)C(C4CCOCC4)N3)n2)cc1,1
S1CCC(CC1)C1NC(Cc2c1[nH]c1c2cccc1)c1[nH]cc(n1)c1ccccc1,0,c1ccc(-c2c[nH]c(C3Cc4c([nH]c5ccccc45)C(C4CCSCC4)N3)n2)cc1,1
O1CCC(CC1)[C@H]1N[C@H](Cc2c1[nH]c1c2cccc1)c1[nH]cc(n1)c1ccccn1,0,c1ccc(-c2c[nH]c([C@H]3Cc4c([nH]c5ccccc45)[C@@H](C4CCOCC4)N3)n2)nc1,1
c1ccc(cc1)c1cc2c(nc1c1ccc(cc1)CN1CCC(CC1)c1nnc([nH]1)c1ccccn1)ccn1c2nnc1,1,c1ccc(-c2cc3c(ccn4cnnc34)nc2-c2ccc(CN3CCC(c4nnc(-c5ccccn5)[nH]4)CC3)cc2)cc1,0
O1CCC(CC1)[C@H]1N[C@H](Cc2c1[nH]c1c2cccc1)c1[nH]cc(n1)c1ccc(cc1)c1ccccc1,0,c1ccc(-c2ccc(-c3c[nH]c([C@H]4Cc5c([nH]c6ccccc56)[C@@H](C5CCOCC5)N4)n3)cc2)cc1,1
c1ccc(cc1)c1cccc(n1)OC1CC2CCC(C1)N2,0,c1ccc(-c2cccc(OC3CC4CCC(C3)N4)n2)cc1,1
c1ccc(cc1)c1cnc(s1)Nc1nccc(c1)CN1CCCC1,0,c1ccc(-c2cnc(Nc3cc(CN4CCCC4)ccn3)s2)cc1,1
c1ccc(cc1)c1cnc(s1)Nc1ccc(cn1)CN1CCCC1,0,c1ccc(-c2cnc(Nc3ccc(CN4CCCC4)cn3)s2)cc1,1
c1ccc(cc1)n1ncc(c1)c1ccnc2c1cccc2,0,c1ccc(-n2cc(-c3ccnc4ccccc34)cn2)cc1,1
c1ccc(cc1)C1Sc2ccccc2OC1c1ccc(cc1)OCCCN1CCCC1,0,c1ccc(C2Sc3ccccc3OC2c2ccc(OCCCN3CCCC3)cc2)cc1,1
c1ccc(cc1)CCCN1CCC(CC1)CNc1ncccn1,0,c1ccc(CCCN2CCC(CNc3ncccn3)CC2)cc1,1
c1ccc(cc1)CCCN1CCC(CC1)Cc1ccccc1,0,c1ccc(CCCN2CCC(Cc3ccccc3)CC2)cc1,1
c1ccc(cc1)CCN1C2CCC1CC(C2)c1c([nH]c2c1cccc2)c1ccccc1,0,c1ccc(CCN2C3CCC2CC(c2c(-c4ccccc4)[nH]c4ccccc24)C3)cc1,1
c1ccc(cc1)CCN1CCC(CC1)Cc1ccccc1,0,c1ccc(CCN2CCC(Cc3ccccc3)CC2)cc1,1
c1cccc(c12)[nH]c(-c3ccccc3)c2[C@H]4CCCN(C4)CCc5ccccc5,0,c1ccc(CCN2CCC[C@H](c3c(-c4ccccc4)[nH]c4ccccc34)C2)cc1,1
c1cccc(c12)[nH]c(-c3ccccc3)c2[C@@H](C[C@H]45)C[C@H](CC5)N4CCc6ccccc6,0,c1ccc(CCN2[C@@H]3CC[C@H]2C[C@@H](c2c(-c4ccccc4)[nH]c4ccccc24)C3)cc1,1
C1CCC(CN1)N(c1cccc2c1cc[nH]2)Cc1ccccc1,0,c1ccc(CN(c2cccc3[nH]ccc23)C2CCCNC2)cc1,1
c1ccc(cc1)CN(c1cccc2c1cc[nH]2)C1CCNC1,0,c1ccc(CN(c2cccc3[nH]ccc23)C2CCNC2)cc1,1
N1CCC(CC1)N(c1cccc2c1cn[nH]2)Cc1ccccc1,0,c1ccc(CN(c2cccc3[nH]ncc23)C2CCNCC2)cc1,1
N1CCC(CC1)N(c1cccc2c1ccs2)Cc1ccccc1,0,c1ccc(CN(c2cccc3sccc23)C2CCNCC2)cc1,1
c1cccc(c12)[nH]c(-c3ccccc3)c2[C@H]4CCCN(C4)Cc5ccccc5,0,c1ccc(CN2CCC[C@H](c3c(-c4ccccc4)[nH]c4ccccc34)C2)cc1,1
c1ccc(cc1)CN1CCN(CC1)Cc1onc(n1)c1ccccc1,1,c1ccc(CN2CCN(Cc3nc(-c4ccccc4)no3)CC2)cc1,0
N1CCc2c(CC1)cnc(n2)Cc1ccccc1,1,c1ccc(Cc2ncc3c(n2)CCNCC3)cc1,0
c1ccccc1Cn(cc2)c(c23)ncnc3OC4CCN(CC4)Cc(cc5)ncc5,0,c1ccc(Cn2ccc3c(OC4CCN(Cc5ccccn5)CC4)ncnc32)cc1,1
C1CCC(NC1)CN1CCN(C1)c1ccccc1,1,c1ccc(N2CCN(CC3CCCCN3)C2)cc1,0
C(CCN1CCN(CC1)c1ccccc1)CCCN1CCN(CC1)c1ccccn1,1,c1ccc(N2CCN(CCCCCCN3CCN(c4ccccn4)CC3)CC2)cc1,0
c1ccc(nc1)Nc1scc(n1)c1c[nH]nc1,1,c1ccc(Nc2nc(-c3cn[nH]c3)cs2)nc1,0
c1ccc(nc1)Nc1sc2c(n1)c1cn[nH]c1CCC2,1,c1ccc(Nc2nc3c(s2)CCCc2[nH]ncc2-3)nc1,0
c1ccc(nc1)Nc1sc2c(n1)c1cn[nH]c1CC2,1,c1ccc(Nc2nc3c(s2)CCc2[nH]ncc2-3)nc1,0
c1ccc(cc1)Oc1ccc(cc1)Cc1nc2c([nH]1)cccc2,0,c1ccc(Oc2ccc(Cc3nc4ccccc4[nH]3)cc2)cc1,1
c1ccc2c(c1)CC(CO2)CN1CCC2(CC1)CCc1c2cccc1,0,c1ccc2c(c1)CC(CN1CCC3(CCc4ccccc43)CC1)CO2,1
O1CCC(CC1)C1NC(Cc2c1[nH]c1c2cccc1)c1[nH]cc(n1)C1C2CC3CC1CC(C2)C3,0,c1ccc2c3c([nH]c2c1)C(C1CCOCC1)NC(c1nc(C2C4CC5CC(C4)CC2C5)c[nH]1)C3,1
C1CCC(CC1)c1c[nH]c(n1)C1NC(C2CCOCC2)c2c(C1)c1ccccc1[nH]2,0,c1ccc2c3c([nH]c2c1)C(C1CCOCC1)NC(c1nc(C2CCCCC2)c[nH]1)C3,1
O1CCC(CC1)[C@H]1N[C@H](Cc2c1[nH]c1c2cccc1)c1[nH]cc(n1)c1ccncc1,0,c1ccc2c3c([nH]c2c1)[C@@H](C1CCOCC1)N[C@@H](c1nc(-c2ccncc2)c[nH]1)C3,1
O1CCC(CC1)[C@H]1N[C@H](Cc2c1[nH]c1c2cccc1)c1[nH]cc(n1)c1cscc1,0,c1ccc2c3c([nH]c2c1)[C@@H](C1CCOCC1)N[C@@H](c1nc(-c2ccsc2)c[nH]1)C3,1
O1CCC(CC1)[C@H]1N[C@H](Cc2c1[nH]c1c2cccc1)c1[nH]cc(n1)c1csc2c1cccc2,0,c1ccc2c3c([nH]c2c1)[C@@H](C1CCOCC1)N[C@@H](c1nc(-c2csc4ccccc24)c[nH]1)C3,1
O1CCC(CC1)[C@H]1N[C@H](Cc2c1[nH]c1c2cccc1)c1[nH]cc(n1)c1cscn1,0,c1ccc2c3c([nH]c2c1)[C@@H](C1CCOCC1)N[C@@H](c1nc(-c2cscn2)c[nH]1)C3,1
c1cnc(nc1)Nc1sc2c(n1)c1cn[nH]c1CCC2,1,c1cnc(Nc2nc3c(s2)CCCc2[nH]ncc2-3)nc1,0
O1CCC(CC1)[C@H]1N[C@H](Cc2c1[nH]c1c2cccc1)c1[nH]cc(n1)c1cccnc1,0,c1cncc(-c2c[nH]c([C@H]3Cc4c([nH]c5ccccc45)[C@@H](C4CCOCC4)N3)n2)c1,1
c1ccncc1-c2ccccc2O[C@H](C34)CC(C4)CNC3,0,c1cncc(-c2ccccc2O[C@H]2CC3CNCC2C3)c1,1
